# Blender v2.80 (sub 75) OBJ File: ''
# www.blender.org
mtllib dome.mtl
o Sphere
v 0.000000 0.923880 -0.382683
v 0.000000 0.555570 -0.831470
v 0.020393 0.980785 -0.194022
v 0.040001 0.923880 -0.380587
v 0.058073 0.831470 -0.552527
v 0.073913 0.707107 -0.703233
v 0.086912 0.555570 -0.826915
v 0.096572 0.382683 -0.918818
v 0.102520 0.195090 -0.975412
v 0.104529 0.000000 -0.994522
v 0.040562 0.980785 -0.190827
v 0.079564 0.923880 -0.374321
v 0.115510 0.831470 -0.543430
v 0.147016 0.707107 -0.691655
v 0.172872 0.555570 -0.813300
v 0.192085 0.382683 -0.903691
v 0.203917 0.195090 -0.959353
v 0.207912 0.000000 -0.978148
v 0.060286 0.980785 -0.185542
v 0.118256 0.923880 -0.363954
v 0.171681 0.831470 -0.528379
v 0.218508 0.707107 -0.672499
v 0.256938 0.555570 -0.790775
v 0.285495 0.382683 -0.878662
v 0.303079 0.195090 -0.932782
v 0.309017 0.000000 -0.951057
v 0.079351 0.980785 -0.178224
v 0.155652 0.923880 -0.349599
v 0.225971 0.831470 -0.507539
v 0.287606 0.707107 -0.645974
v 0.338189 0.555570 -0.759585
v 0.375776 0.382683 -0.844006
v 0.398921 0.195090 -0.895992
v 0.406737 0.000000 -0.913545
v 0.097545 0.980785 -0.168953
v 0.191342 0.923880 -0.331414
v 0.277785 0.831470 -0.481138
v 0.353554 0.707107 -0.612372
v 0.415735 0.555570 -0.720074
v 0.461940 0.382683 -0.800103
v 0.490393 0.195090 -0.849385
v 0.500000 0.000000 -0.866025
v 0.114671 0.980785 -0.157831
v 0.224936 0.923880 -0.309597
v 0.326556 0.831470 -0.449466
v 0.415627 0.707107 -0.572061
v 0.488726 0.555570 -0.672673
v 0.543043 0.382683 -0.747434
v 0.576491 0.195090 -0.793472
v 0.587785 0.000000 -0.809017
v 0.130541 0.980785 -0.144980
v 0.256065 0.923880 -0.284389
v 0.371749 0.831470 -0.412869
v 0.473147 0.707107 -0.525483
v 0.556362 0.555570 -0.617902
v 0.618196 0.382683 -0.686576
v 0.656274 0.195090 -0.728866
v 0.669131 0.000000 -0.743145
v 0.144981 0.980785 -0.130541
v 0.284390 0.923880 -0.256065
v 0.412869 0.831470 -0.371749
v 0.525483 0.707107 -0.473147
v 0.617903 0.555570 -0.556362
v 0.686577 0.382683 -0.618196
v 0.728866 0.195090 -0.656274
v 0.743145 0.000000 -0.669131
v 0.157832 0.980785 -0.114671
v 0.309598 0.923880 -0.224936
v 0.449466 0.831470 -0.326556
v 0.572062 0.707107 -0.415627
v 0.672673 0.555570 -0.488725
v 0.747435 0.382683 -0.543043
v 0.793472 0.195090 -0.576491
v 0.809017 0.000000 -0.587785
v 0.168953 0.980785 -0.097545
v 0.331414 0.923880 -0.191342
v 0.481138 0.831470 -0.277785
v 0.612373 0.707107 -0.353553
v 0.720074 0.555570 -0.415735
v 0.800104 0.382683 -0.461940
v 0.849386 0.195090 -0.490393
v 0.866026 0.000000 -0.500000
v 0.178224 0.980785 -0.079350
v 0.349599 0.923880 -0.155651
v 0.507539 0.831470 -0.225971
v 0.645975 0.707107 -0.287606
v 0.759586 0.555570 -0.338189
v 0.844007 0.382683 -0.375776
v 0.895993 0.195090 -0.398921
v 0.913546 0.000000 -0.406737
v 0.185542 0.980785 -0.060286
v 0.363954 0.923880 -0.118256
v 0.528379 0.831470 -0.171681
v 0.672499 0.707107 -0.218508
v 0.790775 0.555570 -0.256938
v 0.878662 0.382683 -0.285494
v 0.932783 0.195090 -0.303079
v 0.951057 0.000000 -0.309017
v 0.190827 0.980785 -0.040561
v 0.374321 0.923880 -0.079564
v 0.543430 0.831470 -0.115509
v 0.691655 0.707107 -0.147016
v 0.813301 0.555570 -0.172872
v 0.903691 0.382683 -0.192085
v 0.959354 0.195090 -0.203917
v 0.978148 0.000000 -0.207912
v 0.194022 0.980785 -0.020392
v 0.380588 0.923880 -0.040001
v 0.552527 0.831470 -0.058073
v 0.703234 0.707107 -0.073912
v 0.826915 0.555570 -0.086912
v 0.918819 0.382683 -0.096571
v 0.975413 0.195090 -0.102520
v 0.994523 0.000000 -0.104528
v 0.195091 0.980785 0.000000
v 0.382684 0.923880 0.000000
v 0.555571 0.831470 0.000000
v 0.707108 0.707107 0.000000
v 0.831470 0.555570 0.000000
v 0.923880 0.382683 0.000000
v 0.980786 0.195090 0.000000
v 1.000001 0.000000 0.000000
v 0.194022 0.980785 0.020393
v 0.380588 0.923880 0.040002
v 0.552527 0.831470 0.058073
v 0.703234 0.707107 0.073913
v 0.826915 0.555570 0.086913
v 0.918819 0.382683 0.096572
v 0.975413 0.195090 0.102520
v 0.994523 0.000000 0.104529
v 0.190827 0.980785 0.040562
v 0.374321 0.923880 0.079565
v 0.543430 0.831470 0.115510
v 0.691656 0.707107 0.147016
v 0.813301 0.555570 0.172873
v 0.903691 0.382683 0.192086
v 0.959354 0.195090 0.203917
v 0.978148 0.000000 0.207912
v 0.185542 0.980785 0.060287
v 0.363954 0.923880 0.118256
v 0.528379 0.831470 0.171681
v 0.672499 0.707107 0.218509
v 0.790775 0.555570 0.256939
v 0.878662 0.382683 0.285495
v 0.932783 0.195090 0.303080
v 0.951057 0.000000 0.309018
v 0.178224 0.980785 0.079351
v 0.349599 0.923880 0.155652
v 0.507539 0.831470 0.225971
v 0.645975 0.707107 0.287607
v 0.759586 0.555570 0.338190
v 0.844007 0.382683 0.375776
v 0.895993 0.195090 0.398922
v 0.913546 0.000000 0.406737
v 0.168953 0.980785 0.097546
v 0.331414 0.923880 0.191342
v 0.481139 0.831470 0.277786
v 0.612373 0.707107 0.353554
v 0.720075 0.555570 0.415736
v 0.800104 0.382683 0.461941
v 0.849386 0.195090 0.490394
v 0.866026 0.000000 0.500001
v 0.157832 0.980785 0.114672
v 0.309598 0.923880 0.224936
v 0.449466 0.831470 0.326557
v 0.572062 0.707107 0.415628
v 0.672674 0.555570 0.488726
v 0.747435 0.382683 0.543044
v 0.793473 0.195090 0.576492
v 0.809018 0.000000 0.587786
v 0.144981 0.980785 0.130541
v 0.284390 0.923880 0.256066
v 0.412870 0.831470 0.371750
v 0.525484 0.707107 0.473148
v 0.617903 0.555570 0.556363
v 0.686577 0.382683 0.618197
v 0.728867 0.195090 0.656275
v 0.743146 0.000000 0.669132
v 0.130541 0.980785 0.144981
v 0.256066 0.923880 0.284390
v 0.371750 0.831470 0.412870
v 0.473148 0.707107 0.525484
v 0.556362 0.555570 0.617903
v 0.618197 0.382683 0.686577
v 0.656274 0.195090 0.728867
v 0.669131 0.000000 0.743146
v 0.114671 0.980785 0.157832
v 0.224936 0.923880 0.309598
v 0.326557 0.831470 0.449467
v 0.415628 0.707107 0.572063
v 0.488726 0.555570 0.672674
v 0.543043 0.382683 0.747435
v 0.576492 0.195090 0.793473
v 0.587786 0.000000 0.809018
v 0.097545 0.980785 0.168954
v 0.191342 0.923880 0.331414
v 0.277786 0.831470 0.481139
v 0.353554 0.707107 0.612374
v 0.415735 0.555570 0.720075
v 0.461940 0.382683 0.800104
v 0.490393 0.195090 0.849386
v 0.500001 0.000000 0.866027
v 0.079351 0.980785 0.178225
v 0.155652 0.923880 0.349600
v 0.225971 0.831470 0.507540
v 0.287607 0.707107 0.645975
v 0.338190 0.555570 0.759587
v 0.375776 0.382683 0.844007
v 0.398922 0.195090 0.895993
v 0.406737 0.000000 0.913547
v 0.060286 0.980785 0.185543
v 0.118256 0.923880 0.363954
v 0.171681 0.831470 0.528380
v 0.218508 0.707107 0.672500
v 0.256939 0.555570 0.790776
v 0.285495 0.382683 0.878663
v 0.303080 0.195090 0.932784
v 0.309017 0.000000 0.951058
v 0.040562 0.980785 0.190828
v 0.079564 0.923880 0.374322
v 0.115510 0.831470 0.543431
v 0.147016 0.707107 0.691656
v 0.172872 0.555570 0.813301
v 0.192086 0.382683 0.903692
v 0.203917 0.195090 0.959354
v 0.207912 0.000000 0.978149
v 0.020393 0.980785 0.194022
v 0.040001 0.923880 0.380588
v 0.058073 0.831470 0.552528
v 0.073913 0.707107 0.703235
v 0.086912 0.555570 0.826916
v 0.096572 0.382683 0.918820
v 0.102520 0.195090 0.975414
v 0.104529 0.000000 0.994523
v 0.000000 0.980785 0.195091
v 0.000000 0.923880 0.382684
v 0.000000 0.831470 0.555571
v 0.000000 0.707107 0.707108
v -0.000000 0.555570 0.831471
v 0.000000 0.382683 0.923881
v 0.000000 0.195090 0.980787
v 0.000000 0.000000 1.000001
v -0.020392 0.980785 0.194022
v -0.040001 0.923880 0.380588
v -0.058073 0.831470 0.552528
v -0.073913 0.707107 0.703235
v -0.086912 0.555570 0.826916
v -0.096572 0.382683 0.918820
v -0.102520 0.195090 0.975414
v -0.104528 0.000000 0.994523
v -0.040562 0.980785 0.190828
v -0.079564 0.923880 0.374322
v -0.115510 0.831470 0.543431
v -0.147016 0.707107 0.691656
v -0.172873 0.555570 0.813302
v -0.192085 0.382683 0.903692
v -0.203917 0.195090 0.959355
v -0.207912 0.000000 0.978149
v -0.060286 0.980785 0.185543
v -0.118256 0.923880 0.363954
v -0.171681 0.831470 0.528380
v -0.218508 0.707107 0.672500
v -0.256939 0.555570 0.790776
v -0.285495 0.382683 0.878663
v -0.303080 0.195090 0.932784
v -0.309017 0.000000 0.951058
v -0.079350 0.980785 0.178225
v -0.155652 0.923880 0.349600
v -0.225971 0.831470 0.507540
v -0.287607 0.707107 0.645976
v -0.338190 0.555570 0.759587
v -0.375776 0.382683 0.844007
v -0.398922 0.195090 0.895994
v -0.406737 0.000000 0.913547
v -0.097545 0.980785 0.168954
v -0.191342 0.923880 0.331414
v -0.277786 0.831470 0.481139
v -0.353554 0.707107 0.612374
v -0.415735 0.555570 0.720075
v -0.461940 0.382683 0.800105
v -0.490393 0.195090 0.849387
v -0.500000 0.000000 0.866027
v -0.114671 0.980785 0.157832
v -0.224936 0.923880 0.309598
v -0.326557 0.831470 0.449467
v -0.415628 0.707107 0.572063
v -0.488726 0.555570 0.672674
v -0.543043 0.382683 0.747436
v -0.576492 0.195090 0.793474
v -0.587786 0.000000 0.809018
v -0.130541 0.980785 0.144981
v -0.256066 0.923880 0.284390
v -0.371750 0.831470 0.412870
v -0.473148 0.707107 0.525484
v -0.556363 0.555570 0.617904
v -0.618197 0.382683 0.686578
v -0.656274 0.195090 0.728867
v -0.669131 0.000000 0.743146
v -0.144981 0.980785 0.130542
v -0.284390 0.923880 0.256066
v -0.412870 0.831470 0.371750
v -0.525484 0.707107 0.473148
v -0.617903 0.555570 0.556363
v -0.686577 0.382683 0.618197
v -0.728867 0.195090 0.656275
v -0.743146 0.000000 0.669132
v -0.000000 1.000000 0.000001
v -0.157832 0.980785 0.114672
v -0.309598 0.923880 0.224936
v -0.449467 0.831470 0.326557
v -0.572062 0.707107 0.415628
v -0.672674 0.555570 0.488727
v -0.747435 0.382683 0.543044
v -0.793473 0.195090 0.576493
v -0.809018 0.000000 0.587786
v -0.168953 0.980785 0.097546
v -0.331414 0.923880 0.191342
v -0.481139 0.831470 0.277786
v -0.612373 0.707107 0.353554
v -0.720075 0.555570 0.415736
v -0.800104 0.382683 0.461941
v -0.849386 0.195090 0.490394
v -0.866026 0.000000 0.500001
v -0.178224 0.980785 0.079351
v -0.349599 0.923880 0.155652
v -0.507540 0.831470 0.225972
v -0.645975 0.707107 0.287607
v -0.759586 0.555570 0.338190
v -0.844007 0.382683 0.375777
v -0.895993 0.195090 0.398923
v -0.913546 0.000000 0.406738
v -0.185542 0.980785 0.060287
v -0.363954 0.923880 0.118256
v -0.528380 0.831470 0.171681
v -0.672500 0.707107 0.218509
v -0.790776 0.555570 0.256939
v -0.878663 0.382683 0.285495
v -0.932784 0.195090 0.303080
v -0.951058 0.000000 0.309018
v -0.190828 0.980785 0.040562
v -0.374322 0.923880 0.079565
v -0.543431 0.831470 0.115510
v -0.691656 0.707107 0.147016
v -0.813301 0.555570 0.172873
v -0.903692 0.382683 0.192086
v -0.959354 0.195090 0.203918
v -0.978149 0.000000 0.207913
v -0.194022 0.980785 0.020393
v -0.380588 0.923880 0.040002
v -0.552528 0.831470 0.058073
v -0.703234 0.707107 0.073913
v -0.826916 0.555570 0.086913
v -0.918819 0.382683 0.096572
v -0.975414 0.195090 0.102521
v -0.994523 0.000000 0.104529
v -0.195091 0.980785 0.000000
v -0.382684 0.923880 0.000000
v -0.555571 0.831470 0.000000
v -0.707108 0.707107 0.000000
v -0.831471 0.555570 0.000000
v -0.923881 0.382683 0.000001
v -0.980787 0.195090 0.000001
v -1.000001 0.000000 0.000001
v -0.194022 0.980785 -0.020392
v -0.380588 0.923880 -0.040001
v -0.552528 0.831470 -0.058073
v -0.703234 0.707107 -0.073912
v -0.826916 0.555570 -0.086912
v -0.918819 0.382683 -0.096571
v -0.975414 0.195090 -0.102520
v -0.994523 0.000000 -0.104528
v -0.190828 0.980785 -0.040561
v -0.374322 0.923880 -0.079564
v -0.543431 0.831470 -0.115509
v -0.691656 0.707107 -0.147016
v -0.813301 0.555570 -0.172872
v -0.903692 0.382683 -0.192085
v -0.959354 0.195090 -0.203916
v -0.978149 0.000000 -0.207911
v -0.185542 0.980785 -0.060286
v -0.363954 0.923880 -0.118256
v -0.528380 0.831470 -0.171681
v -0.672500 0.707107 -0.218508
v -0.790776 0.555570 -0.256938
v -0.878663 0.382683 -0.285494
v -0.932784 0.195090 -0.303079
v -0.951058 0.000000 -0.309017
v -0.178224 0.980785 -0.079350
v -0.349599 0.923880 -0.155651
v -0.507540 0.831470 -0.225971
v -0.645975 0.707107 -0.287606
v -0.759587 0.555570 -0.338189
v -0.844007 0.382683 -0.375776
v -0.895994 0.195090 -0.398921
v -0.913547 0.000000 -0.406737
v -0.168954 0.980785 -0.097545
v -0.331414 0.923880 -0.191342
v -0.481139 0.831470 -0.277785
v -0.612374 0.707107 -0.353554
v -0.720075 0.555570 -0.415735
v -0.800104 0.382683 -0.461940
v -0.849387 0.195090 -0.490393
v -0.866027 0.000000 -0.500000
v -0.157832 0.980785 -0.114671
v -0.309598 0.923880 -0.224936
v -0.449467 0.831470 -0.326556
v -0.572062 0.707107 -0.415627
v -0.672674 0.555570 -0.488726
v -0.747435 0.382683 -0.543043
v -0.793473 0.195090 -0.576492
v -0.809018 0.000000 -0.587785
v -0.144981 0.980785 -0.130541
v -0.284390 0.923880 -0.256065
v -0.412870 0.831470 -0.371749
v -0.525484 0.707107 -0.473147
v -0.617903 0.555570 -0.556362
v -0.686577 0.382683 -0.618196
v -0.728867 0.195090 -0.656274
v -0.743146 0.000000 -0.669131
v -0.130541 0.980785 -0.144980
v -0.256066 0.923880 -0.284390
v -0.371750 0.831470 -0.412870
v -0.473148 0.707107 -0.525483
v -0.556363 0.555570 -0.617903
v -0.618197 0.382683 -0.686577
v -0.656275 0.195090 -0.728866
v -0.669132 0.000000 -0.743145
v -0.114672 0.980785 -0.157831
v -0.224936 0.923880 -0.309598
v -0.326557 0.831470 -0.449466
v -0.415628 0.707107 -0.572062
v -0.488726 0.555570 -0.672674
v -0.543043 0.382683 -0.747435
v -0.576492 0.195090 -0.793473
v -0.587786 0.000000 -0.809018
v -0.097545 0.980785 -0.168953
v -0.191342 0.923880 -0.331414
v -0.277786 0.831470 -0.481139
v -0.353554 0.707107 -0.612373
v -0.415735 0.555570 -0.720075
v -0.461940 0.382683 -0.800104
v -0.490394 0.195090 -0.849386
v -0.500001 0.000000 -0.866026
v -0.079351 0.980785 -0.178224
v -0.155652 0.923880 -0.349599
v -0.225971 0.831470 -0.507539
v -0.287607 0.707107 -0.645975
v -0.338190 0.555570 -0.759586
v -0.375776 0.382683 -0.844007
v -0.398922 0.195090 -0.895993
v -0.406737 0.000000 -0.913546
v -0.060286 0.980785 -0.185542
v -0.118256 0.923880 -0.363954
v -0.171681 0.831470 -0.528379
v -0.218509 0.707107 -0.672499
v -0.256939 0.555570 -0.790776
v -0.285495 0.382683 -0.878662
v -0.303080 0.195090 -0.932784
v -0.309018 0.000000 -0.951057
v -0.040562 0.980785 -0.190827
v -0.079564 0.923880 -0.374321
v -0.115510 0.831470 -0.543431
v -0.147016 0.707107 -0.691656
v -0.172873 0.555570 -0.813301
v -0.192086 0.382683 -0.903691
v -0.203917 0.195090 -0.959354
v -0.207912 0.000000 -0.978149
v -0.020393 0.980785 -0.194022
v -0.040001 0.923880 -0.380588
v -0.058073 0.831470 -0.552528
v -0.073913 0.707107 -0.703234
v -0.086912 0.555570 -0.826916
v -0.096572 0.382683 -0.918819
v -0.102520 0.195090 -0.975414
v -0.104529 0.000000 -0.994523
v -0.000000 0.980785 -0.195091
v -0.000000 0.831470 -0.555571
v -0.000000 0.707107 -0.707108
v -0.000000 0.382683 -0.923880
v -0.000000 0.195090 -0.980787
v -0.000000 0.000000 -1.000001
v 0.000000 0.914653 -0.378829
v 0.000000 0.550030 -0.823145
v 0.020186 0.970984 -0.192050
v 0.039599 0.914653 -0.376754
v 0.057490 0.823170 -0.546979
v 0.073172 0.700052 -0.696185
v 0.086042 0.550030 -0.818636
v 0.095606 0.378868 -0.909626
v 0.101495 0.193146 -0.965657
v 0.103488 -0.000980 -0.984625
v 0.040150 0.970984 -0.188888
v 0.078763 0.914653 -0.370551
v 0.114350 0.823170 -0.537974
v 0.145542 0.700052 -0.684723
v 0.171142 0.550030 -0.805157
v 0.190164 0.378868 -0.894649
v 0.201878 0.193146 -0.949758
v 0.205843 -0.000980 -0.968413
v 0.059674 0.970984 -0.183657
v 0.117065 0.914653 -0.360288
v 0.169957 0.823170 -0.523074
v 0.216318 0.700052 -0.665758
v 0.254366 0.550030 -0.782858
v 0.282638 0.378868 -0.869871
v 0.300048 0.193146 -0.923453
v 0.305942 -0.000980 -0.941592
v 0.078545 0.970984 -0.176413
v 0.154084 0.914653 -0.346078
v 0.223702 0.823170 -0.502443
v 0.284724 0.700052 -0.639500
v 0.334804 0.550030 -0.751980
v 0.372016 0.378868 -0.835562
v 0.394932 0.193146 -0.887031
v 0.402689 -0.000980 -0.904454
v 0.096554 0.970984 -0.167236
v 0.189415 0.914653 -0.328075
v 0.274996 0.823170 -0.476307
v 0.350010 0.700052 -0.606235
v 0.411573 0.550030 -0.712864
v 0.457318 0.378868 -0.792098
v 0.485489 0.193146 -0.840890
v 0.495024 -0.000980 -0.857407
v 0.113507 0.970984 -0.156228
v 0.222670 0.914653 -0.306479
v 0.323278 0.823170 -0.444953
v 0.411461 0.700052 -0.566328
v 0.483833 0.550030 -0.665938
v 0.537610 0.378868 -0.739956
v 0.570726 0.193146 -0.785537
v 0.581936 -0.000980 -0.800966
v 0.129215 0.970984 -0.143507
v 0.253486 0.914653 -0.281525
v 0.368017 0.823170 -0.408724
v 0.468405 0.700052 -0.520216
v 0.550792 0.550030 -0.611716
v 0.612012 0.378868 -0.679707
v 0.649710 0.193146 -0.721576
v 0.662472 -0.000980 -0.735749
v 0.143507 0.970984 -0.129214
v 0.281525 0.914653 -0.253486
v 0.408724 0.823170 -0.368017
v 0.520216 0.700052 -0.468405
v 0.611716 0.550030 -0.550792
v 0.679708 0.378868 -0.612011
v 0.721577 0.193146 -0.649710
v 0.735750 -0.000980 -0.662472
v 0.156228 0.970984 -0.113506
v 0.306479 0.914653 -0.222670
v 0.444953 0.823170 -0.323277
v 0.566328 0.700052 -0.411461
v 0.665939 0.550030 -0.483832
v 0.739957 0.378868 -0.537610
v 0.785537 0.193146 -0.570726
v 0.800966 -0.000980 -0.581936
v 0.167237 0.970984 -0.096554
v 0.328076 0.914653 -0.189414
v 0.476308 0.823170 -0.274996
v 0.606235 0.700052 -0.350010
v 0.712865 0.550030 -0.411573
v 0.792099 0.378868 -0.457318
v 0.840891 0.193146 -0.485488
v 0.857408 -0.000980 -0.495024
v 0.176414 0.970984 -0.078544
v 0.346078 0.914653 -0.154084
v 0.502443 0.823170 -0.223702
v 0.639500 0.700052 -0.284724
v 0.751981 0.550030 -0.334803
v 0.835562 0.378868 -0.372016
v 0.887032 0.193146 -0.394932
v 0.904455 -0.000980 -0.402689
v 0.183657 0.970984 -0.059674
v 0.360288 0.914653 -0.117064
v 0.523074 0.823170 -0.169957
v 0.665759 0.700052 -0.216318
v 0.782858 0.550030 -0.254366
v 0.869871 0.378868 -0.282638
v 0.923454 0.193146 -0.300048
v 0.941593 -0.000980 -0.305942
v 0.188889 0.970984 -0.040149
v 0.370551 0.914653 -0.078763
v 0.537974 0.823170 -0.114350
v 0.684723 0.700052 -0.145542
v 0.805158 0.550030 -0.171141
v 0.894650 0.378868 -0.190163
v 0.949759 0.193146 -0.201877
v 0.968414 -0.000980 -0.205843
v 0.192051 0.970984 -0.020185
v 0.376754 0.914653 -0.039598
v 0.546980 0.823170 -0.057490
v 0.696186 0.700052 -0.073172
v 0.818636 0.550030 -0.086042
v 0.909626 0.378868 -0.095605
v 0.965658 0.193146 -0.101495
v 0.984626 -0.000980 -0.103488
v 0.193108 0.970984 0.000000
v 0.378829 0.914653 0.000000
v 0.549993 0.823170 0.000000
v 0.700020 0.700052 0.000000
v 0.823146 0.550030 0.000000
v 0.914637 0.378868 0.000000
v 0.970977 0.193146 0.000000
v 0.990049 -0.000980 0.000000
v 0.192051 0.970984 0.020186
v 0.376754 0.914653 0.039599
v 0.546980 0.823170 0.057490
v 0.696186 0.700052 0.073173
v 0.818636 0.550030 0.086043
v 0.909626 0.378868 0.095606
v 0.965658 0.193146 0.101495
v 0.984625 -0.000980 0.103489
v 0.188889 0.970984 0.040150
v 0.370551 0.914653 0.078763
v 0.537974 0.823170 0.114350
v 0.684723 0.700052 0.145543
v 0.805158 0.550030 0.171142
v 0.894650 0.378868 0.190164
v 0.949759 0.193146 0.201878
v 0.968414 -0.000980 0.205843
v 0.183657 0.970984 0.059674
v 0.360288 0.914653 0.117065
v 0.523074 0.823170 0.169957
v 0.665759 0.700052 0.216319
v 0.782858 0.550030 0.254366
v 0.869872 0.378868 0.282639
v 0.923454 0.193146 0.300049
v 0.941593 -0.000980 0.305943
v 0.176414 0.970984 0.078545
v 0.346078 0.914653 0.154084
v 0.502444 0.823170 0.223703
v 0.639501 0.700052 0.284724
v 0.751981 0.550030 0.334804
v 0.835563 0.378868 0.372017
v 0.887032 0.193146 0.394932
v 0.904455 -0.000980 0.402690
v 0.167237 0.970984 0.096555
v 0.328076 0.914653 0.189415
v 0.476308 0.823170 0.274997
v 0.606236 0.700052 0.350011
v 0.712865 0.550030 0.411573
v 0.792099 0.378868 0.457319
v 0.840891 0.193146 0.485489
v 0.857408 -0.000980 0.495025
v 0.156228 0.970984 0.113507
v 0.306479 0.914653 0.222671
v 0.444954 0.823170 0.323278
v 0.566329 0.700052 0.411462
v 0.665939 0.550030 0.483833
v 0.739957 0.378868 0.537610
v 0.785538 0.193146 0.570727
v 0.800967 -0.000980 0.581937
v 0.143508 0.970984 0.129215
v 0.281525 0.914653 0.253487
v 0.408724 0.823170 0.368017
v 0.520217 0.700052 0.468406
v 0.611717 0.550030 0.550793
v 0.679708 0.378868 0.612012
v 0.721577 0.193146 0.649711
v 0.735750 -0.000980 0.662473
v 0.129215 0.970984 0.143508
v 0.253486 0.914653 0.281525
v 0.368017 0.823170 0.408725
v 0.468405 0.700052 0.520217
v 0.550792 0.550030 0.611717
v 0.612012 0.378868 0.679708
v 0.649711 0.193146 0.721577
v 0.662472 -0.000980 0.735750
v 0.113507 0.970984 0.156229
v 0.222670 0.914653 0.306480
v 0.323278 0.823170 0.444954
v 0.411462 0.700052 0.566329
v 0.483833 0.550030 0.665939
v 0.537610 0.378868 0.739957
v 0.570726 0.193146 0.785538
v 0.581936 -0.000980 0.800967
v 0.096554 0.970984 0.167237
v 0.189415 0.914653 0.328076
v 0.274996 0.823170 0.476308
v 0.350010 0.700052 0.606236
v 0.411573 0.550030 0.712866
v 0.457319 0.378868 0.792099
v 0.485489 0.193146 0.840892
v 0.495025 -0.000980 0.857408
v 0.078545 0.970984 0.176414
v 0.154084 0.914653 0.346078
v 0.223702 0.823170 0.502444
v 0.284724 0.700052 0.639501
v 0.334804 0.550030 0.751982
v 0.372017 0.378868 0.835563
v 0.394932 0.193146 0.887033
v 0.402690 -0.000980 0.904455
v 0.059674 0.970984 0.183657
v 0.117065 0.914653 0.360289
v 0.169957 0.823170 0.523075
v 0.216318 0.700052 0.665760
v 0.254366 0.550030 0.782859
v 0.282639 0.378868 0.869872
v 0.300049 0.193146 0.923455
v 0.305942 -0.000980 0.941593
v 0.040150 0.970984 0.188889
v 0.078763 0.914653 0.370551
v 0.114350 0.823170 0.537975
v 0.145543 0.700052 0.684724
v 0.171142 0.550030 0.805159
v 0.190164 0.378868 0.894650
v 0.201878 0.193146 0.949760
v 0.205843 -0.000980 0.968415
v 0.020186 0.970984 0.192051
v 0.039599 0.914653 0.376754
v 0.057490 0.823170 0.546981
v 0.073172 0.700052 0.696186
v 0.086042 0.550030 0.818637
v 0.095606 0.378868 0.909627
v 0.101495 0.193146 0.965659
v 0.103489 -0.000980 0.984626
v 0.000000 0.970984 0.193109
v 0.000000 0.914653 0.378830
v 0.000000 0.823170 0.549993
v 0.000000 0.700052 0.700021
v -0.000000 0.550030 0.823147
v 0.000000 0.378868 0.914638
v 0.000000 0.193146 0.970978
v 0.000000 -0.000980 0.990050
v -0.020186 0.970984 0.192051
v -0.039599 0.914653 0.376755
v -0.057490 0.823170 0.546981
v -0.073172 0.700052 0.696186
v -0.086042 0.550030 0.818637
v -0.095606 0.378868 0.909627
v -0.101495 0.193146 0.965659
v -0.103488 -0.000980 0.984626
v -0.040150 0.970984 0.188889
v -0.078763 0.914653 0.370552
v -0.114350 0.823170 0.537975
v -0.145543 0.700052 0.684724
v -0.171142 0.550030 0.805159
v -0.190164 0.378868 0.894651
v -0.201878 0.193146 0.949760
v -0.205843 -0.000980 0.968415
v -0.059674 0.970984 0.183657
v -0.117065 0.914653 0.360289
v -0.169957 0.823170 0.523075
v -0.216318 0.700052 0.665760
v -0.254366 0.550030 0.782859
v -0.282638 0.378868 0.869872
v -0.300049 0.193146 0.923455
v -0.305942 -0.000980 0.941593
v -0.078544 0.970984 0.176414
v -0.154084 0.914653 0.346078
v -0.223702 0.823170 0.502444
v -0.284724 0.700052 0.639501
v -0.334804 0.550030 0.751982
v -0.372016 0.378868 0.835563
v -0.394932 0.193146 0.887033
v -0.402689 -0.000980 0.904455
v -0.096554 0.970984 0.167237
v -0.189415 0.914653 0.328076
v -0.274996 0.823170 0.476308
v -0.350010 0.700052 0.606236
v -0.411573 0.550030 0.712866
v -0.457319 0.378868 0.792100
v -0.485489 0.193146 0.840892
v -0.495025 -0.000980 0.857408
v -0.113506 0.970984 0.156229
v -0.222670 0.914653 0.306480
v -0.323278 0.823170 0.444954
v -0.411462 0.700052 0.566329
v -0.483833 0.550030 0.665940
v -0.537610 0.378868 0.739958
v -0.570726 0.193146 0.785538
v -0.581936 -0.000980 0.800967
v -0.129215 0.970984 0.143508
v -0.253487 0.914653 0.281526
v -0.368017 0.823170 0.408725
v -0.468405 0.700052 0.520217
v -0.550792 0.550030 0.611717
v -0.612012 0.378868 0.679709
v -0.649711 0.193146 0.721578
v -0.662472 -0.000980 0.735751
v -0.143508 0.970984 0.129215
v -0.281525 0.914653 0.253487
v -0.408725 0.823170 0.368018
v -0.520217 0.700052 0.468406
v -0.611717 0.550030 0.550793
v -0.679708 0.378868 0.612012
v -0.721577 0.193146 0.649712
v -0.735750 -0.000980 0.662473
v -0.000000 0.990000 0.000001
v -0.156228 0.970984 0.113507
v -0.306480 0.914653 0.222671
v -0.444954 0.823170 0.323278
v -0.566329 0.700052 0.411462
v -0.665939 0.550030 0.483834
v -0.739957 0.378868 0.537611
v -0.785538 0.193146 0.570727
v -0.800967 -0.000980 0.581937
v -0.167237 0.970984 0.096555
v -0.328076 0.914653 0.189415
v -0.476308 0.823170 0.274997
v -0.606236 0.700052 0.350011
v -0.712866 0.550030 0.411574
v -0.792099 0.378868 0.457319
v -0.840891 0.193146 0.485490
v -0.857408 -0.000980 0.495025
v -0.176414 0.970984 0.078545
v -0.346078 0.914653 0.154084
v -0.502444 0.823170 0.223703
v -0.639501 0.700052 0.284725
v -0.751981 0.550030 0.334804
v -0.835563 0.378868 0.372017
v -0.887032 0.193146 0.394933
v -0.904455 -0.000980 0.402690
v -0.183657 0.970984 0.059674
v -0.360288 0.914653 0.117065
v -0.523075 0.823170 0.169958
v -0.665759 0.700052 0.216319
v -0.782859 0.550030 0.254367
v -0.869872 0.378868 0.282639
v -0.923455 0.193146 0.300049
v -0.941593 -0.000980 0.305943
v -0.188889 0.970984 0.040150
v -0.370551 0.914653 0.078763
v -0.537975 0.823170 0.114350
v -0.684724 0.700052 0.145543
v -0.805159 0.550030 0.171142
v -0.894650 0.378868 0.190164
v -0.949760 0.193146 0.201878
v -0.968415 -0.000980 0.205844
v -0.192051 0.970984 0.020186
v -0.376754 0.914653 0.039599
v -0.546980 0.823170 0.057490
v -0.696186 0.700052 0.073173
v -0.818637 0.550030 0.086043
v -0.909627 0.378868 0.095606
v -0.965659 0.193146 0.101496
v -0.984626 -0.000980 0.103489
v -0.193109 0.970984 0.000000
v -0.378830 0.914653 0.000000
v -0.549993 0.823170 0.000000
v -0.700021 0.700052 0.000000
v -0.823146 0.550030 0.000000
v -0.914637 0.378868 0.000001
v -0.970978 0.193146 0.000001
v -0.990049 -0.000980 0.000001
v -0.192051 0.970984 -0.020185
v -0.376754 0.914653 -0.039598
v -0.546980 0.823170 -0.057490
v -0.696186 0.700052 -0.073172
v -0.818637 0.550030 -0.086042
v -0.909627 0.378868 -0.095605
v -0.965659 0.193146 -0.101494
v -0.984626 -0.000980 -0.103488
v -0.188889 0.970984 -0.040149
v -0.370551 0.914653 -0.078763
v -0.537975 0.823170 -0.114350
v -0.684724 0.700052 -0.145542
v -0.805159 0.550030 -0.171141
v -0.894650 0.378868 -0.190163
v -0.949760 0.193146 -0.201877
v -0.968415 -0.000980 -0.205843
v -0.183657 0.970984 -0.059673
v -0.360288 0.914653 -0.117065
v -0.523075 0.823170 -0.169957
v -0.665759 0.700052 -0.216318
v -0.782859 0.550030 -0.254366
v -0.869872 0.378868 -0.282638
v -0.923455 0.193146 -0.300048
v -0.941593 -0.000980 -0.305942
v -0.176414 0.970984 -0.078544
v -0.346078 0.914653 -0.154084
v -0.502444 0.823170 -0.223702
v -0.639501 0.700052 -0.284724
v -0.751982 0.550030 -0.334804
v -0.835563 0.378868 -0.372016
v -0.887033 0.193146 -0.394932
v -0.904455 -0.000980 -0.402689
v -0.167237 0.970984 -0.096554
v -0.328076 0.914653 -0.189415
v -0.476308 0.823170 -0.274996
v -0.606236 0.700052 -0.350010
v -0.712866 0.550030 -0.411573
v -0.792099 0.378868 -0.457318
v -0.840892 0.193146 -0.485489
v -0.857408 -0.000980 -0.495024
v -0.156228 0.970984 -0.113506
v -0.306480 0.914653 -0.222670
v -0.444954 0.823170 -0.323278
v -0.566329 0.700052 -0.411461
v -0.665939 0.550030 -0.483833
v -0.739957 0.378868 -0.537610
v -0.785538 0.193146 -0.570726
v -0.800967 -0.000980 -0.581936
v -0.143508 0.970984 -0.129215
v -0.281525 0.914653 -0.253486
v -0.408725 0.823170 -0.368017
v -0.520217 0.700052 -0.468405
v -0.611717 0.550030 -0.550792
v -0.679708 0.378868 -0.612011
v -0.721578 0.193146 -0.649711
v -0.735750 -0.000980 -0.662472
v -0.129215 0.970984 -0.143508
v -0.253487 0.914653 -0.281525
v -0.368017 0.823170 -0.408724
v -0.468405 0.700052 -0.520216
v -0.550792 0.550030 -0.611717
v -0.612012 0.378868 -0.679708
v -0.649711 0.193146 -0.721577
v -0.662473 -0.000980 -0.735750
v -0.113507 0.970984 -0.156228
v -0.222670 0.914653 -0.306479
v -0.323278 0.823170 -0.444954
v -0.411462 0.700052 -0.566328
v -0.483833 0.550030 -0.665939
v -0.537610 0.378868 -0.739957
v -0.570727 0.193146 -0.785538
v -0.581937 -0.000980 -0.800966
v -0.096555 0.970984 -0.167237
v -0.189415 0.914653 -0.328076
v -0.274997 0.823170 -0.476308
v -0.350011 0.700052 -0.606236
v -0.411573 0.550030 -0.712865
v -0.457319 0.378868 -0.792099
v -0.485489 0.193146 -0.840891
v -0.495025 -0.000980 -0.857408
v -0.078545 0.970984 -0.176413
v -0.154084 0.914653 -0.346078
v -0.223703 0.823170 -0.502444
v -0.284724 0.700052 -0.639500
v -0.334804 0.550030 -0.751981
v -0.372017 0.378868 -0.835562
v -0.394932 0.193146 -0.887032
v -0.402690 -0.000980 -0.904455
v -0.059674 0.970984 -0.183657
v -0.117065 0.914653 -0.360288
v -0.169957 0.823170 -0.523074
v -0.216319 0.700052 -0.665759
v -0.254366 0.550030 -0.782858
v -0.282639 0.378868 -0.869872
v -0.300049 0.193146 -0.923455
v -0.305943 -0.000980 -0.941593
v -0.040150 0.970984 -0.188888
v -0.078763 0.914653 -0.370551
v -0.114350 0.823170 -0.537974
v -0.145543 0.700052 -0.684723
v -0.171142 0.550030 -0.805158
v -0.190164 0.378868 -0.894650
v -0.201878 0.193146 -0.949759
v -0.205843 -0.000980 -0.968414
v -0.020186 0.970984 -0.192051
v -0.039599 0.914653 -0.376754
v -0.057490 0.823170 -0.546980
v -0.073172 0.700052 -0.696186
v -0.086042 0.550030 -0.818637
v -0.095606 0.378868 -0.909627
v -0.101495 0.193146 -0.965659
v -0.103489 -0.000980 -0.984626
v -0.000000 0.970984 -0.193108
v -0.000000 0.823170 -0.549993
v -0.000000 0.700052 -0.700021
v -0.000000 0.378868 -0.914637
v -0.000000 0.193146 -0.970978
v -0.000000 -0.000980 -0.990049
vt 0.750000 0.750000
vt 0.750000 0.812500
vt 0.733333 0.812500
vt 0.733333 0.750000
vt 0.750000 0.687500
vt 0.733333 0.687500
vt 0.750000 0.625000
vt 0.733333 0.625000
vt 0.750000 0.562500
vt 0.733333 0.562500
vt 0.750000 0.500000
vt 0.733333 0.500000
vt 0.750000 0.937500
vt 0.741667 1.000000
vt 0.733333 0.937500
vt 0.750000 0.875000
vt 0.733333 0.875000
vt 0.716666 0.937500
vt 0.716667 0.875000
vt 0.716667 0.812500
vt 0.716667 0.750000
vt 0.716667 0.687500
vt 0.716667 0.625000
vt 0.716667 0.562500
vt 0.716667 0.500000
vt 0.725000 1.000000
vt 0.700000 0.687500
vt 0.700000 0.625000
vt 0.700000 0.562500
vt 0.700000 0.500000
vt 0.708333 1.000000
vt 0.700000 0.937500
vt 0.700000 0.875000
vt 0.700000 0.812500
vt 0.700000 0.750000
vt 0.683333 0.875000
vt 0.683333 0.812500
vt 0.683333 0.750000
vt 0.683333 0.687500
vt 0.683333 0.625000
vt 0.683333 0.562500
vt 0.683333 0.500000
vt 0.691666 1.000000
vt 0.683333 0.937500
vt 0.666667 0.625000
vt 0.666667 0.562500
vt 0.666667 0.500000
vt 0.675000 1.000000
vt 0.666666 0.937500
vt 0.666667 0.875000
vt 0.666667 0.812500
vt 0.666667 0.750000
vt 0.666667 0.687500
vt 0.650000 0.812500
vt 0.650000 0.750000
vt 0.650000 0.687500
vt 0.650000 0.625000
vt 0.650000 0.562500
vt 0.650000 0.500000
vt 0.658333 1.000000
vt 0.650000 0.937500
vt 0.650000 0.875000
vt 0.633333 0.562500
vt 0.633333 0.500000
vt 0.641666 1.000000
vt 0.633333 0.937500
vt 0.633333 0.875000
vt 0.633333 0.812500
vt 0.633333 0.750000
vt 0.633333 0.687500
vt 0.633333 0.625000
vt 0.616667 0.812500
vt 0.616667 0.750000
vt 0.616667 0.687500
vt 0.616667 0.625000
vt 0.616667 0.562500
vt 0.616667 0.500000
vt 0.625000 1.000000
vt 0.616666 0.937500
vt 0.616666 0.875000
vt 0.600000 0.562500
vt 0.600000 0.500000
vt 0.608333 1.000000
vt 0.600000 0.937500
vt 0.600000 0.875000
vt 0.600000 0.812500
vt 0.600000 0.750000
vt 0.600000 0.687500
vt 0.600000 0.625000
vt 0.583333 0.750000
vt 0.583333 0.687500
vt 0.583333 0.625000
vt 0.583333 0.562500
vt 0.583333 0.500000
vt 0.591666 1.000000
vt 0.583333 0.937500
vt 0.583333 0.875000
vt 0.583333 0.812500
vt 0.575000 1.000000
vt 0.566666 0.937500
vt 0.566666 0.875000
vt 0.566666 0.812500
vt 0.566666 0.750000
vt 0.566666 0.687500
vt 0.566666 0.625000
vt 0.566666 0.562500
vt 0.566666 0.500000
vt 0.550000 0.750000
vt 0.550000 0.687500
vt 0.550000 0.625000
vt 0.550000 0.562500
vt 0.550000 0.500000
vt 0.558333 1.000000
vt 0.550000 0.937500
vt 0.550000 0.875000
vt 0.550000 0.812500
vt 0.533333 0.937500
vt 0.533333 0.875000
vt 0.533333 0.812500
vt 0.533333 0.750000
vt 0.533333 0.687500
vt 0.533333 0.625000
vt 0.533333 0.562500
vt 0.533333 0.500000
vt 0.541666 1.000000
vt 0.516667 0.687500
vt 0.516667 0.625000
vt 0.516667 0.562500
vt 0.516667 0.500000
vt 0.524999 1.000000
vt 0.516666 0.937500
vt 0.516666 0.875000
vt 0.516667 0.812500
vt 0.516667 0.750000
vt 0.500000 0.875000
vt 0.500000 0.812500
vt 0.500000 0.750000
vt 0.500000 0.687500
vt 0.500000 0.625000
vt 0.500000 0.562500
vt 0.500000 0.500000
vt 0.508333 1.000000
vt 0.500000 0.937500
vt 0.483333 0.625000
vt 0.483333 0.562500
vt 0.483333 0.500000
vt 0.491666 1.000000
vt 0.483333 0.937500
vt 0.483333 0.875000
vt 0.483333 0.812500
vt 0.483333 0.750000
vt 0.483333 0.687500
vt 0.466666 0.875000
vt 0.466666 0.812500
vt 0.466666 0.750000
vt 0.466666 0.687500
vt 0.466667 0.625000
vt 0.466667 0.562500
vt 0.466667 0.500000
vt 0.474999 1.000000
vt 0.466666 0.937500
vt 0.450000 0.625000
vt 0.450000 0.562500
vt 0.450000 0.500000
vt 0.458333 1.000000
vt 0.450000 0.937500
vt 0.450000 0.875000
vt 0.450000 0.812500
vt 0.450000 0.750000
vt 0.450000 0.687500
vt 0.433333 0.812500
vt 0.433333 0.750000
vt 0.433333 0.687500
vt 0.433333 0.625000
vt 0.433333 0.562500
vt 0.433333 0.500000
vt 0.441666 1.000000
vt 0.433333 0.937500
vt 0.433333 0.875000
vt 0.416667 0.562500
vt 0.416667 0.500000
vt 0.424999 1.000000
vt 0.416666 0.937500
vt 0.416666 0.875000
vt 0.416667 0.812500
vt 0.416667 0.750000
vt 0.416667 0.687500
vt 0.416667 0.625000
vt 0.400000 0.812500
vt 0.400000 0.750000
vt 0.400000 0.687500
vt 0.400000 0.625000
vt 0.400000 0.562500
vt 0.400000 0.500000
vt 0.408333 1.000000
vt 0.400000 0.937500
vt 0.400000 0.875000
vt 0.383333 0.562500
vt 0.383333 0.500000
vt 0.391666 1.000000
vt 0.383333 0.937500
vt 0.383333 0.875000
vt 0.383333 0.812500
vt 0.383333 0.750000
vt 0.383333 0.687500
vt 0.383333 0.625000
vt 0.366667 0.750000
vt 0.366667 0.687500
vt 0.366667 0.625000
vt 0.366667 0.562500
vt 0.366667 0.500000
vt 0.375000 1.000000
vt 0.366666 0.937500
vt 0.366666 0.875000
vt 0.366667 0.812500
vt 0.350000 0.937500
vt 0.350000 0.875000
vt 0.350000 0.812500
vt 0.350000 0.750000
vt 0.350000 0.687500
vt 0.350000 0.625000
vt 0.350000 0.562500
vt 0.350000 0.500000
vt 0.358333 1.000000
vt 0.333333 0.687500
vt 0.333333 0.625000
vt 0.333333 0.562500
vt 0.333333 0.500000
vt 0.341666 1.000000
vt 0.333333 0.937500
vt 0.333333 0.875000
vt 0.333333 0.812500
vt 0.333333 0.750000
vt 0.316667 0.937500
vt 0.316667 0.875000
vt 0.316667 0.812500
vt 0.316667 0.750000
vt 0.316667 0.687500
vt 0.316667 0.625000
vt 0.316667 0.562500
vt 0.316667 0.500000
vt 0.325000 1.000000
vt 0.300000 0.687500
vt 0.300000 0.625000
vt 0.300000 0.562500
vt 0.300000 0.500000
vt 0.308333 1.000000
vt 0.300000 0.937500
vt 0.300000 0.875000
vt 0.300000 0.812500
vt 0.300000 0.750000
vt 0.283333 0.875000
vt 0.283333 0.812500
vt 0.283333 0.750000
vt 0.283333 0.687500
vt 0.283333 0.625000
vt 0.283333 0.562500
vt 0.283333 0.500000
vt 0.291666 1.000000
vt 0.283333 0.937500
vt 0.266667 0.625000
vt 0.266667 0.562500
vt 0.266667 0.500000
vt 0.275000 1.000000
vt 0.266667 0.937500
vt 0.266667 0.875000
vt 0.266667 0.812500
vt 0.266667 0.750000
vt 0.266667 0.687500
vt 0.250000 0.875000
vt 0.250000 0.812500
vt 0.250000 0.750000
vt 0.250000 0.687500
vt 0.250000 0.625000
vt 0.250000 0.562500
vt 0.250000 0.500000
vt 0.258333 1.000000
vt 0.250000 0.937500
vt 0.233333 0.625000
vt 0.233333 0.562500
vt 0.233333 0.500000
vt 0.241667 1.000000
vt 0.233333 0.937500
vt 0.233333 0.875000
vt 0.233333 0.812500
vt 0.233333 0.750000
vt 0.233333 0.687500
vt 0.216667 0.812500
vt 0.216667 0.750000
vt 0.216667 0.687500
vt 0.216667 0.625000
vt 0.216667 0.562500
vt 0.216667 0.500000
vt 0.225000 1.000000
vt 0.216667 0.937500
vt 0.216667 0.875000
vt 0.200000 0.562500
vt 0.200000 0.500000
vt 0.208333 1.000000
vt 0.200000 0.937500
vt 0.200000 0.875000
vt 0.200000 0.812500
vt 0.200000 0.750000
vt 0.200000 0.687500
vt 0.200000 0.625000
vt 0.183333 0.750000
vt 0.183333 0.687500
vt 0.183333 0.625000
vt 0.183333 0.562500
vt 0.183333 0.500000
vt 0.191667 1.000000
vt 0.183333 0.937500
vt 0.183333 0.875000
vt 0.183333 0.812500
vt 0.175000 1.000000
vt 0.166667 0.937500
vt 0.166667 0.875000
vt 0.166667 0.812500
vt 0.166667 0.750000
vt 0.166667 0.687500
vt 0.166667 0.625000
vt 0.166667 0.562500
vt 0.166667 0.500000
vt 0.150000 0.750000
vt 0.150000 0.687500
vt 0.150000 0.625000
vt 0.150000 0.562500
vt 0.150000 0.500000
vt 0.158333 1.000000
vt 0.150000 0.937500
vt 0.150000 0.875000
vt 0.150000 0.812500
vt 0.133333 0.937500
vt 0.133333 0.875000
vt 0.133333 0.812500
vt 0.133333 0.750000
vt 0.133333 0.687500
vt 0.133333 0.625000
vt 0.133333 0.562500
vt 0.133333 0.500000
vt 0.141667 1.000000
vt 0.116667 0.687500
vt 0.116667 0.625000
vt 0.116667 0.562500
vt 0.116667 0.500000
vt 0.125000 1.000000
vt 0.116667 0.937500
vt 0.116667 0.875000
vt 0.116667 0.812500
vt 0.116667 0.750000
vt 0.100000 0.937500
vt 0.100000 0.875000
vt 0.100000 0.812500
vt 0.100000 0.750000
vt 0.100000 0.687500
vt 0.100000 0.625000
vt 0.100000 0.562500
vt 0.100000 0.500000
vt 0.108334 1.000000
vt 0.083333 0.687500
vt 0.083333 0.625000
vt 0.083333 0.562500
vt 0.083333 0.500000
vt 0.091667 1.000000
vt 0.083334 0.937500
vt 0.083333 0.875000
vt 0.083333 0.812500
vt 0.083333 0.750000
vt 0.066667 0.875000
vt 0.066667 0.812500
vt 0.066667 0.750000
vt 0.066667 0.687500
vt 0.066667 0.625000
vt 0.066667 0.562500
vt 0.066667 0.500000
vt 0.075000 1.000000
vt 0.066667 0.937500
vt 0.050000 0.625000
vt 0.050000 0.562500
vt 0.050000 0.500000
vt 0.058334 1.000000
vt 0.050000 0.937500
vt 0.050000 0.875000
vt 0.050000 0.812500
vt 0.050000 0.750000
vt 0.050000 0.687500
vt 0.033333 0.812500
vt 0.033333 0.750000
vt 0.033333 0.687500
vt 0.033333 0.625000
vt 0.033333 0.562500
vt 0.033333 0.500000
vt 0.041667 1.000000
vt 0.033334 0.937500
vt 0.033333 0.875000
vt 0.016667 0.562500
vt 0.016667 0.500000
vt 0.025000 1.000000
vt 0.016667 0.937500
vt 0.016667 0.875000
vt 0.016667 0.812500
vt 0.016667 0.750000
vt 0.016667 0.687500
vt 0.016667 0.625000
vt 0.000000 0.812500
vt 0.000000 0.750000
vt 0.000000 0.687500
vt 0.000000 0.625000
vt 0.000000 0.562500
vt 0.000000 0.500000
vt 0.008334 1.000000
vt 0.000000 0.937500
vt 0.000000 0.875000
vt 1.000000 0.500000
vt 1.000000 0.562500
vt 0.983333 0.562500
vt 0.983333 0.500000
vt 1.000000 0.937500
vt 0.991667 1.000000
vt 0.983333 0.937500
vt 1.000000 0.875000
vt 0.983333 0.875000
vt 1.000000 0.812500
vt 0.983333 0.812500
vt 1.000000 0.750000
vt 0.983333 0.750000
vt 1.000000 0.687500
vt 0.983333 0.687500
vt 1.000000 0.625000
vt 0.983333 0.625000
vt 0.966667 0.750000
vt 0.966667 0.687500
vt 0.966667 0.625000
vt 0.966667 0.562500
vt 0.966667 0.500000
vt 0.975000 1.000000
vt 0.966667 0.937500
vt 0.966667 0.875000
vt 0.966667 0.812500
vt 0.958334 1.000000
vt 0.950000 0.937500
vt 0.950000 0.875000
vt 0.950000 0.812500
vt 0.950000 0.750000
vt 0.950000 0.687500
vt 0.950000 0.625000
vt 0.950000 0.562500
vt 0.950000 0.500000
vt 0.933333 0.750000
vt 0.933333 0.687500
vt 0.933333 0.625000
vt 0.933333 0.562500
vt 0.933333 0.500000
vt 0.941667 1.000000
vt 0.933334 0.937500
vt 0.933333 0.875000
vt 0.933333 0.812500
vt 0.916667 0.937500
vt 0.916667 0.875000
vt 0.916667 0.812500
vt 0.916667 0.750000
vt 0.916667 0.687500
vt 0.916667 0.625000
vt 0.916667 0.562500
vt 0.916667 0.500000
vt 0.925000 1.000000
vt 0.900000 0.687500
vt 0.900000 0.625000
vt 0.908334 1.000000
vt 0.900000 0.937500
vt 0.900000 0.562500
vt 0.900000 0.875000
vt 0.900000 0.500000
vt 0.900000 0.812500
vt 0.900000 0.750000
vt 0.883333 0.562500
vt 0.883333 0.500000
vt 0.891667 1.000000
vt 0.883333 0.937500
vt 0.883333 0.875000
vt 0.883333 0.812500
vt 0.883333 0.750000
vt 0.883333 0.687500
vt 0.883333 0.625000
vt 0.866667 0.812500
vt 0.866667 0.750000
vt 0.866667 0.687500
vt 0.866667 0.625000
vt 0.866667 0.562500
vt 0.866667 0.500000
vt 0.875000 1.000000
vt 0.866667 0.937500
vt 0.866667 0.875000
vt 0.850000 0.562500
vt 0.850000 0.500000
vt 0.858334 1.000000
vt 0.850000 0.937500
vt 0.850000 0.875000
vt 0.850000 0.812500
vt 0.850000 0.750000
vt 0.850000 0.687500
vt 0.850000 0.625000
vt 0.833333 0.750000
vt 0.833333 0.687500
vt 0.833333 0.625000
vt 0.833333 0.562500
vt 0.833333 0.500000
vt 0.841667 1.000000
vt 0.833333 0.937500
vt 0.833333 0.875000
vt 0.833333 0.812500
vt 0.816667 0.937500
vt 0.816667 0.875000
vt 0.816667 0.812500
vt 0.816667 0.750000
vt 0.816667 0.687500
vt 0.816667 0.625000
vt 0.816667 0.562500
vt 0.816667 0.500000
vt 0.825000 1.000000
vt 0.800000 0.687500
vt 0.800000 0.625000
vt 0.800000 0.562500
vt 0.800000 0.500000
vt 0.808334 1.000000
vt 0.800000 0.937500
vt 0.800000 0.875000
vt 0.800000 0.812500
vt 0.800000 0.750000
vt 0.783333 0.937500
vt 0.783333 0.875000
vt 0.783333 0.812500
vt 0.783333 0.750000
vt 0.783333 0.687500
vt 0.783333 0.625000
vt 0.783333 0.562500
vt 0.783333 0.500000
vt 0.791667 1.000000
vt 0.766667 0.687500
vt 0.766667 0.625000
vt 0.766667 0.562500
vt 0.766667 0.500000
vt 0.775000 1.000000
vt 0.766667 0.937500
vt 0.766667 0.875000
vt 0.766667 0.812500
vt 0.766667 0.750000
vt 0.758333 1.000000
vt 0.750000 0.750000
vt 0.733333 0.750000
vt 0.733333 0.812500
vt 0.750000 0.812500
vt 0.750000 0.687500
vt 0.733333 0.687500
vt 0.750000 0.625000
vt 0.733333 0.625000
vt 0.750000 0.562500
vt 0.733333 0.562500
vt 0.750000 0.500000
vt 0.733333 0.500000
vt 0.750000 0.937500
vt 0.733333 0.937500
vt 0.741667 1.000000
vt 0.750000 0.875000
vt 0.733333 0.875000
vt 0.716667 0.875000
vt 0.716666 0.937500
vt 0.716667 0.812500
vt 0.716667 0.750000
vt 0.716667 0.687500
vt 0.716667 0.625000
vt 0.716667 0.562500
vt 0.716667 0.500000
vt 0.725000 1.000000
vt 0.700000 0.625000
vt 0.700000 0.687500
vt 0.700000 0.562500
vt 0.700000 0.500000
vt 0.700000 0.937500
vt 0.708333 1.000000
vt 0.700000 0.875000
vt 0.700000 0.812500
vt 0.700000 0.750000
vt 0.683333 0.812500
vt 0.683333 0.875000
vt 0.683333 0.750000
vt 0.683333 0.687500
vt 0.683333 0.625000
vt 0.683333 0.562500
vt 0.683333 0.500000
vt 0.683333 0.937500
vt 0.691666 1.000000
vt 0.666667 0.562500
vt 0.666667 0.625000
vt 0.666667 0.500000
vt 0.666666 0.937500
vt 0.675000 1.000000
vt 0.666667 0.875000
vt 0.666667 0.812500
vt 0.666667 0.750000
vt 0.666667 0.687500
vt 0.650000 0.750000
vt 0.650000 0.812500
vt 0.650000 0.687500
vt 0.650000 0.625000
vt 0.650000 0.562500
vt 0.650000 0.500000
vt 0.650000 0.937500
vt 0.658333 1.000000
vt 0.650000 0.875000
vt 0.633333 0.500000
vt 0.633333 0.562500
vt 0.633333 0.937500
vt 0.641666 1.000000
vt 0.633333 0.875000
vt 0.633333 0.812500
vt 0.633333 0.750000
vt 0.633333 0.687500
vt 0.633333 0.625000
vt 0.616667 0.750000
vt 0.616667 0.812500
vt 0.616667 0.687500
vt 0.616667 0.625000
vt 0.616667 0.562500
vt 0.616667 0.500000
vt 0.616666 0.937500
vt 0.625000 1.000000
vt 0.616666 0.875000
vt 0.600000 0.500000
vt 0.600000 0.562500
vt 0.600000 0.937500
vt 0.608333 1.000000
vt 0.600000 0.875000
vt 0.600000 0.812500
vt 0.600000 0.750000
vt 0.600000 0.687500
vt 0.600000 0.625000
vt 0.583333 0.687500
vt 0.583333 0.750000
vt 0.583333 0.625000
vt 0.583333 0.562500
vt 0.583333 0.500000
vt 0.583333 0.937500
vt 0.591666 1.000000
vt 0.583333 0.875000
vt 0.583333 0.812500
vt 0.566666 0.937500
vt 0.575000 1.000000
vt 0.566666 0.875000
vt 0.566666 0.812500
vt 0.566666 0.750000
vt 0.566666 0.687500
vt 0.566666 0.625000
vt 0.566666 0.562500
vt 0.566666 0.500000
vt 0.550000 0.687500
vt 0.550000 0.750000
vt 0.550000 0.625000
vt 0.550000 0.562500
vt 0.550000 0.500000
vt 0.550000 0.937500
vt 0.558333 1.000000
vt 0.550000 0.875000
vt 0.550000 0.812500
vt 0.533333 0.875000
vt 0.533333 0.937500
vt 0.533333 0.812500
vt 0.533333 0.750000
vt 0.533333 0.687500
vt 0.533333 0.625000
vt 0.533333 0.562500
vt 0.533333 0.500000
vt 0.541666 1.000000
vt 0.516667 0.625000
vt 0.516667 0.687500
vt 0.516667 0.562500
vt 0.516667 0.500000
vt 0.516666 0.937500
vt 0.524999 1.000000
vt 0.516666 0.875000
vt 0.516667 0.812500
vt 0.516667 0.750000
vt 0.500000 0.812500
vt 0.500000 0.875000
vt 0.500000 0.750000
vt 0.500000 0.687500
vt 0.500000 0.625000
vt 0.500000 0.562500
vt 0.500000 0.500000
vt 0.500000 0.937500
vt 0.508333 1.000000
vt 0.483333 0.562500
vt 0.483333 0.625000
vt 0.483333 0.500000
vt 0.483333 0.937500
vt 0.491666 1.000000
vt 0.483333 0.875000
vt 0.483333 0.812500
vt 0.483333 0.750000
vt 0.483333 0.687500
vt 0.466666 0.812500
vt 0.466666 0.875000
vt 0.466666 0.750000
vt 0.466666 0.687500
vt 0.466667 0.625000
vt 0.466667 0.562500
vt 0.466667 0.500000
vt 0.466666 0.937500
vt 0.474999 1.000000
vt 0.450000 0.562500
vt 0.450000 0.625000
vt 0.450000 0.500000
vt 0.450000 0.937500
vt 0.458333 1.000000
vt 0.450000 0.875000
vt 0.450000 0.812500
vt 0.450000 0.750000
vt 0.450000 0.687500
vt 0.433333 0.750000
vt 0.433333 0.812500
vt 0.433333 0.687500
vt 0.433333 0.625000
vt 0.433333 0.562500
vt 0.433333 0.500000
vt 0.433333 0.937500
vt 0.441666 1.000000
vt 0.433333 0.875000
vt 0.416667 0.500000
vt 0.416667 0.562500
vt 0.416666 0.937500
vt 0.424999 1.000000
vt 0.416666 0.875000
vt 0.416667 0.812500
vt 0.416667 0.750000
vt 0.416667 0.687500
vt 0.416667 0.625000
vt 0.400000 0.750000
vt 0.400000 0.812500
vt 0.400000 0.687500
vt 0.400000 0.625000
vt 0.400000 0.562500
vt 0.400000 0.500000
vt 0.400000 0.937500
vt 0.408333 1.000000
vt 0.400000 0.875000
vt 0.383333 0.500000
vt 0.383333 0.562500
vt 0.383333 0.937500
vt 0.391666 1.000000
vt 0.383333 0.875000
vt 0.383333 0.812500
vt 0.383333 0.750000
vt 0.383333 0.687500
vt 0.383333 0.625000
vt 0.366667 0.687500
vt 0.366667 0.750000
vt 0.366667 0.625000
vt 0.366667 0.562500
vt 0.366667 0.500000
vt 0.366666 0.937500
vt 0.375000 1.000000
vt 0.366666 0.875000
vt 0.366667 0.812500
vt 0.350000 0.875000
vt 0.350000 0.937500
vt 0.350000 0.812500
vt 0.350000 0.750000
vt 0.350000 0.687500
vt 0.350000 0.625000
vt 0.350000 0.562500
vt 0.350000 0.500000
vt 0.358333 1.000000
vt 0.333333 0.625000
vt 0.333333 0.687500
vt 0.333333 0.562500
vt 0.333333 0.500000
vt 0.333333 0.937500
vt 0.341666 1.000000
vt 0.333333 0.875000
vt 0.333333 0.812500
vt 0.333333 0.750000
vt 0.316667 0.875000
vt 0.316667 0.937500
vt 0.316667 0.812500
vt 0.316667 0.750000
vt 0.316667 0.687500
vt 0.316667 0.625000
vt 0.316667 0.562500
vt 0.316667 0.500000
vt 0.325000 1.000000
vt 0.300000 0.625000
vt 0.300000 0.687500
vt 0.300000 0.562500
vt 0.300000 0.500000
vt 0.300000 0.937500
vt 0.308333 1.000000
vt 0.300000 0.875000
vt 0.300000 0.812500
vt 0.300000 0.750000
vt 0.283333 0.812500
vt 0.283333 0.875000
vt 0.283333 0.750000
vt 0.283333 0.687500
vt 0.283333 0.625000
vt 0.283333 0.562500
vt 0.283333 0.500000
vt 0.283333 0.937500
vt 0.291666 1.000000
vt 0.266667 0.562500
vt 0.266667 0.625000
vt 0.266667 0.500000
vt 0.266667 0.937500
vt 0.275000 1.000000
vt 0.266667 0.875000
vt 0.266667 0.812500
vt 0.266667 0.750000
vt 0.266667 0.687500
vt 0.250000 0.812500
vt 0.250000 0.875000
vt 0.250000 0.750000
vt 0.250000 0.687500
vt 0.250000 0.625000
vt 0.250000 0.562500
vt 0.250000 0.500000
vt 0.250000 0.937500
vt 0.258333 1.000000
vt 0.233333 0.562500
vt 0.233333 0.625000
vt 0.233333 0.500000
vt 0.233333 0.937500
vt 0.241667 1.000000
vt 0.233333 0.875000
vt 0.233333 0.812500
vt 0.233333 0.750000
vt 0.233333 0.687500
vt 0.216667 0.750000
vt 0.216667 0.812500
vt 0.216667 0.687500
vt 0.216667 0.625000
vt 0.216667 0.562500
vt 0.216667 0.500000
vt 0.216667 0.937500
vt 0.225000 1.000000
vt 0.216667 0.875000
vt 0.200000 0.500000
vt 0.200000 0.562500
vt 0.200000 0.937500
vt 0.208333 1.000000
vt 0.200000 0.875000
vt 0.200000 0.812500
vt 0.200000 0.750000
vt 0.200000 0.687500
vt 0.200000 0.625000
vt 0.183333 0.687500
vt 0.183333 0.750000
vt 0.183333 0.625000
vt 0.183333 0.562500
vt 0.183333 0.500000
vt 0.183333 0.937500
vt 0.191667 1.000000
vt 0.183333 0.875000
vt 0.183333 0.812500
vt 0.166667 0.937500
vt 0.175000 1.000000
vt 0.166667 0.875000
vt 0.166667 0.812500
vt 0.166667 0.750000
vt 0.166667 0.687500
vt 0.166667 0.625000
vt 0.166667 0.562500
vt 0.166667 0.500000
vt 0.150000 0.687500
vt 0.150000 0.750000
vt 0.150000 0.625000
vt 0.150000 0.562500
vt 0.150000 0.500000
vt 0.150000 0.937500
vt 0.158333 1.000000
vt 0.150000 0.875000
vt 0.150000 0.812500
vt 0.133333 0.875000
vt 0.133333 0.937500
vt 0.133333 0.812500
vt 0.133333 0.750000
vt 0.133333 0.687500
vt 0.133333 0.625000
vt 0.133333 0.562500
vt 0.133333 0.500000
vt 0.141667 1.000000
vt 0.116667 0.625000
vt 0.116667 0.687500
vt 0.116667 0.562500
vt 0.116667 0.500000
vt 0.116667 0.937500
vt 0.125000 1.000000
vt 0.116667 0.875000
vt 0.116667 0.812500
vt 0.116667 0.750000
vt 0.100000 0.875000
vt 0.100000 0.937500
vt 0.100000 0.812500
vt 0.100000 0.750000
vt 0.100000 0.687500
vt 0.100000 0.625000
vt 0.100000 0.562500
vt 0.100000 0.500000
vt 0.108334 1.000000
vt 0.083333 0.625000
vt 0.083333 0.687500
vt 0.083333 0.562500
vt 0.083333 0.500000
vt 0.083334 0.937500
vt 0.091667 1.000000
vt 0.083333 0.875000
vt 0.083333 0.812500
vt 0.083333 0.750000
vt 0.066667 0.812500
vt 0.066667 0.875000
vt 0.066667 0.750000
vt 0.066667 0.687500
vt 0.066667 0.625000
vt 0.066667 0.562500
vt 0.066667 0.500000
vt 0.066667 0.937500
vt 0.075000 1.000000
vt 0.050000 0.562500
vt 0.050000 0.625000
vt 0.050000 0.500000
vt 0.050000 0.937500
vt 0.058334 1.000000
vt 0.050000 0.875000
vt 0.050000 0.812500
vt 0.050000 0.750000
vt 0.050000 0.687500
vt 0.033333 0.750000
vt 0.033333 0.812500
vt 0.033333 0.687500
vt 0.033333 0.625000
vt 0.033333 0.562500
vt 0.033333 0.500000
vt 0.033334 0.937500
vt 0.041667 1.000000
vt 0.033333 0.875000
vt 0.016667 0.500000
vt 0.016667 0.562500
vt 0.016667 0.937500
vt 0.025000 1.000000
vt 0.016667 0.875000
vt 0.016667 0.812500
vt 0.016667 0.750000
vt 0.016667 0.687500
vt 0.016667 0.625000
vt 0.000000 0.750000
vt 0.000000 0.812500
vt 0.000000 0.687500
vt 0.000000 0.625000
vt 0.000000 0.562500
vt 0.000000 0.500000
vt 0.000000 0.937500
vt 0.008334 1.000000
vt 0.000000 0.875000
vt 1.000000 0.500000
vt 0.983333 0.500000
vt 0.983333 0.562500
vt 1.000000 0.562500
vt 1.000000 0.937500
vt 0.983333 0.937500
vt 0.991667 1.000000
vt 1.000000 0.875000
vt 0.983333 0.875000
vt 1.000000 0.812500
vt 0.983333 0.812500
vt 1.000000 0.750000
vt 0.983333 0.750000
vt 1.000000 0.687500
vt 0.983333 0.687500
vt 1.000000 0.625000
vt 0.983333 0.625000
vt 0.966667 0.687500
vt 0.966667 0.750000
vt 0.966667 0.625000
vt 0.966667 0.562500
vt 0.966667 0.500000
vt 0.966667 0.937500
vt 0.975000 1.000000
vt 0.966667 0.875000
vt 0.966667 0.812500
vt 0.950000 0.937500
vt 0.958334 1.000000
vt 0.950000 0.875000
vt 0.950000 0.812500
vt 0.950000 0.750000
vt 0.950000 0.687500
vt 0.950000 0.625000
vt 0.950000 0.562500
vt 0.950000 0.500000
vt 0.933333 0.687500
vt 0.933333 0.750000
vt 0.933333 0.625000
vt 0.933333 0.562500
vt 0.933333 0.500000
vt 0.933334 0.937500
vt 0.941667 1.000000
vt 0.933333 0.875000
vt 0.933333 0.812500
vt 0.916667 0.875000
vt 0.916667 0.937500
vt 0.916667 0.812500
vt 0.916667 0.750000
vt 0.916667 0.687500
vt 0.916667 0.625000
vt 0.916667 0.562500
vt 0.916667 0.500000
vt 0.925000 1.000000
vt 0.900000 0.625000
vt 0.900000 0.687500
vt 0.900000 0.937500
vt 0.908334 1.000000
vt 0.900000 0.562500
vt 0.900000 0.875000
vt 0.900000 0.500000
vt 0.900000 0.812500
vt 0.900000 0.750000
vt 0.883333 0.500000
vt 0.883333 0.562500
vt 0.883333 0.937500
vt 0.891667 1.000000
vt 0.883333 0.875000
vt 0.883333 0.812500
vt 0.883333 0.750000
vt 0.883333 0.687500
vt 0.883333 0.625000
vt 0.866667 0.750000
vt 0.866667 0.812500
vt 0.866667 0.687500
vt 0.866667 0.625000
vt 0.866667 0.562500
vt 0.866667 0.500000
vt 0.866667 0.937500
vt 0.875000 1.000000
vt 0.866667 0.875000
vt 0.850000 0.500000
vt 0.850000 0.562500
vt 0.850000 0.937500
vt 0.858334 1.000000
vt 0.850000 0.875000
vt 0.850000 0.812500
vt 0.850000 0.750000
vt 0.850000 0.687500
vt 0.850000 0.625000
vt 0.833333 0.687500
vt 0.833333 0.750000
vt 0.833333 0.625000
vt 0.833333 0.562500
vt 0.833333 0.500000
vt 0.833333 0.937500
vt 0.841667 1.000000
vt 0.833333 0.875000
vt 0.833333 0.812500
vt 0.816667 0.875000
vt 0.816667 0.937500
vt 0.816667 0.812500
vt 0.816667 0.750000
vt 0.816667 0.687500
vt 0.816667 0.625000
vt 0.816667 0.562500
vt 0.816667 0.500000
vt 0.825000 1.000000
vt 0.800000 0.625000
vt 0.800000 0.687500
vt 0.800000 0.562500
vt 0.800000 0.500000
vt 0.800000 0.937500
vt 0.808334 1.000000
vt 0.800000 0.875000
vt 0.800000 0.812500
vt 0.800000 0.750000
vt 0.783333 0.875000
vt 0.783333 0.937500
vt 0.783333 0.812500
vt 0.783333 0.750000
vt 0.783333 0.687500
vt 0.783333 0.625000
vt 0.783333 0.562500
vt 0.783333 0.500000
vt 0.791667 1.000000
vt 0.766667 0.625000
vt 0.766667 0.687500
vt 0.766667 0.562500
vt 0.766667 0.500000
vt 0.766667 0.937500
vt 0.775000 1.000000
vt 0.766667 0.875000
vt 0.766667 0.812500
vt 0.766667 0.750000
vt 0.758333 1.000000
vn 0.0000 0.7055 -0.7087
vn 0.0000 0.8300 -0.5578
vn 0.0583 0.8300 -0.5547
vn 0.0741 0.7055 -0.7048
vn 0.0000 0.5541 -0.8325
vn 0.0870 0.5541 -0.8279
vn 0.0000 0.3815 -0.9243
vn 0.0966 0.3815 -0.9193
vn 0.0000 0.1945 -0.9809
vn 0.1025 0.1945 -0.9755
vn 0.0000 -0.6231 -0.7821
vn 0.0818 -0.6231 -0.7779
vn 0.0000 0.9801 -0.1982
vn 0.0000 1.0000 0.0000
vn 0.0207 0.9801 -0.1971
vn 0.0000 0.9227 -0.3854
vn 0.0403 0.9227 -0.3833
vn 0.0412 0.9801 -0.1939
vn 0.0801 0.9227 -0.3770
vn 0.1160 0.8300 -0.5456
vn 0.1473 0.7055 -0.6932
vn 0.1731 0.5541 -0.8143
vn 0.1922 0.3815 -0.9041
vn 0.2039 0.1945 -0.9595
vn 0.1626 -0.6231 -0.7650
vn 0.2572 0.5541 -0.7917
vn 0.2856 0.3815 -0.8791
vn 0.3031 0.1945 -0.9329
vn 0.2417 -0.6231 -0.7439
vn 0.0613 0.9801 -0.1885
vn 0.1191 0.9227 -0.3666
vn 0.1724 0.8300 -0.5305
vn 0.2190 0.7055 -0.6740
vn 0.1568 0.9227 -0.3521
vn 0.2269 0.8300 -0.5096
vn 0.2882 0.7055 -0.6475
vn 0.3386 0.5541 -0.7605
vn 0.3760 0.3815 -0.8444
vn 0.3990 0.1945 -0.8961
vn 0.3181 -0.6231 -0.7145
vn 0.0806 0.9801 -0.1811
vn 0.4622 0.3815 -0.8005
vn 0.4904 0.1945 -0.8495
vn 0.3911 -0.6231 -0.6774
vn 0.0991 0.9801 -0.1717
vn 0.1927 0.9227 -0.3338
vn 0.2789 0.8300 -0.4831
vn 0.3544 0.7055 -0.6138
vn 0.4162 0.5541 -0.7209
vn 0.3279 0.8300 -0.4513
vn 0.4166 0.7055 -0.5734
vn 0.4893 0.5541 -0.6735
vn 0.5433 0.3815 -0.7478
vn 0.5766 0.1945 -0.7935
vn 0.4597 -0.6231 -0.6328
vn 0.1165 0.9801 -0.1603
vn 0.2266 0.9227 -0.3118
vn 0.6563 0.1945 -0.7289
vn 0.5234 -0.6231 -0.5813
vn 0.1326 0.9801 -0.1473
vn 0.2579 0.9227 -0.2864
vn 0.3732 0.8300 -0.4145
vn 0.4742 0.7055 -0.5267
vn 0.5570 0.5541 -0.6186
vn 0.6185 0.3815 -0.6869
vn 0.4145 0.8300 -0.3732
vn 0.5267 0.7055 -0.4742
vn 0.6186 0.5541 -0.5570
vn 0.6869 0.3815 -0.6185
vn 0.7289 0.1945 -0.6563
vn 0.5813 -0.6231 -0.5234
vn 0.1473 0.9801 -0.1326
vn 0.2864 0.9227 -0.2579
vn 0.7935 0.1945 -0.5766
vn 0.6328 -0.6231 -0.4597
vn 0.1603 0.9801 -0.1165
vn 0.3118 0.9227 -0.2266
vn 0.4513 0.8300 -0.3279
vn 0.5734 0.7055 -0.4166
vn 0.6735 0.5541 -0.4893
vn 0.7478 0.3815 -0.5433
vn 0.6138 0.7055 -0.3544
vn 0.7209 0.5541 -0.4162
vn 0.8005 0.3815 -0.4622
vn 0.8495 0.1945 -0.4904
vn 0.6774 -0.6231 -0.3911
vn 0.1717 0.9801 -0.0991
vn 0.3338 0.9227 -0.1927
vn 0.4831 0.8300 -0.2789
vn 0.1811 0.9801 -0.0806
vn 0.3521 0.9227 -0.1568
vn 0.5096 0.8300 -0.2269
vn 0.6475 0.7055 -0.2882
vn 0.7605 0.5541 -0.3386
vn 0.8444 0.3815 -0.3760
vn 0.8961 0.1945 -0.3990
vn 0.7145 -0.6231 -0.3181
vn 0.6740 0.7055 -0.2190
vn 0.7917 0.5541 -0.2572
vn 0.8791 0.3815 -0.2856
vn 0.9329 0.1945 -0.3031
vn 0.7439 -0.6231 -0.2417
vn 0.1885 0.9801 -0.0613
vn 0.3666 0.9227 -0.1191
vn 0.5305 0.8300 -0.1724
vn 0.1939 0.9801 -0.0412
vn 0.3770 0.9227 -0.0801
vn 0.5456 0.8300 -0.1160
vn 0.6932 0.7055 -0.1473
vn 0.8143 0.5541 -0.1731
vn 0.9041 0.3815 -0.1922
vn 0.9595 0.1945 -0.2039
vn 0.7650 -0.6231 -0.1626
vn 0.8279 0.5541 -0.0870
vn 0.9193 0.3815 -0.0966
vn 0.9755 0.1945 -0.1025
vn 0.7779 -0.6231 -0.0817
vn 0.1971 0.9801 -0.0207
vn 0.3833 0.9227 -0.0403
vn 0.5547 0.8300 -0.0583
vn 0.7048 0.7055 -0.0741
vn 0.3854 0.9227 0.0000
vn 0.5578 0.8300 0.0000
vn 0.7087 0.7055 0.0000
vn 0.8325 0.5541 0.0000
vn 0.9243 0.3815 0.0000
vn 0.9809 0.1945 0.0000
vn 0.7821 -0.6231 0.0000
vn 0.1982 0.9801 0.0000
vn 0.9193 0.3815 0.0966
vn 0.9755 0.1945 0.1025
vn 0.7779 -0.6231 0.0817
vn 0.1971 0.9801 0.0207
vn 0.3833 0.9227 0.0403
vn 0.5547 0.8300 0.0583
vn 0.7048 0.7055 0.0741
vn 0.8279 0.5541 0.0870
vn 0.3770 0.9227 0.0801
vn 0.5456 0.8300 0.1160
vn 0.6932 0.7055 0.1473
vn 0.8143 0.5541 0.1731
vn 0.9041 0.3815 0.1922
vn 0.9595 0.1945 0.2039
vn 0.7650 -0.6231 0.1626
vn 0.1939 0.9801 0.0412
vn 0.8791 0.3815 0.2856
vn 0.9329 0.1945 0.3031
vn 0.7439 -0.6231 0.2417
vn 0.1885 0.9801 0.0613
vn 0.3666 0.9227 0.1191
vn 0.5305 0.8300 0.1724
vn 0.6740 0.7055 0.2190
vn 0.7917 0.5541 0.2572
vn 0.5096 0.8300 0.2269
vn 0.6475 0.7055 0.2882
vn 0.7605 0.5541 0.3386
vn 0.8444 0.3815 0.3760
vn 0.8961 0.1945 0.3990
vn 0.7145 -0.6231 0.3181
vn 0.1811 0.9801 0.0806
vn 0.3521 0.9227 0.1568
vn 0.8495 0.1945 0.4904
vn 0.6774 -0.6231 0.3911
vn 0.1717 0.9801 0.0991
vn 0.3338 0.9227 0.1927
vn 0.4831 0.8300 0.2789
vn 0.6138 0.7055 0.3544
vn 0.7209 0.5541 0.4162
vn 0.8005 0.3815 0.4622
vn 0.4513 0.8300 0.3279
vn 0.5734 0.7055 0.4166
vn 0.6735 0.5541 0.4893
vn 0.7478 0.3815 0.5433
vn 0.7935 0.1945 0.5766
vn 0.6328 -0.6231 0.4597
vn 0.1603 0.9801 0.1165
vn 0.3118 0.9227 0.2266
vn 0.7289 0.1945 0.6563
vn 0.5813 -0.6231 0.5234
vn 0.1473 0.9801 0.1326
vn 0.2864 0.9227 0.2579
vn 0.4145 0.8300 0.3732
vn 0.5267 0.7055 0.4742
vn 0.6186 0.5541 0.5570
vn 0.6869 0.3815 0.6185
vn 0.4742 0.7055 0.5267
vn 0.5570 0.5541 0.6186
vn 0.6185 0.3815 0.6869
vn 0.6563 0.1945 0.7289
vn 0.5234 -0.6231 0.5813
vn 0.1326 0.9801 0.1473
vn 0.2579 0.9227 0.2864
vn 0.3732 0.8300 0.4145
vn 0.1165 0.9801 0.1603
vn 0.2266 0.9227 0.3118
vn 0.3279 0.8300 0.4513
vn 0.4166 0.7055 0.5734
vn 0.4893 0.5541 0.6735
vn 0.5433 0.3815 0.7478
vn 0.5766 0.1945 0.7935
vn 0.4597 -0.6231 0.6328
vn 0.4162 0.5541 0.7209
vn 0.4622 0.3815 0.8005
vn 0.4904 0.1945 0.8495
vn 0.3911 -0.6231 0.6774
vn 0.0991 0.9801 0.1717
vn 0.1927 0.9227 0.3338
vn 0.2789 0.8300 0.4831
vn 0.3544 0.7055 0.6138
vn 0.0806 0.9801 0.1811
vn 0.1568 0.9227 0.3521
vn 0.2269 0.8300 0.5096
vn 0.2882 0.7055 0.6475
vn 0.3386 0.5541 0.7605
vn 0.3760 0.3815 0.8444
vn 0.3990 0.1945 0.8961
vn 0.3181 -0.6231 0.7145
vn 0.2572 0.5541 0.7917
vn 0.2856 0.3815 0.8791
vn 0.3031 0.1945 0.9329
vn 0.2417 -0.6231 0.7439
vn 0.0613 0.9801 0.1885
vn 0.1191 0.9227 0.3666
vn 0.1724 0.8300 0.5305
vn 0.2190 0.7055 0.6740
vn 0.0801 0.9227 0.3770
vn 0.1160 0.8300 0.5456
vn 0.1473 0.7055 0.6932
vn 0.1731 0.5541 0.8143
vn 0.1922 0.3815 0.9041
vn 0.2039 0.1945 0.9595
vn 0.1626 -0.6231 0.7650
vn 0.0412 0.9801 0.1939
vn 0.0966 0.3815 0.9193
vn 0.1025 0.1945 0.9755
vn 0.0817 -0.6231 0.7779
vn 0.0207 0.9801 0.1971
vn 0.0403 0.9227 0.3833
vn 0.0583 0.8300 0.5547
vn 0.0741 0.7055 0.7048
vn 0.0870 0.5541 0.8279
vn 0.0000 0.9227 0.3854
vn 0.0000 0.8300 0.5578
vn 0.0000 0.7055 0.7087
vn 0.0000 0.5541 0.8325
vn 0.0000 0.3815 0.9243
vn 0.0000 0.1945 0.9809
vn 0.0000 -0.6231 0.7821
vn 0.0000 0.9801 0.1982
vn -0.0966 0.3815 0.9193
vn -0.1025 0.1945 0.9755
vn -0.0817 -0.6231 0.7779
vn -0.0207 0.9801 0.1971
vn -0.0403 0.9227 0.3833
vn -0.0583 0.8300 0.5547
vn -0.0741 0.7055 0.7048
vn -0.0870 0.5541 0.8279
vn -0.1160 0.8300 0.5456
vn -0.1473 0.7055 0.6932
vn -0.1731 0.5541 0.8143
vn -0.1922 0.3815 0.9041
vn -0.2039 0.1945 0.9595
vn -0.1626 -0.6231 0.7650
vn -0.0412 0.9801 0.1939
vn -0.0801 0.9227 0.3770
vn -0.3031 0.1945 0.9329
vn -0.2417 -0.6231 0.7439
vn -0.0613 0.9801 0.1885
vn -0.1191 0.9227 0.3666
vn -0.1724 0.8300 0.5305
vn -0.2190 0.7055 0.6740
vn -0.2572 0.5541 0.7917
vn -0.2856 0.3815 0.8791
vn -0.2882 0.7055 0.6475
vn -0.3386 0.5541 0.7605
vn -0.3760 0.3815 0.8444
vn -0.3990 0.1945 0.8961
vn -0.3181 -0.6231 0.7145
vn -0.0806 0.9801 0.1811
vn -0.1568 0.9227 0.3521
vn -0.2269 0.8300 0.5096
vn -0.0991 0.9801 0.1717
vn -0.1927 0.9227 0.3338
vn -0.2789 0.8300 0.4831
vn -0.3544 0.7055 0.6138
vn -0.4162 0.5541 0.7209
vn -0.4622 0.3815 0.8005
vn -0.4904 0.1945 0.8495
vn -0.3911 -0.6231 0.6774
vn -0.4166 0.7055 0.5734
vn -0.4893 0.5541 0.6735
vn -0.5433 0.3815 0.7478
vn -0.5766 0.1945 0.7935
vn -0.4597 -0.6231 0.6328
vn -0.1165 0.9801 0.1603
vn -0.2266 0.9227 0.3118
vn -0.3279 0.8300 0.4513
vn -0.1326 0.9801 0.1473
vn -0.2579 0.9227 0.2864
vn -0.3732 0.8300 0.4145
vn -0.4742 0.7055 0.5267
vn -0.5570 0.5541 0.6186
vn -0.6185 0.3815 0.6869
vn -0.6563 0.1945 0.7289
vn -0.5234 -0.6231 0.5813
vn -0.6186 0.5541 0.5570
vn -0.6869 0.3815 0.6185
vn -0.7289 0.1945 0.6563
vn -0.5813 -0.6231 0.5234
vn -0.1473 0.9801 0.1326
vn -0.2864 0.9227 0.2579
vn -0.4145 0.8300 0.3732
vn -0.5267 0.7055 0.4742
vn -0.1603 0.9801 0.1165
vn -0.3118 0.9227 0.2266
vn -0.4513 0.8300 0.3279
vn -0.5734 0.7055 0.4166
vn -0.6735 0.5541 0.4893
vn -0.7478 0.3815 0.5433
vn -0.7935 0.1945 0.5766
vn -0.6328 -0.6231 0.4597
vn -0.7209 0.5541 0.4162
vn -0.8005 0.3815 0.4622
vn -0.8495 0.1945 0.4904
vn -0.6774 -0.6231 0.3911
vn -0.1717 0.9801 0.0991
vn -0.3338 0.9227 0.1927
vn -0.4831 0.8300 0.2789
vn -0.6138 0.7055 0.3544
vn -0.3521 0.9227 0.1568
vn -0.5096 0.8300 0.2269
vn -0.6475 0.7055 0.2882
vn -0.7605 0.5541 0.3386
vn -0.8444 0.3815 0.3760
vn -0.8961 0.1945 0.3990
vn -0.7145 -0.6231 0.3181
vn -0.1811 0.9801 0.0806
vn -0.8791 0.3815 0.2856
vn -0.9329 0.1945 0.3031
vn -0.7439 -0.6231 0.2417
vn -0.1885 0.9801 0.0613
vn -0.3666 0.9227 0.1191
vn -0.5305 0.8300 0.1724
vn -0.6740 0.7055 0.2190
vn -0.7917 0.5541 0.2572
vn -0.5456 0.8300 0.1160
vn -0.6932 0.7055 0.1473
vn -0.8143 0.5541 0.1731
vn -0.9041 0.3815 0.1922
vn -0.9595 0.1945 0.2039
vn -0.7650 -0.6231 0.1626
vn -0.1939 0.9801 0.0412
vn -0.3770 0.9227 0.0801
vn -0.9755 0.1945 0.1025
vn -0.7779 -0.6231 0.0817
vn -0.1971 0.9801 0.0207
vn -0.3833 0.9227 0.0403
vn -0.5547 0.8300 0.0583
vn -0.7048 0.7055 0.0741
vn -0.8279 0.5541 0.0870
vn -0.9193 0.3815 0.0966
vn -0.5578 0.8300 0.0000
vn -0.7087 0.7055 0.0000
vn -0.8325 0.5541 0.0000
vn -0.9243 0.3815 0.0000
vn -0.9809 0.1945 0.0000
vn -0.7821 -0.6231 0.0000
vn -0.1982 0.9801 0.0000
vn -0.3854 0.9227 0.0000
vn -0.9755 0.1945 -0.1025
vn -0.7779 -0.6231 -0.0817
vn -0.1971 0.9801 -0.0207
vn -0.3833 0.9227 -0.0403
vn -0.5547 0.8300 -0.0583
vn -0.7048 0.7055 -0.0741
vn -0.8279 0.5541 -0.0870
vn -0.9193 0.3815 -0.0966
vn -0.6932 0.7055 -0.1473
vn -0.8143 0.5541 -0.1731
vn -0.9041 0.3815 -0.1922
vn -0.9595 0.1945 -0.2039
vn -0.7650 -0.6231 -0.1626
vn -0.1939 0.9801 -0.0412
vn -0.3770 0.9227 -0.0801
vn -0.5456 0.8300 -0.1160
vn -0.1885 0.9801 -0.0613
vn -0.3666 0.9227 -0.1191
vn -0.5305 0.8300 -0.1724
vn -0.6740 0.7055 -0.2190
vn -0.7917 0.5541 -0.2572
vn -0.8791 0.3815 -0.2856
vn -0.9329 0.1945 -0.3031
vn -0.7439 -0.6231 -0.2417
vn -0.6475 0.7055 -0.2882
vn -0.7605 0.5541 -0.3386
vn -0.8444 0.3815 -0.3760
vn -0.8961 0.1945 -0.3990
vn -0.7145 -0.6231 -0.3181
vn -0.1811 0.9801 -0.0806
vn -0.3521 0.9227 -0.1568
vn -0.5096 0.8300 -0.2269
vn -0.1717 0.9801 -0.0991
vn -0.3338 0.9227 -0.1927
vn -0.4831 0.8300 -0.2789
vn -0.6138 0.7055 -0.3544
vn -0.7209 0.5541 -0.4162
vn -0.8005 0.3815 -0.4622
vn -0.8495 0.1945 -0.4904
vn -0.6774 -0.6231 -0.3911
vn -0.6735 0.5541 -0.4893
vn -0.7478 0.3815 -0.5433
vn -0.1603 0.9801 -0.1165
vn -0.7935 0.1945 -0.5766
vn -0.3118 0.9227 -0.2266
vn -0.6328 -0.6231 -0.4597
vn -0.4513 0.8300 -0.3279
vn -0.5734 0.7055 -0.4166
vn -0.7289 0.1945 -0.6563
vn -0.5813 -0.6231 -0.5234
vn -0.1473 0.9801 -0.1326
vn -0.2864 0.9227 -0.2579
vn -0.4145 0.8300 -0.3732
vn -0.5267 0.7055 -0.4742
vn -0.6186 0.5541 -0.5570
vn -0.6869 0.3815 -0.6185
vn -0.3732 0.8300 -0.4145
vn -0.4742 0.7055 -0.5267
vn -0.5570 0.5541 -0.6186
vn -0.6185 0.3815 -0.6869
vn -0.6563 0.1945 -0.7289
vn -0.5234 -0.6231 -0.5813
vn -0.1326 0.9801 -0.1473
vn -0.2579 0.9227 -0.2864
vn -0.5766 0.1945 -0.7935
vn -0.4597 -0.6231 -0.6328
vn -0.1165 0.9801 -0.1603
vn -0.2266 0.9227 -0.3118
vn -0.3279 0.8300 -0.4513
vn -0.4166 0.7055 -0.5734
vn -0.4893 0.5541 -0.6735
vn -0.5433 0.3815 -0.7478
vn -0.3544 0.7055 -0.6138
vn -0.4162 0.5541 -0.7209
vn -0.4622 0.3815 -0.8005
vn -0.4904 0.1945 -0.8495
vn -0.3911 -0.6231 -0.6774
vn -0.0991 0.9801 -0.1717
vn -0.1927 0.9227 -0.3338
vn -0.2789 0.8300 -0.4831
vn -0.0806 0.9801 -0.1811
vn -0.1568 0.9227 -0.3521
vn -0.2269 0.8300 -0.5096
vn -0.2882 0.7055 -0.6475
vn -0.3386 0.5541 -0.7605
vn -0.3760 0.3815 -0.8444
vn -0.3990 0.1945 -0.8961
vn -0.3181 -0.6231 -0.7145
vn -0.2572 0.5541 -0.7917
vn -0.2856 0.3815 -0.8791
vn -0.3031 0.1945 -0.9329
vn -0.2417 -0.6231 -0.7439
vn -0.0613 0.9801 -0.1885
vn -0.1191 0.9227 -0.3666
vn -0.1724 0.8300 -0.5305
vn -0.2190 0.7055 -0.6740
vn -0.0412 0.9801 -0.1939
vn -0.0801 0.9227 -0.3770
vn -0.1160 0.8300 -0.5456
vn -0.1473 0.7055 -0.6932
vn -0.1731 0.5541 -0.8143
vn -0.1922 0.3815 -0.9041
vn -0.2039 0.1945 -0.9595
vn -0.1626 -0.6231 -0.7650
vn -0.0870 0.5541 -0.8279
vn -0.0966 0.3815 -0.9193
vn -0.1025 0.1945 -0.9755
vn -0.0817 -0.6231 -0.7779
vn -0.0207 0.9801 -0.1971
vn -0.0403 0.9227 -0.3833
vn -0.0583 0.8300 -0.5547
vn -0.0741 0.7055 -0.7048
vn 0.0000 -0.7055 0.7087
vn -0.0741 -0.7055 0.7048
vn -0.0583 -0.8300 0.5547
vn 0.0000 -0.8300 0.5578
vn 0.0000 -0.5541 0.8325
vn -0.0870 -0.5541 0.8279
vn 0.0000 -0.3815 0.9243
vn -0.0966 -0.3815 0.9193
vn 0.0000 -0.1943 0.9809
vn -0.1025 -0.1943 0.9756
vn 0.0000 -0.7846 0.6200
vn -0.0648 -0.7846 0.6166
vn 0.0000 -0.9801 0.1982
vn -0.0207 -0.9801 0.1971
vn 0.0000 -1.0000 0.0000
vn 0.0000 -0.9227 0.3854
vn -0.0403 -0.9227 0.3833
vn -0.0801 -0.9227 0.3770
vn -0.0412 -0.9801 0.1939
vn -0.1160 -0.8300 0.5456
vn -0.1473 -0.7055 0.6932
vn -0.1731 -0.5541 0.8143
vn -0.1922 -0.3815 0.9041
vn -0.2039 -0.1943 0.9595
vn -0.1289 -0.7846 0.6064
vn -0.2856 -0.3815 0.8791
vn -0.2572 -0.5541 0.7917
vn -0.3031 -0.1943 0.9329
vn -0.1916 -0.7846 0.5896
vn -0.0612 -0.9801 0.1885
vn -0.1191 -0.9227 0.3666
vn -0.1724 -0.8300 0.5305
vn -0.2190 -0.7055 0.6740
vn -0.2269 -0.8300 0.5096
vn -0.1567 -0.9227 0.3521
vn -0.2882 -0.7055 0.6474
vn -0.3386 -0.5541 0.7605
vn -0.3760 -0.3815 0.8444
vn -0.3990 -0.1943 0.8961
vn -0.2521 -0.7846 0.5664
vn -0.0806 -0.9801 0.1811
vn -0.4905 -0.1943 0.8495
vn -0.4622 -0.3815 0.8005
vn -0.3100 -0.7846 0.5369
vn -0.0991 -0.9801 0.1716
vn -0.1927 -0.9227 0.3338
vn -0.2789 -0.8300 0.4830
vn -0.3544 -0.7055 0.6138
vn -0.4162 -0.5541 0.7209
vn -0.4165 -0.7055 0.5734
vn -0.3279 -0.8300 0.4512
vn -0.4893 -0.5541 0.6735
vn -0.5433 -0.3815 0.7478
vn -0.5766 -0.1943 0.7936
vn -0.3644 -0.7846 0.5016
vn -0.1165 -0.9801 0.1603
vn -0.2265 -0.9227 0.3118
vn -0.4148 -0.7846 0.4607
vn -0.6564 -0.1943 0.7290
vn -0.1326 -0.9801 0.1473
vn -0.2579 -0.9227 0.2864
vn -0.3732 -0.8300 0.4145
vn -0.4742 -0.7055 0.5267
vn -0.5570 -0.5541 0.6186
vn -0.6185 -0.3815 0.6869
vn -0.5267 -0.7055 0.4742
vn -0.4145 -0.8300 0.3732
vn -0.6186 -0.5541 0.5570
vn -0.6869 -0.3815 0.6185
vn -0.7290 -0.1943 0.6564
vn -0.4607 -0.7846 0.4148
vn -0.1473 -0.9801 0.1326
vn -0.2864 -0.9227 0.2579
vn -0.5016 -0.7846 0.3644
vn -0.7936 -0.1943 0.5766
vn -0.1603 -0.9801 0.1165
vn -0.3118 -0.9227 0.2265
vn -0.4512 -0.8300 0.3279
vn -0.5734 -0.7055 0.4165
vn -0.6735 -0.5541 0.4893
vn -0.7478 -0.3815 0.5433
vn -0.7209 -0.5541 0.4162
vn -0.6138 -0.7055 0.3544
vn -0.8005 -0.3815 0.4622
vn -0.8495 -0.1943 0.4905
vn -0.5369 -0.7846 0.3100
vn -0.1716 -0.9801 0.0991
vn -0.3338 -0.9227 0.1927
vn -0.4830 -0.8300 0.2789
vn -0.1811 -0.9801 0.0806
vn -0.3521 -0.9227 0.1567
vn -0.5096 -0.8300 0.2269
vn -0.6474 -0.7055 0.2882
vn -0.7605 -0.5541 0.3386
vn -0.8444 -0.3815 0.3760
vn -0.8961 -0.1943 0.3990
vn -0.5664 -0.7846 0.2521
vn -0.7917 -0.5541 0.2572
vn -0.6740 -0.7055 0.2190
vn -0.8791 -0.3815 0.2856
vn -0.9329 -0.1943 0.3031
vn -0.5896 -0.7846 0.1916
vn -0.1885 -0.9801 0.0612
vn -0.3666 -0.9227 0.1191
vn -0.5305 -0.8300 0.1724
vn -0.3770 -0.9227 0.0801
vn -0.1939 -0.9801 0.0412
vn -0.5456 -0.8300 0.1160
vn -0.6932 -0.7055 0.1473
vn -0.8143 -0.5541 0.1731
vn -0.9041 -0.3815 0.1922
vn -0.9595 -0.1943 0.2039
vn -0.6064 -0.7846 0.1289
vn -0.9193 -0.3815 0.0966
vn -0.8279 -0.5541 0.0870
vn -0.9756 -0.1943 0.1025
vn -0.6166 -0.7846 0.0648
vn -0.1971 -0.9801 0.0207
vn -0.3833 -0.9227 0.0403
vn -0.5547 -0.8300 0.0583
vn -0.7048 -0.7055 0.0741
vn -0.5578 -0.8300 0.0000
vn -0.3854 -0.9227 0.0000
vn -0.7087 -0.7055 0.0000
vn -0.8325 -0.5541 0.0000
vn -0.9243 -0.3815 0.0000
vn -0.9809 -0.1943 0.0000
vn -0.6200 -0.7846 0.0000
vn -0.1982 -0.9801 0.0000
vn -0.9756 -0.1943 -0.1025
vn -0.9193 -0.3815 -0.0966
vn -0.6166 -0.7846 -0.0648
vn -0.1971 -0.9801 -0.0207
vn -0.3833 -0.9227 -0.0403
vn -0.5547 -0.8300 -0.0583
vn -0.7048 -0.7055 -0.0741
vn -0.8279 -0.5541 -0.0870
vn -0.5456 -0.8300 -0.1160
vn -0.3770 -0.9227 -0.0801
vn -0.6932 -0.7055 -0.1473
vn -0.8143 -0.5541 -0.1731
vn -0.9041 -0.3815 -0.1922
vn -0.9595 -0.1943 -0.2039
vn -0.6064 -0.7846 -0.1289
vn -0.1939 -0.9801 -0.0412
vn -0.9329 -0.1943 -0.3031
vn -0.8791 -0.3815 -0.2856
vn -0.5896 -0.7846 -0.1916
vn -0.1885 -0.9801 -0.0612
vn -0.3666 -0.9227 -0.1191
vn -0.5305 -0.8300 -0.1724
vn -0.6740 -0.7055 -0.2190
vn -0.7917 -0.5541 -0.2572
vn -0.6474 -0.7055 -0.2882
vn -0.5096 -0.8300 -0.2269
vn -0.7605 -0.5541 -0.3386
vn -0.8444 -0.3815 -0.3760
vn -0.8961 -0.1943 -0.3990
vn -0.5664 -0.7846 -0.2521
vn -0.1811 -0.9801 -0.0806
vn -0.3521 -0.9227 -0.1567
vn -0.5369 -0.7846 -0.3100
vn -0.8495 -0.1943 -0.4905
vn -0.1716 -0.9801 -0.0991
vn -0.3338 -0.9227 -0.1927
vn -0.4830 -0.8300 -0.2789
vn -0.6138 -0.7055 -0.3544
vn -0.7209 -0.5541 -0.4162
vn -0.8005 -0.3815 -0.4622
vn -0.5734 -0.7055 -0.4165
vn -0.4512 -0.8300 -0.3279
vn -0.6735 -0.5541 -0.4893
vn -0.7478 -0.3815 -0.5433
vn -0.7936 -0.1943 -0.5766
vn -0.5016 -0.7846 -0.3644
vn -0.1603 -0.9801 -0.1165
vn -0.3118 -0.9227 -0.2265
vn -0.4607 -0.7846 -0.4148
vn -0.7290 -0.1943 -0.6564
vn -0.1473 -0.9801 -0.1326
vn -0.2864 -0.9227 -0.2579
vn -0.4145 -0.8300 -0.3732
vn -0.5267 -0.7055 -0.4742
vn -0.6186 -0.5541 -0.5570
vn -0.6869 -0.3815 -0.6185
vn -0.5570 -0.5541 -0.6186
vn -0.4742 -0.7055 -0.5267
vn -0.6185 -0.3815 -0.6869
vn -0.6564 -0.1943 -0.7290
vn -0.4148 -0.7846 -0.4607
vn -0.1326 -0.9801 -0.1473
vn -0.2579 -0.9227 -0.2864
vn -0.3732 -0.8300 -0.4145
vn -0.2265 -0.9227 -0.3118
vn -0.1165 -0.9801 -0.1603
vn -0.3279 -0.8300 -0.4512
vn -0.4165 -0.7055 -0.5734
vn -0.4893 -0.5541 -0.6735
vn -0.5433 -0.3815 -0.7478
vn -0.5766 -0.1943 -0.7936
vn -0.3644 -0.7846 -0.5016
vn -0.4622 -0.3815 -0.8005
vn -0.4162 -0.5541 -0.7209
vn -0.4905 -0.1943 -0.8495
vn -0.3100 -0.7846 -0.5369
vn -0.0991 -0.9801 -0.1716
vn -0.1927 -0.9227 -0.3338
vn -0.2789 -0.8300 -0.4830
vn -0.3544 -0.7055 -0.6138
vn -0.1567 -0.9227 -0.3521
vn -0.0806 -0.9801 -0.1811
vn -0.2269 -0.8300 -0.5096
vn -0.2882 -0.7055 -0.6474
vn -0.3386 -0.5541 -0.7605
vn -0.3760 -0.3815 -0.8444
vn -0.3990 -0.1943 -0.8961
vn -0.2522 -0.7846 -0.5664
vn -0.2856 -0.3815 -0.8791
vn -0.2572 -0.5541 -0.7917
vn -0.3031 -0.1943 -0.9329
vn -0.1916 -0.7846 -0.5896
vn -0.0612 -0.9801 -0.1885
vn -0.1191 -0.9227 -0.3666
vn -0.1724 -0.8300 -0.5305
vn -0.2190 -0.7055 -0.6740
vn -0.1160 -0.8300 -0.5456
vn -0.0801 -0.9227 -0.3770
vn -0.1473 -0.7055 -0.6932
vn -0.1731 -0.5541 -0.8143
vn -0.1922 -0.3815 -0.9041
vn -0.2039 -0.1943 -0.9595
vn -0.1289 -0.7846 -0.6064
vn -0.0412 -0.9801 -0.1939
vn -0.1025 -0.1943 -0.9756
vn -0.0966 -0.3815 -0.9193
vn -0.0648 -0.7846 -0.6166
vn -0.0207 -0.9801 -0.1971
vn -0.0403 -0.9227 -0.3833
vn -0.0583 -0.8300 -0.5547
vn -0.0741 -0.7055 -0.7048
vn -0.0870 -0.5541 -0.8279
vn 0.0000 -0.8300 -0.5578
vn 0.0000 -0.9227 -0.3854
vn 0.0000 -0.7055 -0.7087
vn 0.0000 -0.5541 -0.8325
vn 0.0000 -0.3815 -0.9243
vn 0.0000 -0.1943 -0.9809
vn 0.0000 -0.7846 -0.6200
vn 0.0000 -0.9801 -0.1982
vn 0.1025 -0.1943 -0.9756
vn 0.0966 -0.3815 -0.9193
vn 0.0648 -0.7846 -0.6166
vn 0.0207 -0.9801 -0.1971
vn 0.0403 -0.9227 -0.3833
vn 0.0583 -0.8300 -0.5547
vn 0.0741 -0.7055 -0.7048
vn 0.0870 -0.5541 -0.8279
vn 0.1473 -0.7055 -0.6932
vn 0.1160 -0.8300 -0.5456
vn 0.1731 -0.5541 -0.8143
vn 0.1922 -0.3815 -0.9041
vn 0.2039 -0.1943 -0.9595
vn 0.1289 -0.7846 -0.6064
vn 0.0412 -0.9801 -0.1939
vn 0.0801 -0.9227 -0.3770
vn 0.1916 -0.7846 -0.5896
vn 0.3031 -0.1943 -0.9329
vn 0.0612 -0.9801 -0.1885
vn 0.1191 -0.9227 -0.3666
vn 0.1724 -0.8300 -0.5305
vn 0.2190 -0.7055 -0.6740
vn 0.2572 -0.5541 -0.7917
vn 0.2856 -0.3815 -0.8791
vn 0.3386 -0.5541 -0.7605
vn 0.2882 -0.7055 -0.6474
vn 0.3760 -0.3815 -0.8444
vn 0.3990 -0.1943 -0.8961
vn 0.2521 -0.7846 -0.5664
vn 0.0806 -0.9801 -0.1811
vn 0.1567 -0.9227 -0.3521
vn 0.2269 -0.8300 -0.5096
vn 0.0991 -0.9801 -0.1716
vn 0.1927 -0.9227 -0.3338
vn 0.2789 -0.8300 -0.4830
vn 0.3544 -0.7055 -0.6138
vn 0.4162 -0.5541 -0.7209
vn 0.4622 -0.3815 -0.8005
vn 0.4905 -0.1943 -0.8495
vn 0.3100 -0.7846 -0.5369
vn 0.4893 -0.5541 -0.6735
vn 0.4165 -0.7055 -0.5734
vn 0.5433 -0.3815 -0.7478
vn 0.5766 -0.1943 -0.7936
vn 0.3644 -0.7846 -0.5016
vn 0.1165 -0.9801 -0.1603
vn 0.2265 -0.9227 -0.3118
vn 0.3279 -0.8300 -0.4512
vn 0.2579 -0.9227 -0.2864
vn 0.1326 -0.9801 -0.1473
vn 0.3732 -0.8300 -0.4145
vn 0.4742 -0.7055 -0.5267
vn 0.5570 -0.5541 -0.6186
vn 0.6185 -0.3815 -0.6869
vn 0.6564 -0.1943 -0.7290
vn 0.4148 -0.7846 -0.4607
vn 0.6869 -0.3815 -0.6185
vn 0.6186 -0.5541 -0.5570
vn 0.7290 -0.1943 -0.6564
vn 0.4607 -0.7846 -0.4148
vn 0.1473 -0.9801 -0.1326
vn 0.2864 -0.9227 -0.2579
vn 0.4145 -0.8300 -0.3732
vn 0.5267 -0.7055 -0.4742
vn 0.3118 -0.9227 -0.2265
vn 0.1603 -0.9801 -0.1165
vn 0.4512 -0.8300 -0.3279
vn 0.5734 -0.7055 -0.4165
vn 0.6735 -0.5541 -0.4893
vn 0.7478 -0.3815 -0.5433
vn 0.7936 -0.1943 -0.5766
vn 0.5016 -0.7846 -0.3644
vn 0.8005 -0.3815 -0.4622
vn 0.7209 -0.5541 -0.4162
vn 0.8495 -0.1943 -0.4905
vn 0.5369 -0.7846 -0.3100
vn 0.1716 -0.9801 -0.0991
vn 0.3338 -0.9227 -0.1927
vn 0.4830 -0.8300 -0.2789
vn 0.6138 -0.7055 -0.3544
vn 0.5096 -0.8300 -0.2269
vn 0.3521 -0.9227 -0.1567
vn 0.6474 -0.7055 -0.2882
vn 0.7605 -0.5541 -0.3386
vn 0.8444 -0.3815 -0.3760
vn 0.8961 -0.1943 -0.3990
vn 0.5664 -0.7846 -0.2522
vn 0.1811 -0.9801 -0.0806
vn 0.9329 -0.1943 -0.3031
vn 0.8791 -0.3815 -0.2856
vn 0.5896 -0.7846 -0.1916
vn 0.1885 -0.9801 -0.0612
vn 0.3666 -0.9227 -0.1191
vn 0.5305 -0.8300 -0.1724
vn 0.6740 -0.7055 -0.2190
vn 0.7917 -0.5541 -0.2572
vn 0.6932 -0.7055 -0.1473
vn 0.5456 -0.8300 -0.1160
vn 0.8143 -0.5541 -0.1731
vn 0.9041 -0.3815 -0.1922
vn 0.9595 -0.1943 -0.2039
vn 0.6064 -0.7846 -0.1289
vn 0.1939 -0.9801 -0.0412
vn 0.3770 -0.9227 -0.0801
vn 0.6166 -0.7846 -0.0648
vn 0.9756 -0.1943 -0.1025
vn 0.1971 -0.9801 -0.0207
vn 0.3833 -0.9227 -0.0403
vn 0.5547 -0.8300 -0.0583
vn 0.7048 -0.7055 -0.0741
vn 0.8279 -0.5541 -0.0870
vn 0.9193 -0.3815 -0.0966
vn 0.7087 -0.7055 0.0000
vn 0.5578 -0.8300 0.0000
vn 0.8325 -0.5541 0.0000
vn 0.9243 -0.3815 0.0000
vn 0.9809 -0.1943 0.0000
vn 0.6200 -0.7846 0.0000
vn 0.1982 -0.9801 0.0000
vn 0.3854 -0.9227 0.0000
vn 0.6166 -0.7846 0.0648
vn 0.9756 -0.1943 0.1025
vn 0.1971 -0.9801 0.0207
vn 0.3833 -0.9227 0.0403
vn 0.5547 -0.8300 0.0583
vn 0.7048 -0.7055 0.0741
vn 0.8279 -0.5541 0.0870
vn 0.9193 -0.3815 0.0966
vn 0.8143 -0.5541 0.1731
vn 0.6932 -0.7055 0.1473
vn 0.9041 -0.3815 0.1922
vn 0.9595 -0.1943 0.2039
vn 0.6064 -0.7846 0.1289
vn 0.1939 -0.9801 0.0412
vn 0.3770 -0.9227 0.0801
vn 0.5456 -0.8300 0.1160
vn 0.1885 -0.9801 0.0612
vn 0.3666 -0.9227 0.1191
vn 0.5305 -0.8300 0.1724
vn 0.6740 -0.7055 0.2190
vn 0.7917 -0.5541 0.2572
vn 0.8791 -0.3815 0.2856
vn 0.9329 -0.1943 0.3031
vn 0.5896 -0.7846 0.1916
vn 0.7605 -0.5541 0.3386
vn 0.6474 -0.7055 0.2882
vn 0.8444 -0.3815 0.3760
vn 0.8961 -0.1943 0.3990
vn 0.5664 -0.7846 0.2522
vn 0.1811 -0.9801 0.0806
vn 0.3521 -0.9227 0.1567
vn 0.5096 -0.8300 0.2269
vn 0.3338 -0.9227 0.1927
vn 0.1716 -0.9801 0.0991
vn 0.4830 -0.8300 0.2789
vn 0.6138 -0.7055 0.3544
vn 0.7209 -0.5541 0.4162
vn 0.8005 -0.3815 0.4622
vn 0.8495 -0.1943 0.4905
vn 0.5369 -0.7846 0.3100
vn 0.7478 -0.3815 0.5433
vn 0.6735 -0.5541 0.4893
vn 0.1603 -0.9801 0.1165
vn 0.7936 -0.1943 0.5766
vn 0.3118 -0.9227 0.2265
vn 0.5016 -0.7846 0.3644
vn 0.4512 -0.8300 0.3279
vn 0.5734 -0.7055 0.4165
vn 0.4607 -0.7846 0.4148
vn 0.7290 -0.1943 0.6564
vn 0.1473 -0.9801 0.1326
vn 0.2864 -0.9227 0.2579
vn 0.4145 -0.8300 0.3732
vn 0.5267 -0.7055 0.4742
vn 0.6186 -0.5541 0.5570
vn 0.6869 -0.3815 0.6185
vn 0.4742 -0.7055 0.5267
vn 0.3732 -0.8300 0.4145
vn 0.5570 -0.5541 0.6186
vn 0.6185 -0.3815 0.6869
vn 0.6564 -0.1943 0.7290
vn 0.4148 -0.7846 0.4607
vn 0.1326 -0.9801 0.1473
vn 0.2579 -0.9227 0.2864
vn 0.3644 -0.7846 0.5016
vn 0.5766 -0.1943 0.7936
vn 0.1165 -0.9801 0.1603
vn 0.2265 -0.9227 0.3118
vn 0.3279 -0.8300 0.4512
vn 0.4165 -0.7055 0.5734
vn 0.4893 -0.5541 0.6735
vn 0.5433 -0.3815 0.7478
vn 0.4162 -0.5541 0.7209
vn 0.3544 -0.7055 0.6138
vn 0.4622 -0.3815 0.8005
vn 0.4905 -0.1943 0.8495
vn 0.3100 -0.7846 0.5369
vn 0.0991 -0.9801 0.1716
vn 0.1927 -0.9227 0.3338
vn 0.2789 -0.8300 0.4830
vn 0.1567 -0.9227 0.3521
vn 0.0806 -0.9801 0.1811
vn 0.2269 -0.8300 0.5096
vn 0.2882 -0.7055 0.6474
vn 0.3386 -0.5541 0.7605
vn 0.3760 -0.3815 0.8444
vn 0.3990 -0.1943 0.8961
vn 0.2522 -0.7846 0.5664
vn 0.2856 -0.3815 0.8791
vn 0.2572 -0.5541 0.7917
vn 0.3031 -0.1943 0.9329
vn 0.1916 -0.7846 0.5896
vn 0.0612 -0.9801 0.1885
vn 0.1191 -0.9227 0.3666
vn 0.1724 -0.8300 0.5305
vn 0.2190 -0.7055 0.6740
vn 0.0801 -0.9227 0.3770
vn 0.0412 -0.9801 0.1939
vn 0.1160 -0.8300 0.5456
vn 0.1473 -0.7055 0.6932
vn 0.1731 -0.5541 0.8143
vn 0.1922 -0.3815 0.9041
vn 0.2039 -0.1943 0.9595
vn 0.1289 -0.7846 0.6064
vn 0.0966 -0.3815 0.9193
vn 0.0870 -0.5541 0.8279
vn 0.1025 -0.1943 0.9756
vn 0.0648 -0.7846 0.6166
vn 0.0207 -0.9801 0.1971
vn 0.0403 -0.9227 0.3833
vn 0.0583 -0.8300 0.5547
vn 0.0741 -0.7055 0.7048
usemtl None
s 1
f 478/1/1 477/2/2 5/3/3 6/4/4
f 2/5/5 478/1/1 6/4/4 7/6/6
f 479/7/7 2/5/5 7/6/6 8/8/8
f 480/9/9 479/7/7 8/8/8 9/10/10
f 481/11/11 480/9/9 9/10/10 10/12/12
f 476/13/13 307/14/14 3/15/15
f 1/16/16 476/13/13 3/15/15 4/17/17
f 477/2/2 1/16/16 4/17/17 5/3/3
f 4/17/17 3/15/15 11/18/18 12/19/19
f 5/3/3 4/17/17 12/19/19 13/20/20
f 6/4/4 5/3/3 13/20/20 14/21/21
f 7/6/6 6/4/4 14/21/21 15/22/22
f 8/8/8 7/6/6 15/22/22 16/23/23
f 9/10/10 8/8/8 16/23/23 17/24/24
f 10/12/12 9/10/10 17/24/24 18/25/25
f 3/15/15 307/26/14 11/18/18
f 16/23/23 15/22/22 23/27/26 24/28/27
f 17/24/24 16/23/23 24/28/27 25/29/28
f 18/25/25 17/24/24 25/29/28 26/30/29
f 11/18/18 307/31/14 19/32/30
f 12/19/19 11/18/18 19/32/30 20/33/31
f 13/20/20 12/19/19 20/33/31 21/34/32
f 14/21/21 13/20/20 21/34/32 22/35/33
f 15/22/22 14/21/21 22/35/33 23/27/26
f 21/34/32 20/33/31 28/36/34 29/37/35
f 22/35/33 21/34/32 29/37/35 30/38/36
f 23/27/26 22/35/33 30/38/36 31/39/37
f 24/28/27 23/27/26 31/39/37 32/40/38
f 25/29/28 24/28/27 32/40/38 33/41/39
f 26/30/29 25/29/28 33/41/39 34/42/40
f 19/32/30 307/43/14 27/44/41
f 20/33/31 19/32/30 27/44/41 28/36/34
f 33/41/39 32/40/38 40/45/42 41/46/43
f 34/42/40 33/41/39 41/46/43 42/47/44
f 27/44/41 307/48/14 35/49/45
f 28/36/34 27/44/41 35/49/45 36/50/46
f 29/37/35 28/36/34 36/50/46 37/51/47
f 30/38/36 29/37/35 37/51/47 38/52/48
f 31/39/37 30/38/36 38/52/48 39/53/49
f 32/40/38 31/39/37 39/53/49 40/45/42
f 38/52/48 37/51/47 45/54/50 46/55/51
f 39/53/49 38/52/48 46/55/51 47/56/52
f 40/45/42 39/53/49 47/56/52 48/57/53
f 41/46/43 40/45/42 48/57/53 49/58/54
f 42/47/44 41/46/43 49/58/54 50/59/55
f 35/49/45 307/60/14 43/61/56
f 36/50/46 35/49/45 43/61/56 44/62/57
f 37/51/47 36/50/46 44/62/57 45/54/50
f 50/59/55 49/58/54 57/63/58 58/64/59
f 43/61/56 307/65/14 51/66/60
f 44/62/57 43/61/56 51/66/60 52/67/61
f 45/54/50 44/62/57 52/67/61 53/68/62
f 46/55/51 45/54/50 53/68/62 54/69/63
f 47/56/52 46/55/51 54/69/63 55/70/64
f 48/57/53 47/56/52 55/70/64 56/71/65
f 49/58/54 48/57/53 56/71/65 57/63/58
f 54/69/63 53/68/62 61/72/66 62/73/67
f 55/70/64 54/69/63 62/73/67 63/74/68
f 56/71/65 55/70/64 63/74/68 64/75/69
f 57/63/58 56/71/65 64/75/69 65/76/70
f 58/64/59 57/63/58 65/76/70 66/77/71
f 51/66/60 307/78/14 59/79/72
f 52/67/61 51/66/60 59/79/72 60/80/73
f 53/68/62 52/67/61 60/80/73 61/72/66
f 66/77/71 65/76/70 73/81/74 74/82/75
f 59/79/72 307/83/14 67/84/76
f 60/80/73 59/79/72 67/84/76 68/85/77
f 61/72/66 60/80/73 68/85/77 69/86/78
f 62/73/67 61/72/66 69/86/78 70/87/79
f 63/74/68 62/73/67 70/87/79 71/88/80
f 64/75/69 63/74/68 71/88/80 72/89/81
f 65/76/70 64/75/69 72/89/81 73/81/74
f 71/88/80 70/87/79 78/90/82 79/91/83
f 72/89/81 71/88/80 79/91/83 80/92/84
f 73/81/74 72/89/81 80/92/84 81/93/85
f 74/82/75 73/81/74 81/93/85 82/94/86
f 67/84/76 307/95/14 75/96/87
f 68/85/77 67/84/76 75/96/87 76/97/88
f 69/86/78 68/85/77 76/97/88 77/98/89
f 70/87/79 69/86/78 77/98/89 78/90/82
f 75/96/87 307/99/14 83/100/90
f 76/97/88 75/96/87 83/100/90 84/101/91
f 77/98/89 76/97/88 84/101/91 85/102/92
f 78/90/82 77/98/89 85/102/92 86/103/93
f 79/91/83 78/90/82 86/103/93 87/104/94
f 80/92/84 79/91/83 87/104/94 88/105/95
f 81/93/85 80/92/84 88/105/95 89/106/96
f 82/94/86 81/93/85 89/106/96 90/107/97
f 87/104/94 86/103/93 94/108/98 95/109/99
f 88/105/95 87/104/94 95/109/99 96/110/100
f 89/106/96 88/105/95 96/110/100 97/111/101
f 90/107/97 89/106/96 97/111/101 98/112/102
f 83/100/90 307/113/14 91/114/103
f 84/101/91 83/100/90 91/114/103 92/115/104
f 85/102/92 84/101/91 92/115/104 93/116/105
f 86/103/93 85/102/92 93/116/105 94/108/98
f 92/115/104 91/114/103 99/117/106 100/118/107
f 93/116/105 92/115/104 100/118/107 101/119/108
f 94/108/98 93/116/105 101/119/108 102/120/109
f 95/109/99 94/108/98 102/120/109 103/121/110
f 96/110/100 95/109/99 103/121/110 104/122/111
f 97/111/101 96/110/100 104/122/111 105/123/112
f 98/112/102 97/111/101 105/123/112 106/124/113
f 91/114/103 307/125/14 99/117/106
f 104/122/111 103/121/110 111/126/114 112/127/115
f 105/123/112 104/122/111 112/127/115 113/128/116
f 106/124/113 105/123/112 113/128/116 114/129/117
f 99/117/106 307/130/14 107/131/118
f 100/118/107 99/117/106 107/131/118 108/132/119
f 101/119/108 100/118/107 108/132/119 109/133/120
f 102/120/109 101/119/108 109/133/120 110/134/121
f 103/121/110 102/120/109 110/134/121 111/126/114
f 109/133/120 108/132/119 116/135/122 117/136/123
f 110/134/121 109/133/120 117/136/123 118/137/124
f 111/126/114 110/134/121 118/137/124 119/138/125
f 112/127/115 111/126/114 119/138/125 120/139/126
f 113/128/116 112/127/115 120/139/126 121/140/127
f 114/129/117 113/128/116 121/140/127 122/141/128
f 107/131/118 307/142/14 115/143/129
f 108/132/119 107/131/118 115/143/129 116/135/122
f 121/140/127 120/139/126 128/144/130 129/145/131
f 122/141/128 121/140/127 129/145/131 130/146/132
f 115/143/129 307/147/14 123/148/133
f 116/135/122 115/143/129 123/148/133 124/149/134
f 117/136/123 116/135/122 124/149/134 125/150/135
f 118/137/124 117/136/123 125/150/135 126/151/136
f 119/138/125 118/137/124 126/151/136 127/152/137
f 120/139/126 119/138/125 127/152/137 128/144/130
f 125/150/135 124/149/134 132/153/138 133/154/139
f 126/151/136 125/150/135 133/154/139 134/155/140
f 127/152/137 126/151/136 134/155/140 135/156/141
f 128/144/130 127/152/137 135/156/141 136/157/142
f 129/145/131 128/144/130 136/157/142 137/158/143
f 130/146/132 129/145/131 137/158/143 138/159/144
f 123/148/133 307/160/14 131/161/145
f 124/149/134 123/148/133 131/161/145 132/153/138
f 137/158/143 136/157/142 144/162/146 145/163/147
f 138/159/144 137/158/143 145/163/147 146/164/148
f 131/161/145 307/165/14 139/166/149
f 132/153/138 131/161/145 139/166/149 140/167/150
f 133/154/139 132/153/138 140/167/150 141/168/151
f 134/155/140 133/154/139 141/168/151 142/169/152
f 135/156/141 134/155/140 142/169/152 143/170/153
f 136/157/142 135/156/141 143/170/153 144/162/146
f 142/169/152 141/168/151 149/171/154 150/172/155
f 143/170/153 142/169/152 150/172/155 151/173/156
f 144/162/146 143/170/153 151/173/156 152/174/157
f 145/163/147 144/162/146 152/174/157 153/175/158
f 146/164/148 145/163/147 153/175/158 154/176/159
f 139/166/149 307/177/14 147/178/160
f 140/167/150 139/166/149 147/178/160 148/179/161
f 141/168/151 140/167/150 148/179/161 149/171/154
f 154/176/159 153/175/158 161/180/162 162/181/163
f 147/178/160 307/182/14 155/183/164
f 148/179/161 147/178/160 155/183/164 156/184/165
f 149/171/154 148/179/161 156/184/165 157/185/166
f 150/172/155 149/171/154 157/185/166 158/186/167
f 151/173/156 150/172/155 158/186/167 159/187/168
f 152/174/157 151/173/156 159/187/168 160/188/169
f 153/175/158 152/174/157 160/188/169 161/180/162
f 158/186/167 157/185/166 165/189/170 166/190/171
f 159/187/168 158/186/167 166/190/171 167/191/172
f 160/188/169 159/187/168 167/191/172 168/192/173
f 161/180/162 160/188/169 168/192/173 169/193/174
f 162/181/163 161/180/162 169/193/174 170/194/175
f 155/183/164 307/195/14 163/196/176
f 156/184/165 155/183/164 163/196/176 164/197/177
f 157/185/166 156/184/165 164/197/177 165/189/170
f 170/194/175 169/193/174 177/198/178 178/199/179
f 163/196/176 307/200/14 171/201/180
f 164/197/177 163/196/176 171/201/180 172/202/181
f 165/189/170 164/197/177 172/202/181 173/203/182
f 166/190/171 165/189/170 173/203/182 174/204/183
f 167/191/172 166/190/171 174/204/183 175/205/184
f 168/192/173 167/191/172 175/205/184 176/206/185
f 169/193/174 168/192/173 176/206/185 177/198/178
f 175/205/184 174/204/183 182/207/186 183/208/187
f 176/206/185 175/205/184 183/208/187 184/209/188
f 177/198/178 176/206/185 184/209/188 185/210/189
f 178/199/179 177/198/178 185/210/189 186/211/190
f 171/201/180 307/212/14 179/213/191
f 172/202/181 171/201/180 179/213/191 180/214/192
f 173/203/182 172/202/181 180/214/192 181/215/193
f 174/204/183 173/203/182 181/215/193 182/207/186
f 180/214/192 179/213/191 187/216/194 188/217/195
f 181/215/193 180/214/192 188/217/195 189/218/196
f 182/207/186 181/215/193 189/218/196 190/219/197
f 183/208/187 182/207/186 190/219/197 191/220/198
f 184/209/188 183/208/187 191/220/198 192/221/199
f 185/210/189 184/209/188 192/221/199 193/222/200
f 186/211/190 185/210/189 193/222/200 194/223/201
f 179/213/191 307/224/14 187/216/194
f 192/221/199 191/220/198 199/225/202 200/226/203
f 193/222/200 192/221/199 200/226/203 201/227/204
f 194/223/201 193/222/200 201/227/204 202/228/205
f 187/216/194 307/229/14 195/230/206
f 188/217/195 187/216/194 195/230/206 196/231/207
f 189/218/196 188/217/195 196/231/207 197/232/208
f 190/219/197 189/218/196 197/232/208 198/233/209
f 191/220/198 190/219/197 198/233/209 199/225/202
f 196/231/207 195/230/206 203/234/210 204/235/211
f 197/232/208 196/231/207 204/235/211 205/236/212
f 198/233/209 197/232/208 205/236/212 206/237/213
f 199/225/202 198/233/209 206/237/213 207/238/214
f 200/226/203 199/225/202 207/238/214 208/239/215
f 201/227/204 200/226/203 208/239/215 209/240/216
f 202/228/205 201/227/204 209/240/216 210/241/217
f 195/230/206 307/242/14 203/234/210
f 208/239/215 207/238/214 215/243/218 216/244/219
f 209/240/216 208/239/215 216/244/219 217/245/220
f 210/241/217 209/240/216 217/245/220 218/246/221
f 203/234/210 307/247/14 211/248/222
f 204/235/211 203/234/210 211/248/222 212/249/223
f 205/236/212 204/235/211 212/249/223 213/250/224
f 206/237/213 205/236/212 213/250/224 214/251/225
f 207/238/214 206/237/213 214/251/225 215/243/218
f 213/250/224 212/249/223 220/252/226 221/253/227
f 214/251/225 213/250/224 221/253/227 222/254/228
f 215/243/218 214/251/225 222/254/228 223/255/229
f 216/244/219 215/243/218 223/255/229 224/256/230
f 217/245/220 216/244/219 224/256/230 225/257/231
f 218/246/221 217/245/220 225/257/231 226/258/232
f 211/248/222 307/259/14 219/260/233
f 212/249/223 211/248/222 219/260/233 220/252/226
f 225/257/231 224/256/230 232/261/234 233/262/235
f 226/258/232 225/257/231 233/262/235 234/263/236
f 219/260/233 307/264/14 227/265/237
f 220/252/226 219/260/233 227/265/237 228/266/238
f 221/253/227 220/252/226 228/266/238 229/267/239
f 222/254/228 221/253/227 229/267/239 230/268/240
f 223/255/229 222/254/228 230/268/240 231/269/241
f 224/256/230 223/255/229 231/269/241 232/261/234
f 229/267/239 228/266/238 236/270/242 237/271/243
f 230/268/240 229/267/239 237/271/243 238/272/244
f 231/269/241 230/268/240 238/272/244 239/273/245
f 232/261/234 231/269/241 239/273/245 240/274/246
f 233/262/235 232/261/234 240/274/246 241/275/247
f 234/263/236 233/262/235 241/275/247 242/276/248
f 227/265/237 307/277/14 235/278/249
f 228/266/238 227/265/237 235/278/249 236/270/242
f 241/275/247 240/274/246 248/279/250 249/280/251
f 242/276/248 241/275/247 249/280/251 250/281/252
f 235/278/249 307/282/14 243/283/253
f 236/270/242 235/278/249 243/283/253 244/284/254
f 237/271/243 236/270/242 244/284/254 245/285/255
f 238/272/244 237/271/243 245/285/255 246/286/256
f 239/273/245 238/272/244 246/286/256 247/287/257
f 240/274/246 239/273/245 247/287/257 248/279/250
f 246/286/256 245/285/255 253/288/258 254/289/259
f 247/287/257 246/286/256 254/289/259 255/290/260
f 248/279/250 247/287/257 255/290/260 256/291/261
f 249/280/251 248/279/250 256/291/261 257/292/262
f 250/281/252 249/280/251 257/292/262 258/293/263
f 243/283/253 307/294/14 251/295/264
f 244/284/254 243/283/253 251/295/264 252/296/265
f 245/285/255 244/284/254 252/296/265 253/288/258
f 258/293/263 257/292/262 265/297/266 266/298/267
f 251/295/264 307/299/14 259/300/268
f 252/296/265 251/295/264 259/300/268 260/301/269
f 253/288/258 252/296/265 260/301/269 261/302/270
f 254/289/259 253/288/258 261/302/270 262/303/271
f 255/290/260 254/289/259 262/303/271 263/304/272
f 256/291/261 255/290/260 263/304/272 264/305/273
f 257/292/262 256/291/261 264/305/273 265/297/266
f 263/304/272 262/303/271 270/306/274 271/307/275
f 264/305/273 263/304/272 271/307/275 272/308/276
f 265/297/266 264/305/273 272/308/276 273/309/277
f 266/298/267 265/297/266 273/309/277 274/310/278
f 259/300/268 307/311/14 267/312/279
f 260/301/269 259/300/268 267/312/279 268/313/280
f 261/302/270 260/301/269 268/313/280 269/314/281
f 262/303/271 261/302/270 269/314/281 270/306/274
f 267/312/279 307/315/14 275/316/282
f 268/313/280 267/312/279 275/316/282 276/317/283
f 269/314/281 268/313/280 276/317/283 277/318/284
f 270/306/274 269/314/281 277/318/284 278/319/285
f 271/307/275 270/306/274 278/319/285 279/320/286
f 272/308/276 271/307/275 279/320/286 280/321/287
f 273/309/277 272/308/276 280/321/287 281/322/288
f 274/310/278 273/309/277 281/322/288 282/323/289
f 279/320/286 278/319/285 286/324/290 287/325/291
f 280/321/287 279/320/286 287/325/291 288/326/292
f 281/322/288 280/321/287 288/326/292 289/327/293
f 282/323/289 281/322/288 289/327/293 290/328/294
f 275/316/282 307/329/14 283/330/295
f 276/317/283 275/316/282 283/330/295 284/331/296
f 277/318/284 276/317/283 284/331/296 285/332/297
f 278/319/285 277/318/284 285/332/297 286/324/290
f 284/331/296 283/330/295 291/333/298 292/334/299
f 285/332/297 284/331/296 292/334/299 293/335/300
f 286/324/290 285/332/297 293/335/300 294/336/301
f 287/325/291 286/324/290 294/336/301 295/337/302
f 288/326/292 287/325/291 295/337/302 296/338/303
f 289/327/293 288/326/292 296/338/303 297/339/304
f 290/328/294 289/327/293 297/339/304 298/340/305
f 283/330/295 307/341/14 291/333/298
f 296/338/303 295/337/302 303/342/306 304/343/307
f 297/339/304 296/338/303 304/343/307 305/344/308
f 298/340/305 297/339/304 305/344/308 306/345/309
f 291/333/298 307/346/14 299/347/310
f 292/334/299 291/333/298 299/347/310 300/348/311
f 293/335/300 292/334/299 300/348/311 301/349/312
f 294/336/301 293/335/300 301/349/312 302/350/313
f 295/337/302 294/336/301 302/350/313 303/342/306
f 300/348/311 299/347/310 308/351/314 309/352/315
f 301/349/312 300/348/311 309/352/315 310/353/316
f 302/350/313 301/349/312 310/353/316 311/354/317
f 303/342/306 302/350/313 311/354/317 312/355/318
f 304/343/307 303/342/306 312/355/318 313/356/319
f 305/344/308 304/343/307 313/356/319 314/357/320
f 306/345/309 305/344/308 314/357/320 315/358/321
f 299/347/310 307/359/14 308/351/314
f 313/356/319 312/355/318 320/360/322 321/361/323
f 314/357/320 313/356/319 321/361/323 322/362/324
f 315/358/321 314/357/320 322/362/324 323/363/325
f 308/351/314 307/364/14 316/365/326
f 309/352/315 308/351/314 316/365/326 317/366/327
f 310/353/316 309/352/315 317/366/327 318/367/328
f 311/354/317 310/353/316 318/367/328 319/368/329
f 312/355/318 311/354/317 319/368/329 320/360/322
f 318/367/328 317/366/327 325/369/330 326/370/331
f 319/368/329 318/367/328 326/370/331 327/371/332
f 320/360/322 319/368/329 327/371/332 328/372/333
f 321/361/323 320/360/322 328/372/333 329/373/334
f 322/362/324 321/361/323 329/373/334 330/374/335
f 323/363/325 322/362/324 330/374/335 331/375/336
f 316/365/326 307/376/14 324/377/337
f 317/366/327 316/365/326 324/377/337 325/369/330
f 330/374/335 329/373/334 337/378/338 338/379/339
f 331/375/336 330/374/335 338/379/339 339/380/340
f 324/377/337 307/381/14 332/382/341
f 325/369/330 324/377/337 332/382/341 333/383/342
f 326/370/331 325/369/330 333/383/342 334/384/343
f 327/371/332 326/370/331 334/384/343 335/385/344
f 328/372/333 327/371/332 335/385/344 336/386/345
f 329/373/334 328/372/333 336/386/345 337/378/338
f 335/385/344 334/384/343 342/387/346 343/388/347
f 336/386/345 335/385/344 343/388/347 344/389/348
f 337/378/338 336/386/345 344/389/348 345/390/349
f 338/379/339 337/378/338 345/390/349 346/391/350
f 339/380/340 338/379/339 346/391/350 347/392/351
f 332/382/341 307/393/14 340/394/352
f 333/383/342 332/382/341 340/394/352 341/395/353
f 334/384/343 333/383/342 341/395/353 342/387/346
f 347/392/351 346/391/350 354/396/354 355/397/355
f 340/394/352 307/398/14 348/399/356
f 341/395/353 340/394/352 348/399/356 349/400/357
f 342/387/346 341/395/353 349/400/357 350/401/358
f 343/388/347 342/387/346 350/401/358 351/402/359
f 344/389/348 343/388/347 351/402/359 352/403/360
f 345/390/349 344/389/348 352/403/360 353/404/361
f 346/391/350 345/390/349 353/404/361 354/396/354
f 351/402/359 350/401/358 358/405/362 359/406/363
f 352/403/360 351/402/359 359/406/363 360/407/364
f 353/404/361 352/403/360 360/407/364 361/408/365
f 354/396/354 353/404/361 361/408/365 362/409/366
f 355/397/355 354/396/354 362/409/366 363/410/367
f 348/399/356 307/411/14 356/412/368
f 349/400/357 348/399/356 356/412/368 357/413/369
f 350/401/358 349/400/357 357/413/369 358/405/362
f 363/414/367 362/415/366 370/416/370 371/417/371
f 356/418/368 307/419/14 364/420/372
f 357/421/369 356/418/368 364/420/372 365/422/373
f 358/423/362 357/421/369 365/422/373 366/424/374
f 359/425/363 358/423/362 366/424/374 367/426/375
f 360/427/364 359/425/363 367/426/375 368/428/376
f 361/429/365 360/427/364 368/428/376 369/430/377
f 362/415/366 361/429/365 369/430/377 370/416/370
f 368/428/376 367/426/375 375/431/378 376/432/379
f 369/430/377 368/428/376 376/432/379 377/433/380
f 370/416/370 369/430/377 377/433/380 378/434/381
f 371/417/371 370/416/370 378/434/381 379/435/382
f 364/420/372 307/436/14 372/437/383
f 365/422/373 364/420/372 372/437/383 373/438/384
f 366/424/374 365/422/373 373/438/384 374/439/385
f 367/426/375 366/424/374 374/439/385 375/431/378
f 372/437/383 307/440/14 380/441/386
f 373/438/384 372/437/383 380/441/386 381/442/387
f 374/439/385 373/438/384 381/442/387 382/443/388
f 375/431/378 374/439/385 382/443/388 383/444/389
f 376/432/379 375/431/378 383/444/389 384/445/390
f 377/433/380 376/432/379 384/445/390 385/446/391
f 378/434/381 377/433/380 385/446/391 386/447/392
f 379/435/382 378/434/381 386/447/392 387/448/393
f 384/445/390 383/444/389 391/449/394 392/450/395
f 385/446/391 384/445/390 392/450/395 393/451/396
f 386/447/392 385/446/391 393/451/396 394/452/397
f 387/448/393 386/447/392 394/452/397 395/453/398
f 380/441/386 307/454/14 388/455/399
f 381/442/387 380/441/386 388/455/399 389/456/400
f 382/443/388 381/442/387 389/456/400 390/457/401
f 383/444/389 382/443/388 390/457/401 391/449/394
f 389/456/400 388/455/399 396/458/402 397/459/403
f 390/457/401 389/456/400 397/459/403 398/460/404
f 391/449/394 390/457/401 398/460/404 399/461/405
f 392/450/395 391/449/394 399/461/405 400/462/406
f 393/451/396 392/450/395 400/462/406 401/463/407
f 394/452/397 393/451/396 401/463/407 402/464/408
f 395/453/398 394/452/397 402/464/408 403/465/409
f 388/455/399 307/466/14 396/458/402
f 401/463/407 400/462/406 408/467/410 409/468/411
f 396/458/402 307/469/14 404/470/412
f 402/464/408 401/463/407 409/468/411 410/471/413
f 397/459/403 396/458/402 404/470/412 405/472/414
f 403/465/409 402/464/408 410/471/413 411/473/415
f 398/460/404 397/459/403 405/472/414 406/474/416
f 399/461/405 398/460/404 406/474/416 407/475/417
f 400/462/406 399/461/405 407/475/417 408/467/410
f 411/473/415 410/471/413 418/476/418 419/477/419
f 404/470/412 307/478/14 412/479/420
f 405/472/414 404/470/412 412/479/420 413/480/421
f 406/474/416 405/472/414 413/480/421 414/481/422
f 407/475/417 406/474/416 414/481/422 415/482/423
f 408/467/410 407/475/417 415/482/423 416/483/424
f 409/468/411 408/467/410 416/483/424 417/484/425
f 410/471/413 409/468/411 417/484/425 418/476/418
f 415/482/423 414/481/422 422/485/426 423/486/427
f 416/483/424 415/482/423 423/486/427 424/487/428
f 417/484/425 416/483/424 424/487/428 425/488/429
f 418/476/418 417/484/425 425/488/429 426/489/430
f 419/477/419 418/476/418 426/489/430 427/490/431
f 412/479/420 307/491/14 420/492/432
f 413/480/421 412/479/420 420/492/432 421/493/433
f 414/481/422 413/480/421 421/493/433 422/485/426
f 427/490/431 426/489/430 434/494/434 435/495/435
f 420/492/432 307/496/14 428/497/436
f 421/493/433 420/492/432 428/497/436 429/498/437
f 422/485/426 421/493/433 429/498/437 430/499/438
f 423/486/427 422/485/426 430/499/438 431/500/439
f 424/487/428 423/486/427 431/500/439 432/501/440
f 425/488/429 424/487/428 432/501/440 433/502/441
f 426/489/430 425/488/429 433/502/441 434/494/434
f 432/501/440 431/500/439 439/503/442 440/504/443
f 433/502/441 432/501/440 440/504/443 441/505/444
f 434/494/434 433/502/441 441/505/444 442/506/445
f 435/495/435 434/494/434 442/506/445 443/507/446
f 428/497/436 307/508/14 436/509/447
f 429/498/437 428/497/436 436/509/447 437/510/448
f 430/499/438 429/498/437 437/510/448 438/511/449
f 431/500/439 430/499/438 438/511/449 439/503/442
f 437/510/448 436/509/447 444/512/450 445/513/451
f 438/511/449 437/510/448 445/513/451 446/514/452
f 439/503/442 438/511/449 446/514/452 447/515/453
f 440/504/443 439/503/442 447/515/453 448/516/454
f 441/505/444 440/504/443 448/516/454 449/517/455
f 442/506/445 441/505/444 449/517/455 450/518/456
f 443/507/446 442/506/445 450/518/456 451/519/457
f 436/509/447 307/520/14 444/512/450
f 449/517/455 448/516/454 456/521/458 457/522/459
f 450/518/456 449/517/455 457/522/459 458/523/460
f 451/519/457 450/518/456 458/523/460 459/524/461
f 444/512/450 307/525/14 452/526/462
f 445/513/451 444/512/450 452/526/462 453/527/463
f 446/514/452 445/513/451 453/527/463 454/528/464
f 447/515/453 446/514/452 454/528/464 455/529/465
f 448/516/454 447/515/453 455/529/465 456/521/458
f 453/527/463 452/526/462 460/530/466 461/531/467
f 454/528/464 453/527/463 461/531/467 462/532/468
f 455/529/465 454/528/464 462/532/468 463/533/469
f 456/521/458 455/529/465 463/533/469 464/534/470
f 457/522/459 456/521/458 464/534/470 465/535/471
f 458/523/460 457/522/459 465/535/471 466/536/472
f 459/524/461 458/523/460 466/536/472 467/537/473
f 452/526/462 307/538/14 460/530/466
f 465/535/471 464/534/470 472/539/474 473/540/475
f 466/536/472 465/535/471 473/540/475 474/541/476
f 467/537/473 466/536/472 474/541/476 475/542/477
f 460/530/466 307/543/14 468/544/478
f 461/531/467 460/530/466 468/544/478 469/545/479
f 462/532/468 461/531/467 469/545/479 470/546/480
f 463/533/469 462/532/468 470/546/480 471/547/481
f 464/534/470 463/533/469 471/547/481 472/539/474
f 470/546/480 469/545/479 1/16/16 477/2/2
f 471/547/481 470/546/480 477/2/2 478/1/1
f 472/539/474 471/547/481 478/1/1 2/5/5
f 473/540/475 472/539/474 2/5/5 479/7/7
f 474/541/476 473/540/475 479/7/7 480/9/9
f 475/542/477 474/541/476 480/9/9 481/11/11
f 468/544/478 307/548/14 476/13/13
f 469/545/479 468/544/478 476/13/13 1/16/16
f 959/549/482 487/550/483 486/551/484 958/552/485
f 483/553/486 488/554/487 487/550/483 959/549/482
f 960/555/488 489/556/489 488/554/487 483/553/486
f 961/557/490 490/558/491 489/556/489 960/555/488
f 962/559/492 491/560/493 490/558/491 961/557/490
f 957/561/494 484/562/495 788/563/496
f 482/564/497 485/565/498 484/562/495 957/561/494
f 958/552/485 486/551/484 485/565/498 482/564/497
f 485/565/498 493/566/499 492/567/500 484/562/495
f 486/551/484 494/568/501 493/566/499 485/565/498
f 487/550/483 495/569/502 494/568/501 486/551/484
f 488/554/487 496/570/503 495/569/502 487/550/483
f 489/556/489 497/571/504 496/570/503 488/554/487
f 490/558/491 498/572/505 497/571/504 489/556/489
f 491/560/493 499/573/506 498/572/505 490/558/491
f 484/562/495 492/567/500 788/574/496
f 497/571/504 505/575/507 504/576/508 496/570/503
f 498/572/505 506/577/509 505/575/507 497/571/504
f 499/573/506 507/578/510 506/577/509 498/572/505
f 492/567/500 500/579/511 788/580/496
f 493/566/499 501/581/512 500/579/511 492/567/500
f 494/568/501 502/582/513 501/581/512 493/566/499
f 495/569/502 503/583/514 502/582/513 494/568/501
f 496/570/503 504/576/508 503/583/514 495/569/502
f 502/582/513 510/584/515 509/585/516 501/581/512
f 503/583/514 511/586/517 510/584/515 502/582/513
f 504/576/508 512/587/518 511/586/517 503/583/514
f 505/575/507 513/588/519 512/587/518 504/576/508
f 506/577/509 514/589/520 513/588/519 505/575/507
f 507/578/510 515/590/521 514/589/520 506/577/509
f 500/579/511 508/591/522 788/592/496
f 501/581/512 509/585/516 508/591/522 500/579/511
f 514/589/520 522/593/523 521/594/524 513/588/519
f 515/590/521 523/595/525 522/593/523 514/589/520
f 508/591/522 516/596/526 788/597/496
f 509/585/516 517/598/527 516/596/526 508/591/522
f 510/584/515 518/599/528 517/598/527 509/585/516
f 511/586/517 519/600/529 518/599/528 510/584/515
f 512/587/518 520/601/530 519/600/529 511/586/517
f 513/588/519 521/594/524 520/601/530 512/587/518
f 519/600/529 527/602/531 526/603/532 518/599/528
f 520/601/530 528/604/533 527/602/531 519/600/529
f 521/594/524 529/605/534 528/604/533 520/601/530
f 522/593/523 530/606/535 529/605/534 521/594/524
f 523/595/525 531/607/536 530/606/535 522/593/523
f 516/596/526 524/608/537 788/609/496
f 517/598/527 525/610/538 524/608/537 516/596/526
f 518/599/528 526/603/532 525/610/538 517/598/527
f 531/607/536 539/611/539 538/612/540 530/606/535
f 524/608/537 532/613/541 788/614/496
f 525/610/538 533/615/542 532/613/541 524/608/537
f 526/603/532 534/616/543 533/615/542 525/610/538
f 527/602/531 535/617/544 534/616/543 526/603/532
f 528/604/533 536/618/545 535/617/544 527/602/531
f 529/605/534 537/619/546 536/618/545 528/604/533
f 530/606/535 538/612/540 537/619/546 529/605/534
f 535/617/544 543/620/547 542/621/548 534/616/543
f 536/618/545 544/622/549 543/620/547 535/617/544
f 537/619/546 545/623/550 544/622/549 536/618/545
f 538/612/540 546/624/551 545/623/550 537/619/546
f 539/611/539 547/625/552 546/624/551 538/612/540
f 532/613/541 540/626/553 788/627/496
f 533/615/542 541/628/554 540/626/553 532/613/541
f 534/616/543 542/621/548 541/628/554 533/615/542
f 547/625/552 555/629/555 554/630/556 546/624/551
f 540/626/553 548/631/557 788/632/496
f 541/628/554 549/633/558 548/631/557 540/626/553
f 542/621/548 550/634/559 549/633/558 541/628/554
f 543/620/547 551/635/560 550/634/559 542/621/548
f 544/622/549 552/636/561 551/635/560 543/620/547
f 545/623/550 553/637/562 552/636/561 544/622/549
f 546/624/551 554/630/556 553/637/562 545/623/550
f 552/636/561 560/638/563 559/639/564 551/635/560
f 553/637/562 561/640/565 560/638/563 552/636/561
f 554/630/556 562/641/566 561/640/565 553/637/562
f 555/629/555 563/642/567 562/641/566 554/630/556
f 548/631/557 556/643/568 788/644/496
f 549/633/558 557/645/569 556/643/568 548/631/557
f 550/634/559 558/646/570 557/645/569 549/633/558
f 551/635/560 559/639/564 558/646/570 550/634/559
f 556/643/568 564/647/571 788/648/496
f 557/645/569 565/649/572 564/647/571 556/643/568
f 558/646/570 566/650/573 565/649/572 557/645/569
f 559/639/564 567/651/574 566/650/573 558/646/570
f 560/638/563 568/652/575 567/651/574 559/639/564
f 561/640/565 569/653/576 568/652/575 560/638/563
f 562/641/566 570/654/577 569/653/576 561/640/565
f 563/642/567 571/655/578 570/654/577 562/641/566
f 568/652/575 576/656/579 575/657/580 567/651/574
f 569/653/576 577/658/581 576/656/579 568/652/575
f 570/654/577 578/659/582 577/658/581 569/653/576
f 571/655/578 579/660/583 578/659/582 570/654/577
f 564/647/571 572/661/584 788/662/496
f 565/649/572 573/663/585 572/661/584 564/647/571
f 566/650/573 574/664/586 573/663/585 565/649/572
f 567/651/574 575/657/580 574/664/586 566/650/573
f 573/663/585 581/665/587 580/666/588 572/661/584
f 574/664/586 582/667/589 581/665/587 573/663/585
f 575/657/580 583/668/590 582/667/589 574/664/586
f 576/656/579 584/669/591 583/668/590 575/657/580
f 577/658/581 585/670/592 584/669/591 576/656/579
f 578/659/582 586/671/593 585/670/592 577/658/581
f 579/660/583 587/672/594 586/671/593 578/659/582
f 572/661/584 580/666/588 788/673/496
f 585/670/592 593/674/595 592/675/596 584/669/591
f 586/671/593 594/676/597 593/674/595 585/670/592
f 587/672/594 595/677/598 594/676/597 586/671/593
f 580/666/588 588/678/599 788/679/496
f 581/665/587 589/680/600 588/678/599 580/666/588
f 582/667/589 590/681/601 589/680/600 581/665/587
f 583/668/590 591/682/602 590/681/601 582/667/589
f 584/669/591 592/675/596 591/682/602 583/668/590
f 590/681/601 598/683/603 597/684/604 589/680/600
f 591/682/602 599/685/605 598/683/603 590/681/601
f 592/675/596 600/686/606 599/685/605 591/682/602
f 593/674/595 601/687/607 600/686/606 592/675/596
f 594/676/597 602/688/608 601/687/607 593/674/595
f 595/677/598 603/689/609 602/688/608 594/676/597
f 588/678/599 596/690/610 788/691/496
f 589/680/600 597/684/604 596/690/610 588/678/599
f 602/688/608 610/692/611 609/693/612 601/687/607
f 603/689/609 611/694/613 610/692/611 602/688/608
f 596/690/610 604/695/614 788/696/496
f 597/684/604 605/697/615 604/695/614 596/690/610
f 598/683/603 606/698/616 605/697/615 597/684/604
f 599/685/605 607/699/617 606/698/616 598/683/603
f 600/686/606 608/700/618 607/699/617 599/685/605
f 601/687/607 609/693/612 608/700/618 600/686/606
f 606/698/616 614/701/619 613/702/620 605/697/615
f 607/699/617 615/703/621 614/701/619 606/698/616
f 608/700/618 616/704/622 615/703/621 607/699/617
f 609/693/612 617/705/623 616/704/622 608/700/618
f 610/692/611 618/706/624 617/705/623 609/693/612
f 611/694/613 619/707/625 618/706/624 610/692/611
f 604/695/614 612/708/626 788/709/496
f 605/697/615 613/702/620 612/708/626 604/695/614
f 618/706/624 626/710/627 625/711/628 617/705/623
f 619/707/625 627/712/629 626/710/627 618/706/624
f 612/708/626 620/713/630 788/714/496
f 613/702/620 621/715/631 620/713/630 612/708/626
f 614/701/619 622/716/632 621/715/631 613/702/620
f 615/703/621 623/717/633 622/716/632 614/701/619
f 616/704/622 624/718/634 623/717/633 615/703/621
f 617/705/623 625/711/628 624/718/634 616/704/622
f 623/717/633 631/719/635 630/720/636 622/716/632
f 624/718/634 632/721/637 631/719/635 623/717/633
f 625/711/628 633/722/638 632/721/637 624/718/634
f 626/710/627 634/723/639 633/722/638 625/711/628
f 627/712/629 635/724/640 634/723/639 626/710/627
f 620/713/630 628/725/641 788/726/496
f 621/715/631 629/727/642 628/725/641 620/713/630
f 622/716/632 630/720/636 629/727/642 621/715/631
f 635/724/640 643/728/643 642/729/644 634/723/639
f 628/725/641 636/730/645 788/731/496
f 629/727/642 637/732/646 636/730/645 628/725/641
f 630/720/636 638/733/647 637/732/646 629/727/642
f 631/719/635 639/734/648 638/733/647 630/720/636
f 632/721/637 640/735/649 639/734/648 631/719/635
f 633/722/638 641/736/650 640/735/649 632/721/637
f 634/723/639 642/729/644 641/736/650 633/722/638
f 639/734/648 647/737/651 646/738/652 638/733/647
f 640/735/649 648/739/653 647/737/651 639/734/648
f 641/736/650 649/740/654 648/739/653 640/735/649
f 642/729/644 650/741/655 649/740/654 641/736/650
f 643/728/643 651/742/656 650/741/655 642/729/644
f 636/730/645 644/743/657 788/744/496
f 637/732/646 645/745/658 644/743/657 636/730/645
f 638/733/647 646/738/652 645/745/658 637/732/646
f 651/742/656 659/746/659 658/747/660 650/741/655
f 644/743/657 652/748/661 788/749/496
f 645/745/658 653/750/662 652/748/661 644/743/657
f 646/738/652 654/751/663 653/750/662 645/745/658
f 647/737/651 655/752/664 654/751/663 646/738/652
f 648/739/653 656/753/665 655/752/664 647/737/651
f 649/740/654 657/754/666 656/753/665 648/739/653
f 650/741/655 658/747/660 657/754/666 649/740/654
f 656/753/665 664/755/667 663/756/668 655/752/664
f 657/754/666 665/757/669 664/755/667 656/753/665
f 658/747/660 666/758/670 665/757/669 657/754/666
f 659/746/659 667/759/671 666/758/670 658/747/660
f 652/748/661 660/760/672 788/761/496
f 653/750/662 661/762/673 660/760/672 652/748/661
f 654/751/663 662/763/674 661/762/673 653/750/662
f 655/752/664 663/756/668 662/763/674 654/751/663
f 661/762/673 669/764/675 668/765/676 660/760/672
f 662/763/674 670/766/677 669/764/675 661/762/673
f 663/756/668 671/767/678 670/766/677 662/763/674
f 664/755/667 672/768/679 671/767/678 663/756/668
f 665/757/669 673/769/680 672/768/679 664/755/667
f 666/758/670 674/770/681 673/769/680 665/757/669
f 667/759/671 675/771/682 674/770/681 666/758/670
f 660/760/672 668/765/676 788/772/496
f 673/769/680 681/773/683 680/774/684 672/768/679
f 674/770/681 682/775/685 681/773/683 673/769/680
f 675/771/682 683/776/686 682/775/685 674/770/681
f 668/765/676 676/777/687 788/778/496
f 669/764/675 677/779/688 676/777/687 668/765/676
f 670/766/677 678/780/689 677/779/688 669/764/675
f 671/767/678 679/781/690 678/780/689 670/766/677
f 672/768/679 680/774/684 679/781/690 671/767/678
f 677/779/688 685/782/691 684/783/692 676/777/687
f 678/780/689 686/784/693 685/782/691 677/779/688
f 679/781/690 687/785/694 686/784/693 678/780/689
f 680/774/684 688/786/695 687/785/694 679/781/690
f 681/773/683 689/787/696 688/786/695 680/774/684
f 682/775/685 690/788/697 689/787/696 681/773/683
f 683/776/686 691/789/698 690/788/697 682/775/685
f 676/777/687 684/783/692 788/790/496
f 689/787/696 697/791/699 696/792/700 688/786/695
f 690/788/697 698/793/701 697/791/699 689/787/696
f 691/789/698 699/794/702 698/793/701 690/788/697
f 684/783/692 692/795/703 788/796/496
f 685/782/691 693/797/704 692/795/703 684/783/692
f 686/784/693 694/798/705 693/797/704 685/782/691
f 687/785/694 695/799/706 694/798/705 686/784/693
f 688/786/695 696/792/700 695/799/706 687/785/694
f 694/798/705 702/800/707 701/801/708 693/797/704
f 695/799/706 703/802/709 702/800/707 694/798/705
f 696/792/700 704/803/710 703/802/709 695/799/706
f 697/791/699 705/804/711 704/803/710 696/792/700
f 698/793/701 706/805/712 705/804/711 697/791/699
f 699/794/702 707/806/713 706/805/712 698/793/701
f 692/795/703 700/807/714 788/808/496
f 693/797/704 701/801/708 700/807/714 692/795/703
f 706/805/712 714/809/715 713/810/716 705/804/711
f 707/806/713 715/811/717 714/809/715 706/805/712
f 700/807/714 708/812/718 788/813/496
f 701/801/708 709/814/719 708/812/718 700/807/714
f 702/800/707 710/815/720 709/814/719 701/801/708
f 703/802/709 711/816/721 710/815/720 702/800/707
f 704/803/710 712/817/722 711/816/721 703/802/709
f 705/804/711 713/810/716 712/817/722 704/803/710
f 710/815/720 718/818/723 717/819/724 709/814/719
f 711/816/721 719/820/725 718/818/723 710/815/720
f 712/817/722 720/821/726 719/820/725 711/816/721
f 713/810/716 721/822/727 720/821/726 712/817/722
f 714/809/715 722/823/728 721/822/727 713/810/716
f 715/811/717 723/824/729 722/823/728 714/809/715
f 708/812/718 716/825/730 788/826/496
f 709/814/719 717/819/724 716/825/730 708/812/718
f 722/823/728 730/827/731 729/828/732 721/822/727
f 723/824/729 731/829/733 730/827/731 722/823/728
f 716/825/730 724/830/734 788/831/496
f 717/819/724 725/832/735 724/830/734 716/825/730
f 718/818/723 726/833/736 725/832/735 717/819/724
f 719/820/725 727/834/737 726/833/736 718/818/723
f 720/821/726 728/835/738 727/834/737 719/820/725
f 721/822/727 729/828/732 728/835/738 720/821/726
f 727/834/737 735/836/739 734/837/740 726/833/736
f 728/835/738 736/838/741 735/836/739 727/834/737
f 729/828/732 737/839/742 736/838/741 728/835/738
f 730/827/731 738/840/743 737/839/742 729/828/732
f 731/829/733 739/841/744 738/840/743 730/827/731
f 724/830/734 732/842/745 788/843/496
f 725/832/735 733/844/746 732/842/745 724/830/734
f 726/833/736 734/837/740 733/844/746 725/832/735
f 739/841/744 747/845/747 746/846/748 738/840/743
f 732/842/745 740/847/749 788/848/496
f 733/844/746 741/849/750 740/847/749 732/842/745
f 734/837/740 742/850/751 741/849/750 733/844/746
f 735/836/739 743/851/752 742/850/751 734/837/740
f 736/838/741 744/852/753 743/851/752 735/836/739
f 737/839/742 745/853/754 744/852/753 736/838/741
f 738/840/743 746/846/748 745/853/754 737/839/742
f 744/852/753 752/854/755 751/855/756 743/851/752
f 745/853/754 753/856/757 752/854/755 744/852/753
f 746/846/748 754/857/758 753/856/757 745/853/754
f 747/845/747 755/858/759 754/857/758 746/846/748
f 740/847/749 748/859/760 788/860/496
f 741/849/750 749/861/761 748/859/760 740/847/749
f 742/850/751 750/862/762 749/861/761 741/849/750
f 743/851/752 751/855/756 750/862/762 742/850/751
f 748/859/760 756/863/763 788/864/496
f 749/861/761 757/865/764 756/863/763 748/859/760
f 750/862/762 758/866/765 757/865/764 749/861/761
f 751/855/756 759/867/766 758/866/765 750/862/762
f 752/854/755 760/868/767 759/867/766 751/855/756
f 753/856/757 761/869/768 760/868/767 752/854/755
f 754/857/758 762/870/769 761/869/768 753/856/757
f 755/858/759 763/871/770 762/870/769 754/857/758
f 760/868/767 768/872/771 767/873/772 759/867/766
f 761/869/768 769/874/773 768/872/771 760/868/767
f 762/870/769 770/875/774 769/874/773 761/869/768
f 763/871/770 771/876/775 770/875/774 762/870/769
f 756/863/763 764/877/776 788/878/496
f 757/865/764 765/879/777 764/877/776 756/863/763
f 758/866/765 766/880/778 765/879/777 757/865/764
f 759/867/766 767/873/772 766/880/778 758/866/765
f 765/879/777 773/881/779 772/882/780 764/877/776
f 766/880/778 774/883/781 773/881/779 765/879/777
f 767/873/772 775/884/782 774/883/781 766/880/778
f 768/872/771 776/885/783 775/884/782 767/873/772
f 769/874/773 777/886/784 776/885/783 768/872/771
f 770/875/774 778/887/785 777/886/784 769/874/773
f 771/876/775 779/888/786 778/887/785 770/875/774
f 764/877/776 772/882/780 788/889/496
f 777/886/784 785/890/787 784/891/788 776/885/783
f 778/887/785 786/892/789 785/890/787 777/886/784
f 779/888/786 787/893/790 786/892/789 778/887/785
f 772/882/780 780/894/791 788/895/496
f 773/881/779 781/896/792 780/894/791 772/882/780
f 774/883/781 782/897/793 781/896/792 773/881/779
f 775/884/782 783/898/794 782/897/793 774/883/781
f 776/885/783 784/891/788 783/898/794 775/884/782
f 781/896/792 790/899/795 789/900/796 780/894/791
f 782/897/793 791/901/797 790/899/795 781/896/792
f 783/898/794 792/902/798 791/901/797 782/897/793
f 784/891/788 793/903/799 792/902/798 783/898/794
f 785/890/787 794/904/800 793/903/799 784/891/788
f 786/892/789 795/905/801 794/904/800 785/890/787
f 787/893/790 796/906/802 795/905/801 786/892/789
f 780/894/791 789/900/796 788/907/496
f 794/904/800 802/908/803 801/909/804 793/903/799
f 795/905/801 803/910/805 802/908/803 794/904/800
f 796/906/802 804/911/806 803/910/805 795/905/801
f 789/900/796 797/912/807 788/913/496
f 790/899/795 798/914/808 797/912/807 789/900/796
f 791/901/797 799/915/809 798/914/808 790/899/795
f 792/902/798 800/916/810 799/915/809 791/901/797
f 793/903/799 801/909/804 800/916/810 792/902/798
f 799/915/809 807/917/811 806/918/812 798/914/808
f 800/916/810 808/919/813 807/917/811 799/915/809
f 801/909/804 809/920/814 808/919/813 800/916/810
f 802/908/803 810/921/815 809/920/814 801/909/804
f 803/910/805 811/922/816 810/921/815 802/908/803
f 804/911/806 812/923/817 811/922/816 803/910/805
f 797/912/807 805/924/818 788/925/496
f 798/914/808 806/918/812 805/924/818 797/912/807
f 811/922/816 819/926/819 818/927/820 810/921/815
f 812/923/817 820/928/821 819/926/819 811/922/816
f 805/924/818 813/929/822 788/930/496
f 806/918/812 814/931/823 813/929/822 805/924/818
f 807/917/811 815/932/824 814/931/823 806/918/812
f 808/919/813 816/933/825 815/932/824 807/917/811
f 809/920/814 817/934/826 816/933/825 808/919/813
f 810/921/815 818/927/820 817/934/826 809/920/814
f 816/933/825 824/935/827 823/936/828 815/932/824
f 817/934/826 825/937/829 824/935/827 816/933/825
f 818/927/820 826/938/830 825/937/829 817/934/826
f 819/926/819 827/939/831 826/938/830 818/927/820
f 820/928/821 828/940/832 827/939/831 819/926/819
f 813/929/822 821/941/833 788/942/496
f 814/931/823 822/943/834 821/941/833 813/929/822
f 815/932/824 823/936/828 822/943/834 814/931/823
f 828/940/832 836/944/835 835/945/836 827/939/831
f 821/941/833 829/946/837 788/947/496
f 822/943/834 830/948/838 829/946/837 821/941/833
f 823/936/828 831/949/839 830/948/838 822/943/834
f 824/935/827 832/950/840 831/949/839 823/936/828
f 825/937/829 833/951/841 832/950/840 824/935/827
f 826/938/830 834/952/842 833/951/841 825/937/829
f 827/939/831 835/945/836 834/952/842 826/938/830
f 832/950/840 840/953/843 839/954/844 831/949/839
f 833/951/841 841/955/845 840/953/843 832/950/840
f 834/952/842 842/956/846 841/955/845 833/951/841
f 835/945/836 843/957/847 842/956/846 834/952/842
f 836/944/835 844/958/848 843/957/847 835/945/836
f 829/946/837 837/959/849 788/960/496
f 830/948/838 838/961/850 837/959/849 829/946/837
f 831/949/839 839/954/844 838/961/850 830/948/838
f 844/962/848 852/963/851 851/964/852 843/965/847
f 837/966/849 845/967/853 788/968/496
f 838/969/850 846/970/854 845/967/853 837/966/849
f 839/971/844 847/972/855 846/970/854 838/969/850
f 840/973/843 848/974/856 847/972/855 839/971/844
f 841/975/845 849/976/857 848/974/856 840/973/843
f 842/977/846 850/978/858 849/976/857 841/975/845
f 843/965/847 851/964/852 850/978/858 842/977/846
f 849/976/857 857/979/859 856/980/860 848/974/856
f 850/978/858 858/981/861 857/979/859 849/976/857
f 851/964/852 859/982/862 858/981/861 850/978/858
f 852/963/851 860/983/863 859/982/862 851/964/852
f 845/967/853 853/984/864 788/985/496
f 846/970/854 854/986/865 853/984/864 845/967/853
f 847/972/855 855/987/866 854/986/865 846/970/854
f 848/974/856 856/980/860 855/987/866 847/972/855
f 853/984/864 861/988/867 788/989/496
f 854/986/865 862/990/868 861/988/867 853/984/864
f 855/987/866 863/991/869 862/990/868 854/986/865
f 856/980/860 864/992/870 863/991/869 855/987/866
f 857/979/859 865/993/871 864/992/870 856/980/860
f 858/981/861 866/994/872 865/993/871 857/979/859
f 859/982/862 867/995/873 866/994/872 858/981/861
f 860/983/863 868/996/874 867/995/873 859/982/862
f 865/993/871 873/997/875 872/998/876 864/992/870
f 866/994/872 874/999/877 873/997/875 865/993/871
f 867/995/873 875/1000/878 874/999/877 866/994/872
f 868/996/874 876/1001/879 875/1000/878 867/995/873
f 861/988/867 869/1002/880 788/1003/496
f 862/990/868 870/1004/881 869/1002/880 861/988/867
f 863/991/869 871/1005/882 870/1004/881 862/990/868
f 864/992/870 872/998/876 871/1005/882 863/991/869
f 870/1004/881 878/1006/883 877/1007/884 869/1002/880
f 871/1005/882 879/1008/885 878/1006/883 870/1004/881
f 872/998/876 880/1009/886 879/1008/885 871/1005/882
f 873/997/875 881/1010/887 880/1009/886 872/998/876
f 874/999/877 882/1011/888 881/1010/887 873/997/875
f 875/1000/878 883/1012/889 882/1011/888 874/999/877
f 876/1001/879 884/1013/890 883/1012/889 875/1000/878
f 869/1002/880 877/1007/884 788/1014/496
f 882/1011/888 890/1015/891 889/1016/892 881/1010/887
f 877/1007/884 885/1017/893 788/1018/496
f 883/1012/889 891/1019/894 890/1015/891 882/1011/888
f 878/1006/883 886/1020/895 885/1017/893 877/1007/884
f 884/1013/890 892/1021/896 891/1019/894 883/1012/889
f 879/1008/885 887/1022/897 886/1020/895 878/1006/883
f 880/1009/886 888/1023/898 887/1022/897 879/1008/885
f 881/1010/887 889/1016/892 888/1023/898 880/1009/886
f 892/1021/896 900/1024/899 899/1025/900 891/1019/894
f 885/1017/893 893/1026/901 788/1027/496
f 886/1020/895 894/1028/902 893/1026/901 885/1017/893
f 887/1022/897 895/1029/903 894/1028/902 886/1020/895
f 888/1023/898 896/1030/904 895/1029/903 887/1022/897
f 889/1016/892 897/1031/905 896/1030/904 888/1023/898
f 890/1015/891 898/1032/906 897/1031/905 889/1016/892
f 891/1019/894 899/1025/900 898/1032/906 890/1015/891
f 896/1030/904 904/1033/907 903/1034/908 895/1029/903
f 897/1031/905 905/1035/909 904/1033/907 896/1030/904
f 898/1032/906 906/1036/910 905/1035/909 897/1031/905
f 899/1025/900 907/1037/911 906/1036/910 898/1032/906
f 900/1024/899 908/1038/912 907/1037/911 899/1025/900
f 893/1026/901 901/1039/913 788/1040/496
f 894/1028/902 902/1041/914 901/1039/913 893/1026/901
f 895/1029/903 903/1034/908 902/1041/914 894/1028/902
f 908/1038/912 916/1042/915 915/1043/916 907/1037/911
f 901/1039/913 909/1044/917 788/1045/496
f 902/1041/914 910/1046/918 909/1044/917 901/1039/913
f 903/1034/908 911/1047/919 910/1046/918 902/1041/914
f 904/1033/907 912/1048/920 911/1047/919 903/1034/908
f 905/1035/909 913/1049/921 912/1048/920 904/1033/907
f 906/1036/910 914/1050/922 913/1049/921 905/1035/909
f 907/1037/911 915/1043/916 914/1050/922 906/1036/910
f 913/1049/921 921/1051/923 920/1052/924 912/1048/920
f 914/1050/922 922/1053/925 921/1051/923 913/1049/921
f 915/1043/916 923/1054/926 922/1053/925 914/1050/922
f 916/1042/915 924/1055/927 923/1054/926 915/1043/916
f 909/1044/917 917/1056/928 788/1057/496
f 910/1046/918 918/1058/929 917/1056/928 909/1044/917
f 911/1047/919 919/1059/930 918/1058/929 910/1046/918
f 912/1048/920 920/1052/924 919/1059/930 911/1047/919
f 918/1058/929 926/1060/931 925/1061/932 917/1056/928
f 919/1059/930 927/1062/933 926/1060/931 918/1058/929
f 920/1052/924 928/1063/934 927/1062/933 919/1059/930
f 921/1051/923 929/1064/935 928/1063/934 920/1052/924
f 922/1053/925 930/1065/936 929/1064/935 921/1051/923
f 923/1054/926 931/1066/937 930/1065/936 922/1053/925
f 924/1055/927 932/1067/938 931/1066/937 923/1054/926
f 917/1056/928 925/1061/932 788/1068/496
f 930/1065/936 938/1069/939 937/1070/940 929/1064/935
f 931/1066/937 939/1071/941 938/1069/939 930/1065/936
f 932/1067/938 940/1072/942 939/1071/941 931/1066/937
f 925/1061/932 933/1073/943 788/1074/496
f 926/1060/931 934/1075/944 933/1073/943 925/1061/932
f 927/1062/933 935/1076/945 934/1075/944 926/1060/931
f 928/1063/934 936/1077/946 935/1076/945 927/1062/933
f 929/1064/935 937/1070/940 936/1077/946 928/1063/934
f 934/1075/944 942/1078/947 941/1079/948 933/1073/943
f 935/1076/945 943/1080/949 942/1078/947 934/1075/944
f 936/1077/946 944/1081/950 943/1080/949 935/1076/945
f 937/1070/940 945/1082/951 944/1081/950 936/1077/946
f 938/1069/939 946/1083/952 945/1082/951 937/1070/940
f 939/1071/941 947/1084/953 946/1083/952 938/1069/939
f 940/1072/942 948/1085/954 947/1084/953 939/1071/941
f 933/1073/943 941/1079/948 788/1086/496
f 946/1083/952 954/1087/955 953/1088/956 945/1082/951
f 947/1084/953 955/1089/957 954/1087/955 946/1083/952
f 948/1085/954 956/1090/958 955/1089/957 947/1084/953
f 941/1079/948 949/1091/959 788/1092/496
f 942/1078/947 950/1093/960 949/1091/959 941/1079/948
f 943/1080/949 951/1094/961 950/1093/960 942/1078/947
f 944/1081/950 952/1095/962 951/1094/961 943/1080/949
f 945/1082/951 953/1088/956 952/1095/962 944/1081/950
f 951/1094/961 958/552/485 482/564/497 950/1093/960
f 952/1095/962 959/549/482 958/552/485 951/1094/961
f 953/1088/956 483/553/486 959/549/482 952/1095/962
f 954/1087/955 960/555/488 483/553/486 953/1088/956
f 955/1089/957 961/557/490 960/555/488 954/1087/955
f 956/1090/958 962/559/492 961/557/490 955/1089/957
f 949/1091/959 957/561/494 788/1096/496
f 950/1093/960 482/564/497 957/561/494 949/1091/959
f 10/12/12 18/25/25 499/573/506 491/560/493
f 18/25/25 26/30/29 507/578/510 499/573/506
f 26/30/29 34/42/40 515/590/521 507/578/510
f 34/42/40 42/47/44 523/595/525 515/590/521
f 42/47/44 50/59/55 531/607/536 523/595/525
f 50/59/55 58/64/59 539/611/539 531/607/536
f 58/64/59 66/77/71 547/625/552 539/611/539
f 66/77/71 74/82/75 555/629/555 547/625/552
f 74/82/75 82/94/86 563/642/567 555/629/555
f 82/94/86 90/107/97 571/655/578 563/642/567
f 90/107/97 98/112/102 579/660/583 571/655/578
f 98/112/102 106/124/113 587/672/594 579/660/583
f 106/124/113 114/129/117 595/677/598 587/672/594
f 114/129/117 122/141/128 603/689/609 595/677/598
f 122/141/128 130/146/132 611/694/613 603/689/609
f 130/146/132 138/159/144 619/707/625 611/694/613
f 138/159/144 146/164/148 627/712/629 619/707/625
f 146/164/148 154/176/159 635/724/640 627/712/629
f 154/176/159 162/181/163 643/728/643 635/724/640
f 162/181/163 170/194/175 651/742/656 643/728/643
f 170/194/175 178/199/179 659/746/659 651/742/656
f 178/199/179 186/211/190 667/759/671 659/746/659
f 186/211/190 194/223/201 675/771/682 667/759/671
f 194/223/201 202/228/205 683/776/686 675/771/682
f 202/228/205 210/241/217 691/789/698 683/776/686
f 210/241/217 218/246/221 699/794/702 691/789/698
f 218/246/221 226/258/232 707/806/713 699/794/702
f 226/258/232 234/263/236 715/811/717 707/806/713
f 234/263/236 242/276/248 723/824/729 715/811/717
f 242/276/248 250/281/252 731/829/733 723/824/729
f 250/281/252 258/293/263 739/841/744 731/829/733
f 258/293/263 266/298/267 747/845/747 739/841/744
f 266/298/267 274/310/278 755/858/759 747/845/747
f 274/310/278 282/323/289 763/871/770 755/858/759
f 282/323/289 290/328/294 771/876/775 763/871/770
f 290/328/294 298/340/305 779/888/786 771/876/775
f 298/340/305 306/345/309 787/893/790 779/888/786
f 306/345/309 315/358/321 796/906/802 787/893/790
f 315/358/321 323/363/325 804/911/806 796/906/802
f 323/363/325 331/375/336 812/923/817 804/911/806
f 331/375/336 339/380/340 820/928/821 812/923/817
f 339/380/340 347/392/351 828/940/832 820/928/821
f 347/392/351 355/397/355 836/944/835 828/940/832
f 355/397/355 363/410/367 844/958/848 836/944/835
f 363/414/367 371/417/371 852/963/851 844/962/848
f 371/417/371 379/435/382 860/983/863 852/963/851
f 379/435/382 387/448/393 868/996/874 860/983/863
f 387/448/393 395/453/398 876/1001/879 868/996/874
f 395/453/398 403/465/409 884/1013/890 876/1001/879
f 403/465/409 411/473/415 892/1021/896 884/1013/890
f 411/473/415 419/477/419 900/1024/899 892/1021/896
f 419/477/419 427/490/431 908/1038/912 900/1024/899
f 427/490/431 435/495/435 916/1042/915 908/1038/912
f 435/495/435 443/507/446 924/1055/927 916/1042/915
f 443/507/446 451/519/457 932/1067/938 924/1055/927
f 451/519/457 459/524/461 940/1072/942 932/1067/938
f 459/524/461 467/537/473 948/1085/954 940/1072/942
f 467/537/473 475/542/477 956/1090/958 948/1085/954
f 475/542/477 481/11/11 962/559/492 956/1090/958
f 481/11/11 10/12/12 491/560/493 962/559/492
