# Blender v2.80 (sub 75) OBJ File: 'stand.blend'
# www.blender.org
mtllib stand_2.mtl
o top_Cube.002
v -0.479000 -0.050000 0.691000
v -0.479000 -0.045000 0.760000
v -0.520000 -0.045000 0.691000
v -0.479000 -0.049988 0.695709
v -0.479000 -0.049953 0.700396
v -0.479000 -0.049895 0.705038
v -0.479000 -0.049815 0.709616
v -0.479000 -0.049711 0.714107
v -0.479000 -0.049586 0.718490
v -0.479000 -0.049439 0.722745
v -0.479000 -0.049272 0.726851
v -0.479000 -0.049085 0.730791
v -0.479000 -0.048879 0.734545
v -0.479000 -0.048654 0.738096
v -0.481798 -0.049988 0.691000
v -0.481811 -0.049976 0.695762
v -0.481819 -0.049940 0.700544
v -0.481827 -0.049880 0.705277
v -0.481835 -0.049796 0.709922
v -0.481843 -0.049690 0.714447
v -0.481849 -0.049562 0.718825
v -0.481853 -0.049414 0.723042
v -0.481854 -0.049248 0.727082
v -0.481855 -0.049063 0.730929
v -0.481855 -0.048861 0.734577
v -0.481856 -0.048643 0.738015
v -0.484583 -0.049953 0.691000
v -0.484641 -0.049940 0.695796
v -0.484679 -0.049902 0.700647
v -0.484703 -0.049839 0.705450
v -0.484718 -0.049753 0.710141
v -0.484724 -0.049644 0.714678
v -0.484725 -0.049515 0.719028
v -0.484718 -0.049367 0.723187
v -0.484708 -0.049202 0.727138
v -0.484699 -0.049021 0.730875
v -0.484690 -0.048825 0.734401
v -0.484689 -0.048614 0.737712
v -0.487342 -0.049895 0.691000
v -0.487451 -0.049880 0.695816
v -0.487526 -0.049840 0.700708
v -0.487570 -0.049774 0.705554
v -0.487588 -0.049686 0.710265
v -0.487583 -0.049575 0.714792
v -0.487564 -0.049446 0.719095
v -0.487533 -0.049299 0.723176
v -0.487498 -0.049137 0.727024
v -0.487466 -0.048960 0.730638
v -0.487439 -0.048771 0.734030
v -0.487429 -0.048568 0.737205
v -0.490062 -0.049815 0.691000
v -0.490216 -0.049797 0.695828
v -0.490321 -0.049754 0.700737
v -0.490376 -0.049686 0.705595
v -0.490387 -0.049595 0.710299
v -0.490360 -0.049484 0.714793
v -0.490308 -0.049356 0.719032
v -0.490239 -0.049212 0.723022
v -0.490165 -0.049054 0.726757
v -0.490099 -0.048884 0.730240
v -0.490045 -0.048702 0.733493
v -0.490021 -0.048509 0.736526
v -0.492730 -0.049711 0.691000
v -0.492914 -0.049690 0.695833
v -0.493034 -0.049645 0.700740
v -0.493087 -0.049575 0.705583
v -0.493078 -0.049484 0.710255
v -0.493017 -0.049374 0.714697
v -0.492922 -0.049248 0.718856
v -0.492803 -0.049108 0.722745
v -0.492678 -0.048956 0.726359
v -0.492568 -0.048794 0.729707
v -0.492479 -0.048621 0.732819
v -0.492436 -0.048438 0.735708
v -0.495334 -0.049586 0.691000
v -0.495527 -0.049562 0.695835
v -0.495640 -0.049515 0.700728
v -0.495671 -0.049445 0.705538
v -0.495625 -0.049355 0.710158
v -0.495515 -0.049247 0.714532
v -0.495361 -0.049125 0.718600
v -0.495179 -0.048992 0.722378
v -0.494994 -0.048849 0.725867
v -0.494831 -0.048696 0.729080
v -0.494701 -0.048533 0.732053
v -0.494635 -0.048360 0.734798
v -0.497863 -0.049439 0.691000
v -0.498044 -0.049414 0.695834
v -0.498130 -0.049366 0.700703
v -0.498120 -0.049297 0.705469
v -0.498021 -0.049209 0.710026
v -0.497848 -0.049106 0.714320
v -0.497626 -0.048991 0.718289
v -0.497373 -0.048866 0.721953
v -0.497119 -0.048733 0.725317
v -0.496897 -0.048591 0.728395
v -0.496720 -0.048440 0.731229
v -0.496629 -0.048278 0.733827
v -0.500303 -0.049272 0.691000
v -0.500452 -0.049247 0.695829
v -0.500493 -0.049200 0.700671
v -0.500425 -0.049134 0.705388
v -0.500259 -0.049051 0.709879
v -0.500013 -0.048954 0.714093
v -0.499714 -0.048847 0.717967
v -0.499384 -0.048732 0.721522
v -0.499056 -0.048610 0.724765
v -0.498767 -0.048480 0.727710
v -0.498534 -0.048343 0.730402
v -0.498410 -0.048194 0.732844
v -0.502644 -0.049085 0.691000
v -0.502744 -0.049061 0.695824
v -0.502723 -0.049018 0.700639
v -0.502583 -0.048956 0.705311
v -0.502339 -0.048880 0.709744
v -0.502013 -0.048791 0.713888
v -0.501633 -0.048694 0.717680
v -0.501221 -0.048590 0.721141
v -0.500812 -0.048480 0.724276
v -0.500443 -0.048365 0.727090
v -0.500139 -0.048243 0.729631
v -0.499972 -0.048111 0.731897
v -0.504875 -0.048879 0.691000
v -0.504914 -0.048859 0.695817
v -0.504821 -0.048821 0.700605
v -0.504603 -0.048766 0.705241
v -0.504278 -0.048698 0.709626
v -0.503868 -0.048618 0.713717
v -0.503404 -0.048531 0.717445
v -0.502909 -0.048439 0.720835
v -0.502414 -0.048342 0.723880
v -0.501955 -0.048243 0.726577
v -0.501561 -0.048140 0.728968
v -0.501327 -0.048029 0.731029
v -0.506985 -0.048654 0.691000
v -0.506957 -0.048641 0.695810
v -0.506789 -0.048610 0.700584
v -0.506491 -0.048564 0.705199
v -0.506082 -0.048505 0.709560
v -0.505587 -0.048435 0.713623
v -0.505037 -0.048359 0.717320
v -0.504455 -0.048277 0.720672
v -0.503867 -0.048194 0.723668
v -0.503302 -0.048111 0.726295
v -0.502785 -0.048029 0.728574
v -0.502409 -0.047950 0.730395
v -0.481798 -0.045000 0.759839
v -0.484583 -0.045000 0.759357
v -0.487342 -0.045000 0.758557
v -0.490062 -0.045000 0.757441
v -0.492730 -0.045000 0.756016
v -0.495334 -0.045000 0.754288
v -0.497863 -0.045000 0.752264
v -0.500303 -0.045000 0.749955
v -0.502644 -0.045000 0.747371
v -0.504875 -0.045000 0.744524
v -0.506985 -0.045000 0.741428
v -0.479000 -0.045341 0.759839
v -0.481830 -0.045343 0.759673
v -0.484671 -0.045344 0.759172
v -0.487484 -0.045345 0.758339
v -0.490244 -0.045346 0.757183
v -0.492932 -0.045347 0.755717
v -0.495534 -0.045347 0.753959
v -0.498040 -0.045348 0.751920
v -0.500440 -0.045348 0.749618
v -0.502726 -0.045348 0.747068
v -0.504894 -0.045348 0.744282
v -0.506937 -0.045348 0.741274
v -0.479000 -0.045681 0.759357
v -0.481850 -0.045688 0.759175
v -0.484732 -0.045693 0.758651
v -0.487586 -0.045695 0.757784
v -0.490374 -0.045697 0.756590
v -0.493070 -0.045698 0.755090
v -0.495655 -0.045698 0.753310
v -0.498125 -0.045697 0.751269
v -0.500473 -0.045696 0.748989
v -0.502694 -0.045695 0.746488
v -0.504789 -0.045694 0.743780
v -0.506756 -0.045694 0.740873
v -0.479000 -0.046017 0.758557
v -0.481862 -0.046031 0.758346
v -0.484768 -0.046040 0.757790
v -0.487648 -0.046045 0.756888
v -0.490448 -0.046047 0.755660
v -0.493138 -0.046047 0.754137
v -0.495694 -0.046044 0.752351
v -0.498119 -0.046041 0.750325
v -0.500406 -0.046036 0.748085
v -0.502553 -0.046032 0.745652
v -0.504568 -0.046029 0.743036
v -0.506455 -0.046028 0.740243
v -0.479000 -0.046349 0.757441
v -0.481869 -0.046368 0.757192
v -0.484786 -0.046381 0.756599
v -0.487672 -0.046387 0.755664
v -0.490467 -0.046389 0.754414
v -0.493138 -0.046385 0.752882
v -0.495657 -0.046379 0.751109
v -0.498028 -0.046371 0.749119
v -0.500247 -0.046362 0.746941
v -0.502316 -0.046354 0.744594
v -0.504249 -0.046347 0.742087
v -0.506052 -0.046344 0.739419
v -0.479000 -0.046674 0.756016
v -0.481872 -0.046697 0.755725
v -0.484788 -0.046711 0.755096
v -0.487665 -0.046718 0.754137
v -0.490441 -0.046717 0.752878
v -0.493081 -0.046709 0.751357
v -0.495552 -0.046698 0.749618
v -0.497863 -0.046683 0.747689
v -0.500010 -0.046668 0.745597
v -0.502000 -0.046655 0.743358
v -0.503849 -0.046644 0.740976
v -0.505566 -0.046639 0.738443
v -0.479000 -0.046992 0.754288
v -0.481873 -0.047016 0.753960
v -0.484780 -0.047029 0.753307
v -0.487639 -0.047033 0.752339
v -0.490384 -0.047027 0.751093
v -0.492983 -0.047014 0.749607
v -0.495400 -0.046995 0.747930
v -0.497645 -0.046973 0.746091
v -0.499718 -0.046950 0.744111
v -0.501627 -0.046931 0.742001
v -0.503394 -0.046915 0.739759
v -0.505025 -0.046907 0.737372
v -0.479000 -0.047300 0.752264
v -0.481872 -0.047322 0.751914
v -0.484766 -0.047333 0.751252
v -0.487597 -0.047332 0.750298
v -0.490305 -0.047320 0.749089
v -0.492857 -0.047299 0.747666
v -0.495215 -0.047271 0.746080
v -0.497392 -0.047241 0.744356
v -0.499391 -0.047210 0.742513
v -0.501220 -0.047183 0.740552
v -0.502904 -0.047161 0.738469
v -0.504448 -0.047150 0.736240
v -0.479000 -0.047598 0.749955
v -0.481870 -0.047616 0.749603
v -0.484747 -0.047621 0.748958
v -0.487549 -0.047613 0.748043
v -0.490218 -0.047593 0.746898
v -0.492722 -0.047563 0.745563
v -0.495024 -0.047526 0.744090
v -0.497136 -0.047486 0.742504
v -0.499064 -0.047446 0.740816
v -0.500813 -0.047411 0.739028
v -0.502413 -0.047382 0.737128
v -0.503864 -0.047367 0.735080
v -0.479000 -0.047883 0.747371
v -0.481867 -0.047896 0.747044
v -0.484728 -0.047893 0.746445
v -0.487504 -0.047876 0.745599
v -0.490138 -0.047846 0.744543
v -0.492600 -0.047806 0.743318
v -0.494853 -0.047760 0.741975
v -0.496910 -0.047710 0.740538
v -0.498773 -0.047660 0.739023
v -0.500445 -0.047615 0.737435
v -0.501955 -0.047578 0.735756
v -0.503301 -0.047558 0.733928
v -0.479000 -0.048155 0.744524
v -0.481862 -0.048160 0.744253
v -0.484708 -0.048149 0.743729
v -0.487462 -0.048122 0.742977
v -0.490068 -0.048083 0.742033
v -0.492498 -0.048033 0.740934
v -0.494714 -0.047976 0.739733
v -0.496728 -0.047916 0.738454
v -0.498538 -0.047855 0.737121
v -0.500140 -0.047799 0.735753
v -0.501561 -0.047751 0.734334
v -0.502785 -0.047723 0.732796
v -0.479000 -0.048413 0.741428
v -0.481858 -0.048409 0.741241
v -0.484695 -0.048389 0.740819
v -0.487437 -0.048353 0.740183
v -0.490028 -0.048303 0.739366
v -0.492443 -0.048242 0.738405
v -0.494639 -0.048175 0.737348
v -0.496632 -0.048104 0.736226
v -0.498412 -0.048033 0.735073
v -0.499972 -0.047964 0.733925
v -0.501327 -0.047901 0.732795
v -0.502409 -0.047855 0.731706
v -0.519904 -0.045341 0.691000
v -0.519618 -0.045681 0.691000
v -0.519143 -0.046017 0.691000
v -0.518480 -0.046349 0.691000
v -0.517633 -0.046674 0.691000
v -0.516606 -0.046992 0.691000
v -0.515403 -0.047300 0.691000
v -0.514031 -0.047598 0.691000
v -0.512496 -0.047883 0.691000
v -0.510804 -0.048155 0.691000
v -0.508964 -0.048413 0.691000
v -0.519904 -0.045000 0.695709
v -0.519806 -0.045345 0.695731
v -0.519508 -0.045692 0.695744
v -0.519013 -0.046035 0.695757
v -0.518326 -0.046371 0.695772
v -0.517455 -0.046699 0.695784
v -0.516410 -0.047016 0.695795
v -0.515199 -0.047322 0.695801
v -0.513831 -0.047615 0.695803
v -0.512316 -0.047893 0.695805
v -0.510660 -0.048158 0.695804
v -0.508873 -0.048407 0.695806
v -0.519618 -0.045000 0.700396
v -0.519510 -0.045348 0.700493
v -0.519198 -0.045699 0.700557
v -0.518683 -0.046047 0.700597
v -0.517974 -0.046387 0.700623
v -0.517083 -0.046716 0.700633
v -0.516025 -0.047031 0.700634
v -0.514812 -0.047332 0.700624
v -0.513457 -0.047619 0.700607
v -0.511971 -0.047890 0.700591
v -0.510362 -0.048145 0.700576
v -0.508635 -0.048385 0.700574
v -0.519143 -0.045000 0.705038
v -0.519017 -0.045349 0.705223
v -0.518687 -0.045703 0.705349
v -0.518151 -0.046055 0.705422
v -0.517421 -0.046396 0.705452
v -0.516516 -0.046724 0.705444
v -0.515455 -0.047036 0.705412
v -0.514251 -0.047332 0.705361
v -0.512920 -0.047610 0.705301
v -0.511474 -0.047872 0.705248
v -0.509920 -0.048118 0.705202
v -0.508260 -0.048348 0.705186
v -0.518480 -0.045000 0.709616
v -0.518332 -0.045350 0.709876
v -0.517979 -0.045706 0.710052
v -0.517424 -0.046058 0.710145
v -0.516681 -0.046398 0.710163
v -0.515771 -0.046724 0.710117
v -0.514717 -0.047031 0.710031
v -0.513534 -0.047320 0.709915
v -0.512240 -0.047591 0.709790
v -0.510846 -0.047843 0.709679
v -0.509356 -0.048079 0.709587
v -0.507771 -0.048299 0.709547
v -0.517633 -0.045000 0.714107
v -0.517460 -0.045350 0.714417
v -0.517086 -0.045706 0.714619
v -0.516516 -0.046057 0.714708
v -0.515768 -0.046395 0.714692
v -0.514864 -0.046717 0.714590
v -0.513831 -0.047019 0.714429
v -0.512685 -0.047300 0.714229
v -0.511442 -0.047562 0.714019
v -0.510111 -0.047805 0.713835
v -0.508696 -0.048030 0.713684
v -0.507191 -0.048240 0.713612
v -0.516606 -0.045000 0.718490
v -0.516411 -0.045350 0.718814
v -0.516023 -0.045705 0.719004
v -0.515448 -0.046053 0.719056
v -0.514708 -0.046388 0.718978
v -0.513825 -0.046705 0.718793
v -0.512828 -0.047000 0.718535
v -0.511735 -0.047274 0.718229
v -0.510559 -0.047527 0.717917
v -0.509305 -0.047759 0.717643
v -0.507973 -0.047975 0.717423
v -0.506555 -0.048174 0.717313
v -0.515403 -0.045000 0.722745
v -0.515195 -0.045350 0.723049
v -0.514802 -0.045703 0.723195
v -0.514235 -0.046048 0.723178
v -0.513517 -0.046379 0.723010
v -0.512671 -0.046690 0.722720
v -0.511728 -0.046977 0.722346
v -0.510705 -0.047243 0.721920
v -0.509609 -0.047487 0.721493
v -0.508444 -0.047710 0.721120
v -0.507206 -0.047915 0.720822
v -0.505881 -0.048103 0.720668
v -0.514031 -0.045000 0.726851
v -0.513822 -0.045350 0.727102
v -0.513439 -0.045701 0.727171
v -0.512895 -0.046043 0.727057
v -0.512215 -0.046368 0.726777
v -0.511422 -0.046673 0.726363
v -0.510546 -0.046954 0.725860
v -0.509604 -0.047212 0.725305
v -0.508601 -0.047447 0.724753
v -0.507538 -0.047660 0.724266
v -0.506409 -0.047855 0.723874
v -0.505192 -0.048032 0.723666
v -0.512496 -0.045000 0.730791
v -0.512302 -0.045350 0.730959
v -0.511946 -0.045698 0.730924
v -0.511443 -0.046037 0.730689
v -0.510816 -0.046358 0.730278
v -0.510088 -0.046659 0.729729
v -0.509289 -0.046933 0.729089
v -0.508436 -0.047184 0.728396
v -0.507535 -0.047411 0.727708
v -0.506592 -0.047615 0.727087
v -0.505594 -0.047799 0.726575
v -0.504508 -0.047964 0.726294
v -0.510804 -0.045000 0.734545
v -0.510643 -0.045349 0.734611
v -0.510332 -0.045696 0.734455
v -0.509885 -0.046032 0.734088
v -0.509324 -0.046350 0.733540
v -0.508671 -0.046646 0.732851
v -0.507957 -0.046916 0.732070
v -0.507197 -0.047162 0.731237
v -0.506405 -0.047383 0.730404
v -0.505593 -0.047578 0.729632
v -0.504749 -0.047751 0.728968
v -0.503835 -0.047901 0.728574
v -0.508964 -0.045000 0.738096
v -0.508853 -0.045349 0.738050
v -0.508603 -0.045694 0.737768
v -0.508224 -0.046029 0.737265
v -0.507739 -0.046345 0.736577
v -0.507168 -0.046639 0.735744
v -0.506540 -0.046907 0.734819
v -0.505874 -0.047150 0.733838
v -0.505189 -0.047367 0.732849
v -0.504506 -0.047558 0.731899
v -0.503835 -0.047723 0.731029
v -0.503188 -0.047855 0.730395
v -0.479000 0.045000 0.760000
v -0.479000 0.050000 0.691000
v -0.520000 0.045000 0.691000
v -0.479000 0.045341 0.759839
v -0.479000 0.045681 0.759357
v -0.479000 0.046017 0.758557
v -0.479000 0.046349 0.757441
v -0.479000 0.046674 0.756016
v -0.479000 0.046992 0.754288
v -0.479000 0.047300 0.752264
v -0.479000 0.047598 0.749955
v -0.479000 0.047883 0.747371
v -0.479000 0.048155 0.744524
v -0.479000 0.048413 0.741428
v -0.481798 0.045000 0.759839
v -0.481811 0.045345 0.759673
v -0.481819 0.045692 0.759172
v -0.481827 0.046035 0.758339
v -0.481835 0.046371 0.757183
v -0.481843 0.046699 0.755717
v -0.481849 0.047016 0.753959
v -0.481853 0.047322 0.751920
v -0.481854 0.047615 0.749618
v -0.481855 0.047893 0.747068
v -0.481855 0.048158 0.744282
v -0.481856 0.048407 0.741274
v -0.484583 0.045000 0.759357
v -0.484641 0.045348 0.759175
v -0.484679 0.045699 0.758651
v -0.484703 0.046047 0.757784
v -0.484718 0.046387 0.756590
v -0.484724 0.046716 0.755090
v -0.484725 0.047031 0.753310
v -0.484718 0.047332 0.751269
v -0.484708 0.047619 0.748989
v -0.484699 0.047890 0.746488
v -0.484690 0.048145 0.743780
v -0.484689 0.048385 0.740873
v -0.487342 0.045000 0.758557
v -0.487451 0.045349 0.758346
v -0.487526 0.045703 0.757790
v -0.487570 0.046055 0.756888
v -0.487588 0.046396 0.755660
v -0.487583 0.046724 0.754137
v -0.487564 0.047036 0.752351
v -0.487533 0.047332 0.750325
v -0.487498 0.047610 0.748085
v -0.487466 0.047872 0.745652
v -0.487439 0.048118 0.743036
v -0.487429 0.048348 0.740243
v -0.490062 0.045000 0.757441
v -0.490216 0.045350 0.757192
v -0.490321 0.045706 0.756599
v -0.490376 0.046058 0.755664
v -0.490387 0.046398 0.754414
v -0.490360 0.046724 0.752882
v -0.490308 0.047031 0.751109
v -0.490239 0.047320 0.749119
v -0.490165 0.047591 0.746941
v -0.490099 0.047843 0.744594
v -0.490045 0.048079 0.742087
v -0.490021 0.048299 0.739419
v -0.492730 0.045000 0.756016
v -0.492914 0.045350 0.755725
v -0.493034 0.045706 0.755096
v -0.493087 0.046057 0.754137
v -0.493078 0.046395 0.752878
v -0.493017 0.046717 0.751357
v -0.492922 0.047019 0.749618
v -0.492803 0.047300 0.747689
v -0.492678 0.047562 0.745597
v -0.492568 0.047805 0.743358
v -0.492479 0.048030 0.740976
v -0.492436 0.048240 0.738443
v -0.495334 0.045000 0.754288
v -0.495527 0.045350 0.753960
v -0.495640 0.045705 0.753307
v -0.495671 0.046053 0.752339
v -0.495625 0.046388 0.751093
v -0.495515 0.046705 0.749607
v -0.495361 0.047000 0.747930
v -0.495179 0.047274 0.746091
v -0.494994 0.047527 0.744111
v -0.494831 0.047759 0.742001
v -0.494701 0.047975 0.739759
v -0.494635 0.048174 0.737372
v -0.497863 0.045000 0.752264
v -0.498044 0.045350 0.751914
v -0.498130 0.045703 0.751252
v -0.498120 0.046048 0.750298
v -0.498021 0.046379 0.749089
v -0.497848 0.046690 0.747666
v -0.497626 0.046977 0.746080
v -0.497373 0.047243 0.744356
v -0.497119 0.047487 0.742513
v -0.496897 0.047710 0.740552
v -0.496720 0.047915 0.738469
v -0.496629 0.048103 0.736240
v -0.500303 0.045000 0.749955
v -0.500452 0.045350 0.749603
v -0.500493 0.045701 0.748958
v -0.500425 0.046043 0.748043
v -0.500259 0.046368 0.746898
v -0.500013 0.046673 0.745563
v -0.499714 0.046954 0.744090
v -0.499384 0.047212 0.742504
v -0.499056 0.047447 0.740816
v -0.498767 0.047660 0.739028
v -0.498534 0.047855 0.737128
v -0.498410 0.048032 0.735080
v -0.502644 0.045000 0.747371
v -0.502744 0.045350 0.747044
v -0.502723 0.045698 0.746445
v -0.502583 0.046037 0.745599
v -0.502339 0.046358 0.744543
v -0.502013 0.046659 0.743318
v -0.501633 0.046933 0.741975
v -0.501221 0.047184 0.740538
v -0.500812 0.047411 0.739023
v -0.500443 0.047615 0.737435
v -0.500139 0.047799 0.735756
v -0.499972 0.047964 0.733928
v -0.504875 0.045000 0.744524
v -0.504914 0.045349 0.744253
v -0.504821 0.045696 0.743729
v -0.504603 0.046032 0.742977
v -0.504278 0.046350 0.742033
v -0.503868 0.046646 0.740934
v -0.503404 0.046916 0.739733
v -0.502909 0.047162 0.738454
v -0.502414 0.047383 0.737121
v -0.501955 0.047578 0.735753
v -0.501561 0.047751 0.734334
v -0.501327 0.047901 0.732796
v -0.506985 0.045000 0.741428
v -0.506957 0.045349 0.741241
v -0.506789 0.045694 0.740819
v -0.506491 0.046029 0.740183
v -0.506082 0.046345 0.739366
v -0.505587 0.046639 0.738405
v -0.505037 0.046907 0.737348
v -0.504455 0.047150 0.736226
v -0.503867 0.047367 0.735073
v -0.503302 0.047558 0.733925
v -0.502785 0.047723 0.732796
v -0.502409 0.047855 0.731706
v -0.481798 0.049988 0.691000
v -0.484583 0.049953 0.691000
v -0.487342 0.049895 0.691000
v -0.490062 0.049815 0.691000
v -0.492730 0.049711 0.691000
v -0.495334 0.049586 0.691000
v -0.497863 0.049439 0.691000
v -0.500303 0.049272 0.691000
v -0.502644 0.049085 0.691000
v -0.504875 0.048879 0.691000
v -0.506985 0.048654 0.691000
v -0.479000 0.049988 0.695709
v -0.481830 0.049976 0.695731
v -0.484671 0.049940 0.695744
v -0.487484 0.049880 0.695757
v -0.490244 0.049796 0.695772
v -0.492932 0.049690 0.695784
v -0.495534 0.049562 0.695795
v -0.498040 0.049414 0.695801
v -0.500440 0.049248 0.695803
v -0.502726 0.049063 0.695805
v -0.504894 0.048861 0.695804
v -0.506937 0.048643 0.695806
v -0.479000 0.049953 0.700396
v -0.481850 0.049940 0.700493
v -0.484732 0.049902 0.700557
v -0.487586 0.049839 0.700597
v -0.490374 0.049753 0.700623
v -0.493070 0.049644 0.700633
v -0.495655 0.049515 0.700634
v -0.498125 0.049367 0.700624
v -0.500473 0.049202 0.700607
v -0.502694 0.049021 0.700591
v -0.504789 0.048825 0.700576
v -0.506756 0.048614 0.700574
v -0.479000 0.049895 0.705038
v -0.481862 0.049880 0.705223
v -0.484768 0.049840 0.705349
v -0.487648 0.049774 0.705422
v -0.490448 0.049686 0.705452
v -0.493138 0.049575 0.705444
v -0.495694 0.049446 0.705412
v -0.498119 0.049299 0.705361
v -0.500406 0.049137 0.705301
v -0.502553 0.048960 0.705248
v -0.504568 0.048771 0.705202
v -0.506455 0.048568 0.705186
v -0.479000 0.049815 0.709616
v -0.481869 0.049797 0.709876
v -0.484786 0.049754 0.710052
v -0.487672 0.049686 0.710145
v -0.490467 0.049595 0.710163
v -0.493138 0.049484 0.710117
v -0.495657 0.049356 0.710031
v -0.498028 0.049212 0.709915
v -0.500247 0.049054 0.709790
v -0.502316 0.048884 0.709679
v -0.504249 0.048702 0.709587
v -0.506052 0.048509 0.709547
v -0.479000 0.049711 0.714107
v -0.481872 0.049690 0.714417
v -0.484788 0.049645 0.714619
v -0.487665 0.049575 0.714708
v -0.490441 0.049484 0.714692
v -0.493081 0.049374 0.714590
v -0.495552 0.049248 0.714429
v -0.497863 0.049108 0.714229
v -0.500010 0.048956 0.714019
v -0.502000 0.048794 0.713835
v -0.503849 0.048621 0.713684
v -0.505566 0.048438 0.713612
v -0.479000 0.049586 0.718490
v -0.481873 0.049562 0.718814
v -0.484780 0.049515 0.719004
v -0.487639 0.049445 0.719056
v -0.490384 0.049355 0.718978
v -0.492983 0.049247 0.718793
v -0.495400 0.049125 0.718535
v -0.497645 0.048992 0.718229
v -0.499718 0.048849 0.717917
v -0.501627 0.048696 0.717643
v -0.503394 0.048533 0.717423
v -0.505025 0.048360 0.717313
v -0.479000 0.049439 0.722745
v -0.481872 0.049414 0.723049
v -0.484766 0.049366 0.723195
v -0.487597 0.049297 0.723178
v -0.490305 0.049209 0.723010
v -0.492857 0.049106 0.722720
v -0.495215 0.048991 0.722346
v -0.497392 0.048866 0.721920
v -0.499391 0.048733 0.721493
v -0.501220 0.048591 0.721120
v -0.502904 0.048440 0.720822
v -0.504448 0.048278 0.720668
v -0.479000 0.049272 0.726851
v -0.481870 0.049247 0.727102
v -0.484747 0.049200 0.727171
v -0.487549 0.049134 0.727057
v -0.490218 0.049051 0.726777
v -0.492722 0.048954 0.726363
v -0.495024 0.048847 0.725860
v -0.497136 0.048732 0.725305
v -0.499064 0.048610 0.724753
v -0.500813 0.048480 0.724266
v -0.502413 0.048343 0.723874
v -0.503864 0.048194 0.723666
v -0.479000 0.049085 0.730791
v -0.481867 0.049061 0.730959
v -0.484728 0.049018 0.730924
v -0.487504 0.048956 0.730689
v -0.490138 0.048880 0.730278
v -0.492600 0.048791 0.729729
v -0.494853 0.048694 0.729089
v -0.496910 0.048590 0.728396
v -0.498773 0.048480 0.727708
v -0.500445 0.048365 0.727087
v -0.501955 0.048243 0.726575
v -0.503301 0.048111 0.726294
v -0.479000 0.048879 0.734545
v -0.481862 0.048859 0.734611
v -0.484708 0.048821 0.734455
v -0.487462 0.048766 0.734088
v -0.490068 0.048698 0.733540
v -0.492498 0.048618 0.732851
v -0.494714 0.048531 0.732070
v -0.496728 0.048439 0.731237
v -0.498538 0.048342 0.730404
v -0.500140 0.048243 0.729632
v -0.501561 0.048140 0.728968
v -0.502785 0.048029 0.728574
v -0.479000 0.048654 0.738096
v -0.481858 0.048641 0.738050
v -0.484695 0.048610 0.737768
v -0.487437 0.048564 0.737265
v -0.490028 0.048505 0.736577
v -0.492443 0.048435 0.735744
v -0.494639 0.048359 0.734819
v -0.496632 0.048277 0.733838
v -0.498412 0.048194 0.732849
v -0.499972 0.048111 0.731899
v -0.501327 0.048029 0.731029
v -0.502409 0.047950 0.730395
v -0.519904 0.045000 0.695709
v -0.519618 0.045000 0.700396
v -0.519143 0.045000 0.705038
v -0.518480 0.045000 0.709616
v -0.517633 0.045000 0.714107
v -0.516606 0.045000 0.718490
v -0.515403 0.045000 0.722745
v -0.514031 0.045000 0.726851
v -0.512496 0.045000 0.730791
v -0.510804 0.045000 0.734545
v -0.508964 0.045000 0.738096
v -0.519904 0.045341 0.691000
v -0.519806 0.045343 0.695762
v -0.519508 0.045344 0.700544
v -0.519013 0.045345 0.705277
v -0.518326 0.045346 0.709922
v -0.517455 0.045347 0.714447
v -0.516410 0.045347 0.718825
v -0.515199 0.045348 0.723042
v -0.513831 0.045348 0.727082
v -0.512316 0.045348 0.730929
v -0.510660 0.045348 0.734577
v -0.508873 0.045348 0.738015
v -0.519618 0.045681 0.691000
v -0.519510 0.045688 0.695796
v -0.519198 0.045693 0.700647
v -0.518683 0.045695 0.705450
v -0.517974 0.045697 0.710141
v -0.517083 0.045698 0.714678
v -0.516025 0.045698 0.719028
v -0.514812 0.045697 0.723187
v -0.513457 0.045696 0.727138
v -0.511971 0.045695 0.730875
v -0.510362 0.045694 0.734401
v -0.508635 0.045694 0.737712
v -0.519143 0.046017 0.691000
v -0.519017 0.046031 0.695816
v -0.518687 0.046040 0.700708
v -0.518151 0.046045 0.705554
v -0.517421 0.046047 0.710265
v -0.516516 0.046047 0.714792
v -0.515455 0.046044 0.719095
v -0.514251 0.046041 0.723176
v -0.512920 0.046036 0.727024
v -0.511474 0.046032 0.730638
v -0.509920 0.046029 0.734030
v -0.508260 0.046028 0.737205
v -0.518480 0.046349 0.691000
v -0.518332 0.046368 0.695828
v -0.517979 0.046381 0.700737
v -0.517424 0.046387 0.705595
v -0.516681 0.046389 0.710299
v -0.515771 0.046385 0.714793
v -0.514717 0.046379 0.719032
v -0.513534 0.046371 0.723022
v -0.512240 0.046362 0.726757
v -0.510846 0.046354 0.730240
v -0.509356 0.046347 0.733493
v -0.507771 0.046344 0.736526
v -0.517633 0.046674 0.691000
v -0.517460 0.046697 0.695833
v -0.517086 0.046711 0.700740
v -0.516516 0.046718 0.705583
v -0.515768 0.046717 0.710255
v -0.514864 0.046709 0.714697
v -0.513831 0.046698 0.718856
v -0.512685 0.046683 0.722745
v -0.511442 0.046668 0.726359
v -0.510111 0.046655 0.729707
v -0.508696 0.046644 0.732819
v -0.507191 0.046639 0.735708
v -0.516606 0.046992 0.691000
v -0.516411 0.047016 0.695835
v -0.516023 0.047029 0.700728
v -0.515448 0.047033 0.705538
v -0.514708 0.047027 0.710158
v -0.513825 0.047014 0.714532
v -0.512828 0.046995 0.718600
v -0.511735 0.046973 0.722378
v -0.510559 0.046950 0.725867
v -0.509305 0.046931 0.729080
v -0.507973 0.046915 0.732053
v -0.506555 0.046907 0.734798
v -0.515403 0.047300 0.691000
v -0.515195 0.047322 0.695834
v -0.514802 0.047333 0.700703
v -0.514235 0.047332 0.705469
v -0.513517 0.047320 0.710026
v -0.512671 0.047299 0.714320
v -0.511728 0.047271 0.718289
v -0.510705 0.047241 0.721953
v -0.509609 0.047210 0.725317
v -0.508444 0.047183 0.728395
v -0.507206 0.047161 0.731229
v -0.505881 0.047150 0.733827
v -0.514031 0.047598 0.691000
v -0.513822 0.047616 0.695829
v -0.513439 0.047621 0.700671
v -0.512895 0.047613 0.705388
v -0.512215 0.047593 0.709879
v -0.511422 0.047563 0.714093
v -0.510546 0.047526 0.717967
v -0.509604 0.047486 0.721522
v -0.508601 0.047446 0.724765
v -0.507538 0.047411 0.727710
v -0.506409 0.047382 0.730402
v -0.505192 0.047367 0.732844
v -0.512496 0.047883 0.691000
v -0.512302 0.047896 0.695824
v -0.511946 0.047893 0.700639
v -0.511443 0.047876 0.705311
v -0.510816 0.047846 0.709744
v -0.510088 0.047806 0.713888
v -0.509289 0.047760 0.717680
v -0.508436 0.047710 0.721141
v -0.507535 0.047660 0.724276
v -0.506592 0.047615 0.727090
v -0.505594 0.047578 0.729631
v -0.504508 0.047558 0.731897
v -0.510804 0.048155 0.691000
v -0.510643 0.048160 0.695817
v -0.510332 0.048149 0.700605
v -0.509885 0.048122 0.705241
v -0.509324 0.048083 0.709626
v -0.508671 0.048033 0.713717
v -0.507957 0.047976 0.717445
v -0.507197 0.047916 0.720835
v -0.506405 0.047855 0.723880
v -0.505593 0.047799 0.726577
v -0.504749 0.047751 0.728968
v -0.503835 0.047723 0.731029
v -0.508964 0.048413 0.691000
v -0.508853 0.048409 0.695810
v -0.508603 0.048389 0.700584
v -0.508224 0.048353 0.705199
v -0.507739 0.048303 0.709560
v -0.507168 0.048242 0.713623
v -0.506540 0.048175 0.717320
v -0.505874 0.048104 0.720672
v -0.505189 0.048033 0.723668
v -0.504506 0.047964 0.726295
v -0.503835 0.047901 0.728574
v -0.503188 0.047855 0.730395
v -0.479000 -0.050000 -0.551000
v -0.520000 -0.045000 -0.551000
v -0.479000 -0.045000 -0.620000
v -0.481798 -0.049988 -0.551000
v -0.484583 -0.049953 -0.551000
v -0.487342 -0.049895 -0.551000
v -0.490062 -0.049815 -0.551000
v -0.492730 -0.049711 -0.551000
v -0.495334 -0.049586 -0.551000
v -0.497863 -0.049439 -0.551000
v -0.500303 -0.049272 -0.551000
v -0.502644 -0.049085 -0.551000
v -0.504875 -0.048879 -0.551000
v -0.506985 -0.048654 -0.551000
v -0.479000 -0.049988 -0.555709
v -0.481830 -0.049976 -0.555731
v -0.484671 -0.049940 -0.555744
v -0.487484 -0.049880 -0.555757
v -0.490244 -0.049796 -0.555772
v -0.492932 -0.049690 -0.555784
v -0.495534 -0.049562 -0.555795
v -0.498040 -0.049414 -0.555801
v -0.500440 -0.049248 -0.555803
v -0.502726 -0.049063 -0.555805
v -0.504894 -0.048861 -0.555804
v -0.506937 -0.048643 -0.555806
v -0.479000 -0.049953 -0.560396
v -0.481850 -0.049940 -0.560493
v -0.484732 -0.049902 -0.560557
v -0.487586 -0.049839 -0.560597
v -0.490374 -0.049753 -0.560623
v -0.493070 -0.049644 -0.560633
v -0.495655 -0.049515 -0.560634
v -0.498125 -0.049367 -0.560624
v -0.500473 -0.049202 -0.560607
v -0.502694 -0.049021 -0.560591
v -0.504789 -0.048825 -0.560576
v -0.506756 -0.048614 -0.560574
v -0.479000 -0.049895 -0.565038
v -0.481862 -0.049880 -0.565223
v -0.484768 -0.049840 -0.565349
v -0.487648 -0.049774 -0.565422
v -0.490448 -0.049686 -0.565452
v -0.493138 -0.049575 -0.565444
v -0.495694 -0.049446 -0.565412
v -0.498119 -0.049299 -0.565361
v -0.500406 -0.049137 -0.565301
v -0.502553 -0.048960 -0.565248
v -0.504568 -0.048771 -0.565202
v -0.506455 -0.048568 -0.565186
v -0.479000 -0.049815 -0.569616
v -0.481869 -0.049797 -0.569876
v -0.484786 -0.049754 -0.570052
v -0.487672 -0.049686 -0.570145
v -0.490467 -0.049595 -0.570163
v -0.493138 -0.049484 -0.570117
v -0.495657 -0.049356 -0.570031
v -0.498028 -0.049212 -0.569915
v -0.500247 -0.049054 -0.569790
v -0.502316 -0.048884 -0.569679
v -0.504249 -0.048702 -0.569587
v -0.506052 -0.048509 -0.569547
v -0.479000 -0.049711 -0.574107
v -0.481872 -0.049690 -0.574417
v -0.484788 -0.049645 -0.574619
v -0.487665 -0.049575 -0.574708
v -0.490441 -0.049484 -0.574692
v -0.493081 -0.049374 -0.574590
v -0.495552 -0.049248 -0.574429
v -0.497863 -0.049108 -0.574229
v -0.500010 -0.048956 -0.574019
v -0.502000 -0.048794 -0.573835
v -0.503849 -0.048621 -0.573684
v -0.505566 -0.048438 -0.573612
v -0.479000 -0.049586 -0.578490
v -0.481873 -0.049562 -0.578814
v -0.484780 -0.049515 -0.579004
v -0.487639 -0.049445 -0.579056
v -0.490384 -0.049355 -0.578978
v -0.492983 -0.049247 -0.578793
v -0.495400 -0.049125 -0.578535
v -0.497645 -0.048992 -0.578229
v -0.499718 -0.048849 -0.577917
v -0.501627 -0.048696 -0.577643
v -0.503394 -0.048533 -0.577423
v -0.505025 -0.048360 -0.577313
v -0.479000 -0.049439 -0.582745
v -0.481872 -0.049414 -0.583049
v -0.484766 -0.049366 -0.583195
v -0.487597 -0.049297 -0.583178
v -0.490305 -0.049209 -0.583010
v -0.492857 -0.049106 -0.582720
v -0.495215 -0.048991 -0.582346
v -0.497392 -0.048866 -0.581920
v -0.499391 -0.048733 -0.581493
v -0.501220 -0.048591 -0.581120
v -0.502904 -0.048440 -0.580822
v -0.504448 -0.048278 -0.580668
v -0.479000 -0.049272 -0.586851
v -0.481870 -0.049247 -0.587102
v -0.484747 -0.049200 -0.587171
v -0.487549 -0.049134 -0.587057
v -0.490218 -0.049051 -0.586777
v -0.492722 -0.048954 -0.586363
v -0.495024 -0.048847 -0.585860
v -0.497136 -0.048732 -0.585305
v -0.499064 -0.048610 -0.584753
v -0.500813 -0.048480 -0.584266
v -0.502413 -0.048343 -0.583874
v -0.503864 -0.048194 -0.583666
v -0.479000 -0.049085 -0.590791
v -0.481867 -0.049061 -0.590959
v -0.484728 -0.049018 -0.590924
v -0.487504 -0.048956 -0.590689
v -0.490138 -0.048880 -0.590278
v -0.492600 -0.048791 -0.589729
v -0.494853 -0.048694 -0.589089
v -0.496910 -0.048590 -0.588396
v -0.498773 -0.048480 -0.587708
v -0.500445 -0.048365 -0.587087
v -0.501955 -0.048243 -0.586575
v -0.503301 -0.048111 -0.586294
v -0.479000 -0.048879 -0.594545
v -0.481862 -0.048859 -0.594611
v -0.484708 -0.048821 -0.594455
v -0.487462 -0.048766 -0.594088
v -0.490068 -0.048698 -0.593540
v -0.492498 -0.048618 -0.592851
v -0.494714 -0.048531 -0.592070
v -0.496728 -0.048439 -0.591237
v -0.498538 -0.048342 -0.590405
v -0.500140 -0.048243 -0.589632
v -0.501561 -0.048140 -0.588968
v -0.502785 -0.048029 -0.588574
v -0.479000 -0.048654 -0.598096
v -0.481858 -0.048641 -0.598050
v -0.484695 -0.048610 -0.597768
v -0.487437 -0.048564 -0.597265
v -0.490028 -0.048505 -0.596577
v -0.492443 -0.048435 -0.595744
v -0.494639 -0.048359 -0.594819
v -0.496632 -0.048277 -0.593838
v -0.498412 -0.048194 -0.592849
v -0.499972 -0.048111 -0.591899
v -0.501327 -0.048029 -0.591029
v -0.502409 -0.047950 -0.590396
v -0.519904 -0.045000 -0.555709
v -0.519618 -0.045000 -0.560396
v -0.519143 -0.045000 -0.565038
v -0.518480 -0.045000 -0.569616
v -0.517633 -0.045000 -0.574107
v -0.516606 -0.045000 -0.578490
v -0.515403 -0.045000 -0.582745
v -0.514031 -0.045000 -0.586851
v -0.512496 -0.045000 -0.590791
v -0.510804 -0.045000 -0.594545
v -0.508964 -0.045000 -0.598096
v -0.519904 -0.045341 -0.551000
v -0.519806 -0.045343 -0.555762
v -0.519508 -0.045344 -0.560544
v -0.519013 -0.045345 -0.565277
v -0.518326 -0.045346 -0.569922
v -0.517455 -0.045347 -0.574447
v -0.516410 -0.045347 -0.578825
v -0.515199 -0.045348 -0.583043
v -0.513831 -0.045348 -0.587082
v -0.512316 -0.045348 -0.590929
v -0.510660 -0.045348 -0.594577
v -0.508873 -0.045348 -0.598015
v -0.519618 -0.045681 -0.551000
v -0.519510 -0.045688 -0.555796
v -0.519198 -0.045693 -0.560647
v -0.518683 -0.045695 -0.565450
v -0.517974 -0.045697 -0.570141
v -0.517083 -0.045698 -0.574678
v -0.516025 -0.045698 -0.579028
v -0.514812 -0.045697 -0.583187
v -0.513457 -0.045696 -0.587138
v -0.511971 -0.045695 -0.590875
v -0.510362 -0.045694 -0.594401
v -0.508635 -0.045694 -0.597712
v -0.519143 -0.046017 -0.551000
v -0.519017 -0.046031 -0.555816
v -0.518687 -0.046040 -0.560708
v -0.518151 -0.046045 -0.565554
v -0.517421 -0.046047 -0.570265
v -0.516516 -0.046047 -0.574792
v -0.515455 -0.046044 -0.579095
v -0.514251 -0.046041 -0.583176
v -0.512920 -0.046036 -0.587024
v -0.511474 -0.046032 -0.590638
v -0.509920 -0.046029 -0.594030
v -0.508260 -0.046028 -0.597205
v -0.518480 -0.046349 -0.551000
v -0.518332 -0.046368 -0.555828
v -0.517979 -0.046381 -0.560737
v -0.517424 -0.046387 -0.565595
v -0.516681 -0.046389 -0.570299
v -0.515771 -0.046385 -0.574793
v -0.514717 -0.046379 -0.579032
v -0.513534 -0.046371 -0.583022
v -0.512240 -0.046362 -0.586757
v -0.510846 -0.046354 -0.590240
v -0.509356 -0.046347 -0.593493
v -0.507771 -0.046344 -0.596526
v -0.517633 -0.046674 -0.551000
v -0.517460 -0.046697 -0.555833
v -0.517086 -0.046711 -0.560740
v -0.516516 -0.046718 -0.565583
v -0.515768 -0.046717 -0.570255
v -0.514864 -0.046709 -0.574697
v -0.513831 -0.046698 -0.578856
v -0.512685 -0.046683 -0.582745
v -0.511442 -0.046668 -0.586359
v -0.510111 -0.046655 -0.589707
v -0.508696 -0.046644 -0.592819
v -0.507191 -0.046639 -0.595708
v -0.516606 -0.046992 -0.551000
v -0.516411 -0.047016 -0.555835
v -0.516023 -0.047029 -0.560728
v -0.515448 -0.047033 -0.565538
v -0.514708 -0.047027 -0.570158
v -0.513825 -0.047014 -0.574532
v -0.512828 -0.046995 -0.578600
v -0.511735 -0.046973 -0.582378
v -0.510559 -0.046950 -0.585867
v -0.509305 -0.046931 -0.589080
v -0.507973 -0.046915 -0.592053
v -0.506555 -0.046907 -0.594798
v -0.515403 -0.047300 -0.551000
v -0.515195 -0.047322 -0.555834
v -0.514802 -0.047333 -0.560703
v -0.514235 -0.047332 -0.565469
v -0.513517 -0.047320 -0.570026
v -0.512671 -0.047299 -0.574320
v -0.511728 -0.047271 -0.578289
v -0.510705 -0.047241 -0.581953
v -0.509609 -0.047210 -0.585317
v -0.508444 -0.047183 -0.588395
v -0.507206 -0.047161 -0.591229
v -0.505881 -0.047150 -0.593827
v -0.514031 -0.047598 -0.551000
v -0.513822 -0.047616 -0.555829
v -0.513439 -0.047621 -0.560671
v -0.512895 -0.047613 -0.565388
v -0.512215 -0.047593 -0.569879
v -0.511422 -0.047563 -0.574093
v -0.510546 -0.047526 -0.577967
v -0.509604 -0.047486 -0.581522
v -0.508601 -0.047446 -0.584765
v -0.507538 -0.047411 -0.587710
v -0.506409 -0.047382 -0.590402
v -0.505192 -0.047367 -0.592844
v -0.512496 -0.047883 -0.551000
v -0.512302 -0.047896 -0.555824
v -0.511946 -0.047893 -0.560639
v -0.511443 -0.047876 -0.565311
v -0.510816 -0.047846 -0.569744
v -0.510088 -0.047806 -0.573888
v -0.509289 -0.047760 -0.577680
v -0.508436 -0.047710 -0.581141
v -0.507535 -0.047660 -0.584276
v -0.506592 -0.047615 -0.587090
v -0.505594 -0.047578 -0.589631
v -0.504508 -0.047558 -0.591897
v -0.510804 -0.048155 -0.551000
v -0.510643 -0.048160 -0.555817
v -0.510332 -0.048149 -0.560605
v -0.509885 -0.048122 -0.565241
v -0.509324 -0.048083 -0.569626
v -0.508671 -0.048033 -0.573717
v -0.507957 -0.047976 -0.577445
v -0.507197 -0.047916 -0.580835
v -0.506405 -0.047855 -0.583880
v -0.505593 -0.047799 -0.586577
v -0.504749 -0.047751 -0.588968
v -0.503835 -0.047723 -0.591029
v -0.508964 -0.048413 -0.551000
v -0.508853 -0.048409 -0.555810
v -0.508603 -0.048389 -0.560584
v -0.508224 -0.048353 -0.565199
v -0.507739 -0.048303 -0.569560
v -0.507168 -0.048242 -0.573623
v -0.506540 -0.048175 -0.577320
v -0.505874 -0.048104 -0.580673
v -0.505189 -0.048033 -0.583668
v -0.504506 -0.047964 -0.586295
v -0.503835 -0.047901 -0.588574
v -0.503188 -0.047855 -0.590396
v -0.479000 -0.045341 -0.619839
v -0.479000 -0.045681 -0.619357
v -0.479000 -0.046017 -0.618557
v -0.479000 -0.046349 -0.617441
v -0.479000 -0.046674 -0.616016
v -0.479000 -0.046992 -0.614288
v -0.479000 -0.047300 -0.612264
v -0.479000 -0.047598 -0.609955
v -0.479000 -0.047883 -0.607371
v -0.479000 -0.048155 -0.604524
v -0.479000 -0.048413 -0.601428
v -0.481798 -0.045000 -0.619839
v -0.481811 -0.045345 -0.619673
v -0.481819 -0.045692 -0.619172
v -0.481827 -0.046035 -0.618339
v -0.481835 -0.046371 -0.617183
v -0.481843 -0.046699 -0.615717
v -0.481849 -0.047016 -0.613959
v -0.481853 -0.047322 -0.611920
v -0.481854 -0.047615 -0.609618
v -0.481855 -0.047893 -0.607068
v -0.481855 -0.048158 -0.604282
v -0.481856 -0.048407 -0.601274
v -0.484583 -0.045000 -0.619357
v -0.484641 -0.045348 -0.619175
v -0.484679 -0.045699 -0.618651
v -0.484703 -0.046047 -0.617784
v -0.484718 -0.046387 -0.616590
v -0.484724 -0.046716 -0.615090
v -0.484725 -0.047031 -0.613310
v -0.484718 -0.047332 -0.611269
v -0.484708 -0.047619 -0.608989
v -0.484699 -0.047890 -0.606488
v -0.484690 -0.048145 -0.603780
v -0.484689 -0.048385 -0.600873
v -0.487342 -0.045000 -0.618557
v -0.487451 -0.045349 -0.618346
v -0.487526 -0.045703 -0.617790
v -0.487570 -0.046055 -0.616888
v -0.487588 -0.046396 -0.615660
v -0.487583 -0.046724 -0.614137
v -0.487564 -0.047036 -0.612351
v -0.487533 -0.047332 -0.610325
v -0.487498 -0.047610 -0.608085
v -0.487466 -0.047872 -0.605652
v -0.487439 -0.048118 -0.603036
v -0.487429 -0.048348 -0.600243
v -0.490062 -0.045000 -0.617441
v -0.490216 -0.045350 -0.617192
v -0.490321 -0.045706 -0.616599
v -0.490376 -0.046058 -0.615664
v -0.490387 -0.046398 -0.614414
v -0.490360 -0.046724 -0.612882
v -0.490308 -0.047031 -0.611109
v -0.490239 -0.047320 -0.609119
v -0.490165 -0.047591 -0.606941
v -0.490099 -0.047843 -0.604594
v -0.490045 -0.048079 -0.602087
v -0.490021 -0.048299 -0.599419
v -0.492730 -0.045000 -0.616016
v -0.492914 -0.045350 -0.615725
v -0.493034 -0.045706 -0.615096
v -0.493087 -0.046057 -0.614137
v -0.493078 -0.046395 -0.612878
v -0.493017 -0.046717 -0.611357
v -0.492922 -0.047019 -0.609618
v -0.492803 -0.047300 -0.607689
v -0.492678 -0.047562 -0.605597
v -0.492568 -0.047805 -0.603358
v -0.492479 -0.048030 -0.600976
v -0.492436 -0.048240 -0.598443
v -0.495334 -0.045000 -0.614288
v -0.495527 -0.045350 -0.613960
v -0.495640 -0.045705 -0.613307
v -0.495671 -0.046053 -0.612339
v -0.495625 -0.046388 -0.611093
v -0.495515 -0.046705 -0.609607
v -0.495361 -0.047000 -0.607930
v -0.495179 -0.047274 -0.606091
v -0.494994 -0.047527 -0.604111
v -0.494831 -0.047759 -0.602001
v -0.494701 -0.047975 -0.599759
v -0.494635 -0.048174 -0.597372
v -0.497863 -0.045000 -0.612264
v -0.498044 -0.045350 -0.611914
v -0.498130 -0.045703 -0.611252
v -0.498120 -0.046048 -0.610298
v -0.498021 -0.046379 -0.609089
v -0.497848 -0.046690 -0.607666
v -0.497626 -0.046977 -0.606080
v -0.497373 -0.047243 -0.604356
v -0.497119 -0.047487 -0.602513
v -0.496897 -0.047710 -0.600552
v -0.496720 -0.047915 -0.598469
v -0.496629 -0.048103 -0.596240
v -0.500303 -0.045000 -0.609955
v -0.500452 -0.045350 -0.609603
v -0.500493 -0.045701 -0.608958
v -0.500425 -0.046043 -0.608043
v -0.500259 -0.046368 -0.606898
v -0.500013 -0.046673 -0.605563
v -0.499714 -0.046954 -0.604090
v -0.499384 -0.047212 -0.602504
v -0.499056 -0.047447 -0.600816
v -0.498767 -0.047660 -0.599028
v -0.498534 -0.047855 -0.597128
v -0.498410 -0.048032 -0.595080
v -0.502644 -0.045000 -0.607371
v -0.502744 -0.045350 -0.607044
v -0.502723 -0.045698 -0.606445
v -0.502583 -0.046037 -0.605599
v -0.502339 -0.046358 -0.604543
v -0.502013 -0.046659 -0.603318
v -0.501633 -0.046933 -0.601975
v -0.501221 -0.047184 -0.600538
v -0.500812 -0.047411 -0.599023
v -0.500443 -0.047615 -0.597435
v -0.500139 -0.047799 -0.595756
v -0.499972 -0.047964 -0.593928
v -0.504875 -0.045000 -0.604524
v -0.504914 -0.045349 -0.604253
v -0.504821 -0.045696 -0.603729
v -0.504603 -0.046032 -0.602977
v -0.504278 -0.046350 -0.602033
v -0.503868 -0.046646 -0.600934
v -0.503404 -0.046916 -0.599733
v -0.502909 -0.047162 -0.598454
v -0.502414 -0.047383 -0.597121
v -0.501955 -0.047578 -0.595753
v -0.501561 -0.047751 -0.594334
v -0.501327 -0.047901 -0.592796
v -0.506985 -0.045000 -0.601428
v -0.506957 -0.045349 -0.601241
v -0.506789 -0.045694 -0.600819
v -0.506491 -0.046029 -0.600183
v -0.506082 -0.046345 -0.599366
v -0.505587 -0.046639 -0.598405
v -0.505037 -0.046907 -0.597348
v -0.504455 -0.047150 -0.596226
v -0.503867 -0.047367 -0.595073
v -0.503302 -0.047558 -0.593925
v -0.502785 -0.047723 -0.592795
v -0.502409 -0.047855 -0.591706
v -0.479000 0.050000 -0.551000
v -0.479000 0.045000 -0.620000
v -0.520000 0.045000 -0.551000
v -0.479000 0.049988 -0.555709
v -0.479000 0.049953 -0.560396
v -0.479000 0.049895 -0.565038
v -0.479000 0.049815 -0.569616
v -0.479000 0.049711 -0.574107
v -0.479000 0.049586 -0.578490
v -0.479000 0.049439 -0.582745
v -0.479000 0.049272 -0.586851
v -0.479000 0.049085 -0.590791
v -0.479000 0.048879 -0.594545
v -0.479000 0.048654 -0.598096
v -0.481798 0.049988 -0.551000
v -0.481811 0.049976 -0.555762
v -0.481819 0.049940 -0.560544
v -0.481827 0.049880 -0.565277
v -0.481835 0.049796 -0.569922
v -0.481843 0.049690 -0.574447
v -0.481849 0.049562 -0.578825
v -0.481853 0.049414 -0.583043
v -0.481854 0.049248 -0.587082
v -0.481855 0.049063 -0.590929
v -0.481855 0.048861 -0.594577
v -0.481856 0.048643 -0.598015
v -0.484583 0.049953 -0.551000
v -0.484641 0.049940 -0.555796
v -0.484679 0.049902 -0.560647
v -0.484703 0.049839 -0.565450
v -0.484718 0.049753 -0.570141
v -0.484724 0.049644 -0.574678
v -0.484725 0.049515 -0.579028
v -0.484718 0.049367 -0.583187
v -0.484708 0.049202 -0.587138
v -0.484699 0.049021 -0.590875
v -0.484690 0.048825 -0.594401
v -0.484689 0.048614 -0.597712
v -0.487342 0.049895 -0.551000
v -0.487451 0.049880 -0.555816
v -0.487526 0.049840 -0.560708
v -0.487570 0.049774 -0.565554
v -0.487588 0.049686 -0.570265
v -0.487583 0.049575 -0.574792
v -0.487564 0.049446 -0.579095
v -0.487533 0.049299 -0.583176
v -0.487498 0.049137 -0.587024
v -0.487466 0.048960 -0.590638
v -0.487439 0.048771 -0.594030
v -0.487429 0.048568 -0.597205
v -0.490062 0.049815 -0.551000
v -0.490216 0.049797 -0.555828
v -0.490321 0.049754 -0.560737
v -0.490376 0.049686 -0.565595
v -0.490387 0.049595 -0.570299
v -0.490360 0.049484 -0.574793
v -0.490308 0.049356 -0.579032
v -0.490239 0.049212 -0.583022
v -0.490165 0.049054 -0.586757
v -0.490099 0.048884 -0.590240
v -0.490045 0.048702 -0.593493
v -0.490021 0.048509 -0.596526
v -0.492730 0.049711 -0.551000
v -0.492914 0.049690 -0.555833
v -0.493034 0.049645 -0.560740
v -0.493087 0.049575 -0.565583
v -0.493078 0.049484 -0.570255
v -0.493017 0.049374 -0.574697
v -0.492922 0.049248 -0.578856
v -0.492803 0.049108 -0.582745
v -0.492678 0.048956 -0.586359
v -0.492568 0.048794 -0.589707
v -0.492479 0.048621 -0.592819
v -0.492436 0.048438 -0.595708
v -0.495334 0.049586 -0.551000
v -0.495527 0.049562 -0.555835
v -0.495640 0.049515 -0.560728
v -0.495671 0.049445 -0.565538
v -0.495625 0.049355 -0.570158
v -0.495515 0.049247 -0.574532
v -0.495361 0.049125 -0.578600
v -0.495179 0.048992 -0.582378
v -0.494994 0.048849 -0.585867
v -0.494831 0.048696 -0.589080
v -0.494701 0.048533 -0.592053
v -0.494635 0.048360 -0.594798
v -0.497863 0.049439 -0.551000
v -0.498044 0.049414 -0.555834
v -0.498130 0.049366 -0.560703
v -0.498120 0.049297 -0.565469
v -0.498021 0.049209 -0.570026
v -0.497848 0.049106 -0.574320
v -0.497626 0.048991 -0.578289
v -0.497373 0.048866 -0.581953
v -0.497119 0.048733 -0.585317
v -0.496897 0.048591 -0.588395
v -0.496720 0.048440 -0.591229
v -0.496629 0.048278 -0.593827
v -0.500303 0.049272 -0.551000
v -0.500452 0.049247 -0.555829
v -0.500493 0.049200 -0.560671
v -0.500425 0.049134 -0.565388
v -0.500259 0.049051 -0.569879
v -0.500013 0.048954 -0.574093
v -0.499714 0.048847 -0.577967
v -0.499384 0.048732 -0.581522
v -0.499056 0.048610 -0.584765
v -0.498767 0.048480 -0.587710
v -0.498534 0.048343 -0.590402
v -0.498410 0.048194 -0.592844
v -0.502644 0.049085 -0.551000
v -0.502744 0.049061 -0.555824
v -0.502723 0.049018 -0.560639
v -0.502583 0.048956 -0.565311
v -0.502339 0.048880 -0.569744
v -0.502013 0.048791 -0.573888
v -0.501633 0.048694 -0.577680
v -0.501221 0.048590 -0.581141
v -0.500812 0.048480 -0.584276
v -0.500443 0.048365 -0.587090
v -0.500139 0.048243 -0.589631
v -0.499972 0.048111 -0.591897
v -0.504875 0.048879 -0.551000
v -0.504914 0.048859 -0.555817
v -0.504821 0.048821 -0.560605
v -0.504603 0.048766 -0.565241
v -0.504278 0.048698 -0.569626
v -0.503868 0.048618 -0.573717
v -0.503404 0.048531 -0.577445
v -0.502909 0.048439 -0.580835
v -0.502414 0.048342 -0.583880
v -0.501955 0.048243 -0.586577
v -0.501561 0.048140 -0.588968
v -0.501327 0.048029 -0.591029
v -0.506985 0.048654 -0.551000
v -0.506957 0.048641 -0.555810
v -0.506789 0.048610 -0.560584
v -0.506491 0.048564 -0.565199
v -0.506082 0.048505 -0.569560
v -0.505587 0.048435 -0.573623
v -0.505037 0.048359 -0.577320
v -0.504455 0.048277 -0.580673
v -0.503867 0.048194 -0.583668
v -0.503302 0.048111 -0.586295
v -0.502785 0.048029 -0.588574
v -0.502409 0.047950 -0.590396
v -0.481798 0.045000 -0.619839
v -0.484583 0.045000 -0.619357
v -0.487342 0.045000 -0.618557
v -0.490062 0.045000 -0.617441
v -0.492730 0.045000 -0.616016
v -0.495334 0.045000 -0.614288
v -0.497863 0.045000 -0.612264
v -0.500303 0.045000 -0.609955
v -0.502644 0.045000 -0.607371
v -0.504875 0.045000 -0.604524
v -0.506985 0.045000 -0.601428
v -0.479000 0.045341 -0.619839
v -0.481830 0.045343 -0.619673
v -0.484671 0.045344 -0.619172
v -0.487484 0.045345 -0.618339
v -0.490244 0.045346 -0.617183
v -0.492932 0.045347 -0.615717
v -0.495534 0.045347 -0.613959
v -0.498040 0.045348 -0.611920
v -0.500440 0.045348 -0.609618
v -0.502726 0.045348 -0.607068
v -0.504894 0.045348 -0.604282
v -0.506937 0.045348 -0.601274
v -0.479000 0.045681 -0.619357
v -0.481850 0.045688 -0.619175
v -0.484732 0.045693 -0.618651
v -0.487586 0.045695 -0.617784
v -0.490374 0.045697 -0.616590
v -0.493070 0.045698 -0.615090
v -0.495655 0.045698 -0.613310
v -0.498125 0.045697 -0.611269
v -0.500473 0.045696 -0.608989
v -0.502694 0.045695 -0.606488
v -0.504789 0.045694 -0.603780
v -0.506756 0.045694 -0.600873
v -0.479000 0.046017 -0.618557
v -0.481862 0.046031 -0.618346
v -0.484768 0.046040 -0.617790
v -0.487648 0.046045 -0.616888
v -0.490448 0.046047 -0.615660
v -0.493138 0.046047 -0.614137
v -0.495694 0.046044 -0.612351
v -0.498119 0.046041 -0.610325
v -0.500406 0.046036 -0.608085
v -0.502553 0.046032 -0.605652
v -0.504568 0.046029 -0.603036
v -0.506455 0.046028 -0.600243
v -0.479000 0.046349 -0.617441
v -0.481869 0.046368 -0.617192
v -0.484786 0.046381 -0.616599
v -0.487672 0.046387 -0.615664
v -0.490467 0.046389 -0.614414
v -0.493138 0.046385 -0.612882
v -0.495657 0.046379 -0.611109
v -0.498028 0.046371 -0.609119
v -0.500247 0.046362 -0.606941
v -0.502316 0.046354 -0.604594
v -0.504249 0.046347 -0.602087
v -0.506052 0.046344 -0.599419
v -0.479000 0.046674 -0.616016
v -0.481872 0.046697 -0.615725
v -0.484788 0.046711 -0.615096
v -0.487665 0.046718 -0.614137
v -0.490441 0.046717 -0.612878
v -0.493081 0.046709 -0.611357
v -0.495552 0.046698 -0.609618
v -0.497863 0.046683 -0.607689
v -0.500010 0.046668 -0.605597
v -0.502000 0.046655 -0.603358
v -0.503849 0.046644 -0.600976
v -0.505566 0.046639 -0.598443
v -0.479000 0.046992 -0.614288
v -0.481873 0.047016 -0.613960
v -0.484780 0.047029 -0.613307
v -0.487639 0.047033 -0.612339
v -0.490384 0.047027 -0.611093
v -0.492983 0.047014 -0.609607
v -0.495400 0.046995 -0.607930
v -0.497645 0.046973 -0.606091
v -0.499718 0.046950 -0.604111
v -0.501627 0.046931 -0.602001
v -0.503394 0.046915 -0.599759
v -0.505025 0.046907 -0.597372
v -0.479000 0.047300 -0.612264
v -0.481872 0.047322 -0.611914
v -0.484766 0.047333 -0.611252
v -0.487597 0.047332 -0.610298
v -0.490305 0.047320 -0.609089
v -0.492857 0.047299 -0.607666
v -0.495215 0.047271 -0.606080
v -0.497392 0.047241 -0.604356
v -0.499391 0.047210 -0.602513
v -0.501220 0.047183 -0.600552
v -0.502904 0.047161 -0.598469
v -0.504448 0.047150 -0.596240
v -0.479000 0.047598 -0.609955
v -0.481870 0.047616 -0.609603
v -0.484747 0.047621 -0.608958
v -0.487549 0.047613 -0.608043
v -0.490218 0.047593 -0.606898
v -0.492722 0.047563 -0.605563
v -0.495024 0.047526 -0.604090
v -0.497136 0.047486 -0.602504
v -0.499064 0.047446 -0.600816
v -0.500813 0.047411 -0.599028
v -0.502413 0.047382 -0.597128
v -0.503864 0.047367 -0.595080
v -0.479000 0.047883 -0.607371
v -0.481867 0.047896 -0.607044
v -0.484728 0.047893 -0.606445
v -0.487504 0.047876 -0.605599
v -0.490138 0.047846 -0.604543
v -0.492600 0.047806 -0.603318
v -0.494853 0.047760 -0.601975
v -0.496910 0.047710 -0.600538
v -0.498773 0.047660 -0.599023
v -0.500445 0.047615 -0.597435
v -0.501955 0.047578 -0.595756
v -0.503301 0.047558 -0.593928
v -0.479000 0.048155 -0.604524
v -0.481862 0.048160 -0.604253
v -0.484708 0.048149 -0.603729
v -0.487462 0.048122 -0.602977
v -0.490068 0.048083 -0.602033
v -0.492498 0.048033 -0.600934
v -0.494714 0.047976 -0.599733
v -0.496728 0.047916 -0.598454
v -0.498538 0.047855 -0.597121
v -0.500140 0.047799 -0.595753
v -0.501561 0.047751 -0.594334
v -0.502785 0.047723 -0.592796
v -0.479000 0.048413 -0.601428
v -0.481858 0.048409 -0.601241
v -0.484695 0.048389 -0.600819
v -0.487437 0.048353 -0.600183
v -0.490028 0.048303 -0.599366
v -0.492443 0.048242 -0.598405
v -0.494639 0.048175 -0.597348
v -0.496632 0.048104 -0.596226
v -0.498412 0.048033 -0.595073
v -0.499972 0.047964 -0.593925
v -0.501327 0.047901 -0.592795
v -0.502409 0.047855 -0.591706
v -0.519904 0.045341 -0.551000
v -0.519618 0.045681 -0.551000
v -0.519143 0.046017 -0.551000
v -0.518480 0.046349 -0.551000
v -0.517633 0.046674 -0.551000
v -0.516606 0.046992 -0.551000
v -0.515403 0.047300 -0.551000
v -0.514031 0.047598 -0.551000
v -0.512496 0.047883 -0.551000
v -0.510804 0.048155 -0.551000
v -0.508964 0.048413 -0.551000
v -0.519904 0.045000 -0.555709
v -0.519806 0.045345 -0.555731
v -0.519508 0.045692 -0.555744
v -0.519013 0.046035 -0.555757
v -0.518326 0.046371 -0.555772
v -0.517455 0.046699 -0.555784
v -0.516410 0.047016 -0.555795
v -0.515199 0.047322 -0.555801
v -0.513831 0.047615 -0.555803
v -0.512316 0.047893 -0.555805
v -0.510660 0.048158 -0.555804
v -0.508873 0.048407 -0.555806
v -0.519618 0.045000 -0.560396
v -0.519510 0.045348 -0.560493
v -0.519198 0.045699 -0.560557
v -0.518683 0.046047 -0.560597
v -0.517974 0.046387 -0.560623
v -0.517083 0.046716 -0.560633
v -0.516025 0.047031 -0.560634
v -0.514812 0.047332 -0.560624
v -0.513457 0.047619 -0.560607
v -0.511971 0.047890 -0.560591
v -0.510362 0.048145 -0.560576
v -0.508635 0.048385 -0.560574
v -0.519143 0.045000 -0.565038
v -0.519017 0.045349 -0.565223
v -0.518687 0.045703 -0.565349
v -0.518151 0.046055 -0.565422
v -0.517421 0.046396 -0.565452
v -0.516516 0.046724 -0.565444
v -0.515455 0.047036 -0.565412
v -0.514251 0.047332 -0.565361
v -0.512920 0.047610 -0.565301
v -0.511474 0.047872 -0.565248
v -0.509920 0.048118 -0.565202
v -0.508260 0.048348 -0.565186
v -0.518480 0.045000 -0.569616
v -0.518332 0.045350 -0.569876
v -0.517979 0.045706 -0.570052
v -0.517424 0.046058 -0.570145
v -0.516681 0.046398 -0.570163
v -0.515771 0.046724 -0.570117
v -0.514717 0.047031 -0.570031
v -0.513534 0.047320 -0.569915
v -0.512240 0.047591 -0.569790
v -0.510846 0.047843 -0.569679
v -0.509356 0.048079 -0.569587
v -0.507771 0.048299 -0.569547
v -0.517633 0.045000 -0.574107
v -0.517460 0.045350 -0.574417
v -0.517086 0.045706 -0.574619
v -0.516516 0.046057 -0.574708
v -0.515768 0.046395 -0.574692
v -0.514864 0.046717 -0.574590
v -0.513831 0.047019 -0.574429
v -0.512685 0.047300 -0.574229
v -0.511442 0.047562 -0.574019
v -0.510111 0.047805 -0.573835
v -0.508696 0.048030 -0.573684
v -0.507191 0.048240 -0.573612
v -0.516606 0.045000 -0.578490
v -0.516411 0.045350 -0.578814
v -0.516023 0.045705 -0.579004
v -0.515448 0.046053 -0.579056
v -0.514708 0.046388 -0.578978
v -0.513825 0.046705 -0.578793
v -0.512828 0.047000 -0.578535
v -0.511735 0.047274 -0.578229
v -0.510559 0.047527 -0.577917
v -0.509305 0.047759 -0.577643
v -0.507973 0.047975 -0.577423
v -0.506555 0.048174 -0.577313
v -0.515403 0.045000 -0.582745
v -0.515195 0.045350 -0.583049
v -0.514802 0.045703 -0.583195
v -0.514235 0.046048 -0.583178
v -0.513517 0.046379 -0.583010
v -0.512671 0.046690 -0.582720
v -0.511728 0.046977 -0.582346
v -0.510705 0.047243 -0.581920
v -0.509609 0.047487 -0.581493
v -0.508444 0.047710 -0.581120
v -0.507206 0.047915 -0.580822
v -0.505881 0.048103 -0.580668
v -0.514031 0.045000 -0.586851
v -0.513822 0.045350 -0.587102
v -0.513439 0.045701 -0.587171
v -0.512895 0.046043 -0.587057
v -0.512215 0.046368 -0.586777
v -0.511422 0.046673 -0.586363
v -0.510546 0.046954 -0.585860
v -0.509604 0.047212 -0.585305
v -0.508601 0.047447 -0.584753
v -0.507538 0.047660 -0.584266
v -0.506409 0.047855 -0.583874
v -0.505192 0.048032 -0.583666
v -0.512496 0.045000 -0.590791
v -0.512302 0.045350 -0.590959
v -0.511946 0.045698 -0.590924
v -0.511443 0.046037 -0.590689
v -0.510816 0.046358 -0.590278
v -0.510088 0.046659 -0.589729
v -0.509289 0.046933 -0.589089
v -0.508436 0.047184 -0.588396
v -0.507535 0.047411 -0.587708
v -0.506592 0.047615 -0.587087
v -0.505594 0.047799 -0.586575
v -0.504508 0.047964 -0.586294
v -0.510804 0.045000 -0.594545
v -0.510643 0.045349 -0.594611
v -0.510332 0.045696 -0.594455
v -0.509885 0.046032 -0.594088
v -0.509324 0.046350 -0.593540
v -0.508671 0.046646 -0.592851
v -0.507957 0.046916 -0.592070
v -0.507197 0.047162 -0.591237
v -0.506405 0.047383 -0.590405
v -0.505593 0.047578 -0.589632
v -0.504749 0.047751 -0.588968
v -0.503835 0.047901 -0.588574
v -0.508964 0.045000 -0.598096
v -0.508853 0.045349 -0.598050
v -0.508603 0.045694 -0.597768
v -0.508224 0.046029 -0.597265
v -0.507739 0.046345 -0.596577
v -0.507168 0.046639 -0.595744
v -0.506540 0.046907 -0.594819
v -0.505874 0.047150 -0.593838
v -0.505189 0.047367 -0.592849
v -0.504506 0.047558 -0.591899
v -0.503835 0.047723 -0.591029
v -0.503188 0.047855 -0.590396
v 0.259000 -0.050000 0.691000
v 0.300000 -0.045000 0.691000
v 0.259000 -0.045000 0.760000
v 0.261798 -0.049988 0.691000
v 0.264583 -0.049953 0.691000
v 0.267342 -0.049895 0.691000
v 0.270062 -0.049815 0.691000
v 0.272730 -0.049711 0.691000
v 0.275334 -0.049586 0.691000
v 0.277863 -0.049439 0.691000
v 0.280303 -0.049272 0.691000
v 0.282644 -0.049085 0.691000
v 0.284875 -0.048879 0.691000
v 0.286985 -0.048654 0.691000
v 0.259000 -0.049988 0.695709
v 0.261830 -0.049976 0.695731
v 0.264671 -0.049940 0.695744
v 0.267484 -0.049880 0.695757
v 0.270244 -0.049796 0.695772
v 0.272932 -0.049690 0.695784
v 0.275534 -0.049562 0.695795
v 0.278040 -0.049414 0.695801
v 0.280440 -0.049248 0.695803
v 0.282726 -0.049063 0.695805
v 0.284894 -0.048861 0.695804
v 0.286937 -0.048643 0.695806
v 0.259000 -0.049953 0.700396
v 0.261850 -0.049940 0.700493
v 0.264732 -0.049902 0.700557
v 0.267586 -0.049839 0.700597
v 0.270374 -0.049753 0.700623
v 0.273070 -0.049644 0.700633
v 0.275655 -0.049515 0.700634
v 0.278125 -0.049367 0.700624
v 0.280473 -0.049202 0.700607
v 0.282694 -0.049021 0.700591
v 0.284789 -0.048825 0.700576
v 0.286757 -0.048614 0.700574
v 0.259000 -0.049895 0.705038
v 0.261862 -0.049880 0.705223
v 0.264768 -0.049840 0.705349
v 0.267648 -0.049774 0.705422
v 0.270448 -0.049686 0.705452
v 0.273138 -0.049575 0.705444
v 0.275694 -0.049446 0.705412
v 0.278119 -0.049299 0.705361
v 0.280406 -0.049137 0.705301
v 0.282553 -0.048960 0.705248
v 0.284568 -0.048771 0.705202
v 0.286455 -0.048568 0.705186
v 0.259000 -0.049815 0.709616
v 0.261869 -0.049797 0.709876
v 0.264786 -0.049754 0.710052
v 0.267672 -0.049686 0.710145
v 0.270467 -0.049595 0.710163
v 0.273138 -0.049484 0.710117
v 0.275657 -0.049356 0.710031
v 0.278028 -0.049212 0.709915
v 0.280247 -0.049054 0.709790
v 0.282316 -0.048884 0.709679
v 0.284249 -0.048702 0.709587
v 0.286052 -0.048509 0.709547
v 0.259000 -0.049711 0.714107
v 0.261872 -0.049690 0.714417
v 0.264788 -0.049645 0.714619
v 0.267665 -0.049575 0.714708
v 0.270441 -0.049484 0.714692
v 0.273081 -0.049374 0.714590
v 0.275552 -0.049248 0.714429
v 0.277863 -0.049108 0.714229
v 0.280010 -0.048956 0.714019
v 0.282000 -0.048794 0.713835
v 0.283849 -0.048621 0.713684
v 0.285566 -0.048438 0.713612
v 0.259000 -0.049586 0.718490
v 0.261873 -0.049562 0.718814
v 0.264780 -0.049515 0.719004
v 0.267639 -0.049445 0.719056
v 0.270384 -0.049355 0.718978
v 0.272983 -0.049247 0.718793
v 0.275400 -0.049125 0.718535
v 0.277645 -0.048992 0.718229
v 0.279718 -0.048849 0.717917
v 0.281627 -0.048696 0.717643
v 0.283394 -0.048533 0.717423
v 0.285025 -0.048360 0.717313
v 0.259000 -0.049439 0.722745
v 0.261872 -0.049414 0.723049
v 0.264766 -0.049366 0.723195
v 0.267597 -0.049297 0.723178
v 0.270305 -0.049209 0.723010
v 0.272857 -0.049106 0.722720
v 0.275215 -0.048991 0.722346
v 0.277392 -0.048866 0.721920
v 0.279391 -0.048733 0.721493
v 0.281220 -0.048591 0.721120
v 0.282904 -0.048440 0.720822
v 0.284448 -0.048278 0.720668
v 0.259000 -0.049272 0.726851
v 0.261870 -0.049247 0.727102
v 0.264747 -0.049200 0.727171
v 0.267550 -0.049134 0.727057
v 0.270218 -0.049051 0.726777
v 0.272722 -0.048954 0.726363
v 0.275024 -0.048847 0.725860
v 0.277136 -0.048732 0.725305
v 0.279064 -0.048610 0.724753
v 0.280813 -0.048480 0.724266
v 0.282413 -0.048343 0.723874
v 0.283864 -0.048194 0.723666
v 0.259000 -0.049085 0.730791
v 0.261867 -0.049061 0.730959
v 0.264727 -0.049018 0.730924
v 0.267504 -0.048956 0.730689
v 0.270137 -0.048880 0.730278
v 0.272600 -0.048791 0.729729
v 0.274853 -0.048694 0.729089
v 0.276910 -0.048590 0.728396
v 0.278773 -0.048480 0.727708
v 0.280445 -0.048365 0.727087
v 0.281955 -0.048243 0.726575
v 0.283301 -0.048111 0.726294
v 0.259000 -0.048879 0.734545
v 0.261862 -0.048859 0.734611
v 0.264708 -0.048821 0.734455
v 0.267462 -0.048766 0.734088
v 0.270068 -0.048698 0.733540
v 0.272498 -0.048618 0.732851
v 0.274714 -0.048531 0.732070
v 0.276728 -0.048439 0.731237
v 0.278538 -0.048342 0.730404
v 0.280140 -0.048243 0.729632
v 0.281561 -0.048140 0.728968
v 0.282785 -0.048029 0.728574
v 0.259000 -0.048654 0.738096
v 0.261858 -0.048641 0.738050
v 0.264695 -0.048610 0.737768
v 0.267437 -0.048564 0.737265
v 0.270028 -0.048505 0.736577
v 0.272443 -0.048435 0.735744
v 0.274639 -0.048359 0.734819
v 0.276631 -0.048277 0.733838
v 0.278412 -0.048194 0.732849
v 0.279972 -0.048111 0.731899
v 0.281327 -0.048029 0.731029
v 0.282409 -0.047950 0.730395
v 0.299904 -0.045000 0.695709
v 0.299618 -0.045000 0.700396
v 0.299142 -0.045000 0.705038
v 0.298480 -0.045000 0.709616
v 0.297633 -0.045000 0.714107
v 0.296606 -0.045000 0.718490
v 0.295403 -0.045000 0.722745
v 0.294031 -0.045000 0.726851
v 0.292496 -0.045000 0.730791
v 0.290804 -0.045000 0.734545
v 0.288964 -0.045000 0.738096
v 0.299904 -0.045341 0.691000
v 0.299806 -0.045343 0.695762
v 0.299508 -0.045344 0.700544
v 0.299013 -0.045345 0.705277
v 0.298326 -0.045346 0.709922
v 0.297455 -0.045347 0.714447
v 0.296410 -0.045347 0.718825
v 0.295199 -0.045348 0.723042
v 0.293831 -0.045348 0.727082
v 0.292315 -0.045348 0.730929
v 0.290660 -0.045348 0.734577
v 0.288873 -0.045348 0.738015
v 0.299618 -0.045681 0.691000
v 0.299510 -0.045688 0.695796
v 0.299198 -0.045693 0.700647
v 0.298683 -0.045695 0.705450
v 0.297974 -0.045697 0.710141
v 0.297083 -0.045698 0.714678
v 0.296025 -0.045698 0.719028
v 0.294812 -0.045697 0.723187
v 0.293457 -0.045696 0.727138
v 0.291971 -0.045695 0.730875
v 0.290362 -0.045694 0.734401
v 0.288635 -0.045694 0.737712
v 0.299142 -0.046017 0.691000
v 0.299017 -0.046031 0.695816
v 0.298687 -0.046040 0.700708
v 0.298151 -0.046045 0.705554
v 0.297421 -0.046047 0.710265
v 0.296516 -0.046047 0.714792
v 0.295455 -0.046044 0.719095
v 0.294251 -0.046041 0.723176
v 0.292920 -0.046036 0.727024
v 0.291474 -0.046032 0.730638
v 0.289920 -0.046029 0.734030
v 0.288260 -0.046028 0.737205
v 0.298480 -0.046349 0.691000
v 0.298332 -0.046368 0.695828
v 0.297979 -0.046381 0.700737
v 0.297424 -0.046387 0.705595
v 0.296681 -0.046389 0.710299
v 0.295771 -0.046385 0.714793
v 0.294717 -0.046379 0.719032
v 0.293535 -0.046371 0.723022
v 0.292240 -0.046362 0.726757
v 0.290846 -0.046354 0.730240
v 0.289356 -0.046347 0.733493
v 0.287771 -0.046344 0.736526
v 0.297633 -0.046674 0.691000
v 0.297460 -0.046697 0.695833
v 0.297086 -0.046711 0.700740
v 0.296516 -0.046718 0.705583
v 0.295768 -0.046717 0.710255
v 0.294864 -0.046709 0.714697
v 0.293831 -0.046698 0.718856
v 0.292685 -0.046683 0.722745
v 0.291442 -0.046668 0.726359
v 0.290111 -0.046655 0.729707
v 0.288696 -0.046644 0.732819
v 0.287191 -0.046639 0.735708
v 0.296606 -0.046992 0.691000
v 0.296411 -0.047016 0.695835
v 0.296023 -0.047029 0.700728
v 0.295448 -0.047033 0.705538
v 0.294708 -0.047027 0.710158
v 0.293825 -0.047014 0.714532
v 0.292828 -0.046995 0.718600
v 0.291735 -0.046973 0.722378
v 0.290559 -0.046950 0.725867
v 0.289305 -0.046931 0.729080
v 0.287973 -0.046915 0.732053
v 0.286555 -0.046907 0.734798
v 0.295403 -0.047300 0.691000
v 0.295195 -0.047322 0.695834
v 0.294802 -0.047333 0.700703
v 0.294235 -0.047332 0.705469
v 0.293517 -0.047320 0.710026
v 0.292671 -0.047299 0.714320
v 0.291728 -0.047271 0.718289
v 0.290705 -0.047241 0.721953
v 0.289609 -0.047210 0.725317
v 0.288444 -0.047183 0.728395
v 0.287206 -0.047161 0.731229
v 0.285882 -0.047150 0.733827
v 0.294031 -0.047598 0.691000
v 0.293822 -0.047616 0.695829
v 0.293439 -0.047621 0.700671
v 0.292895 -0.047613 0.705388
v 0.292215 -0.047593 0.709879
v 0.291422 -0.047563 0.714093
v 0.290546 -0.047526 0.717967
v 0.289604 -0.047486 0.721522
v 0.288601 -0.047446 0.724765
v 0.287538 -0.047411 0.727710
v 0.286409 -0.047382 0.730402
v 0.285192 -0.047367 0.732844
v 0.292496 -0.047883 0.691000
v 0.292302 -0.047896 0.695824
v 0.291946 -0.047893 0.700639
v 0.291443 -0.047876 0.705311
v 0.290816 -0.047846 0.709744
v 0.290088 -0.047806 0.713888
v 0.289289 -0.047760 0.717680
v 0.288436 -0.047710 0.721141
v 0.287535 -0.047660 0.724276
v 0.286592 -0.047615 0.727090
v 0.285594 -0.047578 0.729631
v 0.284508 -0.047558 0.731897
v 0.290804 -0.048155 0.691000
v 0.290643 -0.048160 0.695817
v 0.290332 -0.048149 0.700605
v 0.289885 -0.048122 0.705241
v 0.289324 -0.048083 0.709626
v 0.288671 -0.048033 0.713717
v 0.287957 -0.047976 0.717445
v 0.287197 -0.047916 0.720835
v 0.286405 -0.047855 0.723880
v 0.285593 -0.047799 0.726577
v 0.284749 -0.047751 0.728968
v 0.283835 -0.047723 0.731029
v 0.288964 -0.048413 0.691000
v 0.288853 -0.048409 0.695810
v 0.288603 -0.048389 0.700584
v 0.288224 -0.048353 0.705199
v 0.287739 -0.048303 0.709560
v 0.287168 -0.048242 0.713623
v 0.286540 -0.048175 0.717320
v 0.285874 -0.048104 0.720672
v 0.285188 -0.048033 0.723668
v 0.284506 -0.047964 0.726295
v 0.283835 -0.047901 0.728574
v 0.283188 -0.047855 0.730395
v 0.259000 -0.045341 0.759839
v 0.259000 -0.045681 0.759357
v 0.259000 -0.046017 0.758557
v 0.259000 -0.046349 0.757441
v 0.259000 -0.046674 0.756016
v 0.259000 -0.046992 0.754288
v 0.259000 -0.047300 0.752264
v 0.259000 -0.047598 0.749955
v 0.259000 -0.047883 0.747371
v 0.259000 -0.048155 0.744524
v 0.259000 -0.048413 0.741428
v 0.261798 -0.045000 0.759839
v 0.261811 -0.045345 0.759673
v 0.261819 -0.045692 0.759172
v 0.261827 -0.046035 0.758339
v 0.261836 -0.046371 0.757183
v 0.261843 -0.046699 0.755717
v 0.261849 -0.047016 0.753959
v 0.261853 -0.047322 0.751920
v 0.261854 -0.047615 0.749618
v 0.261855 -0.047893 0.747068
v 0.261855 -0.048158 0.744282
v 0.261856 -0.048407 0.741274
v 0.264583 -0.045000 0.759357
v 0.264641 -0.045348 0.759175
v 0.264679 -0.045699 0.758651
v 0.264703 -0.046047 0.757784
v 0.264718 -0.046387 0.756590
v 0.264724 -0.046716 0.755090
v 0.264725 -0.047031 0.753310
v 0.264718 -0.047332 0.751269
v 0.264708 -0.047619 0.748989
v 0.264699 -0.047890 0.746488
v 0.264690 -0.048145 0.743780
v 0.264689 -0.048385 0.740873
v 0.267342 -0.045000 0.758557
v 0.267451 -0.045349 0.758346
v 0.267526 -0.045703 0.757790
v 0.267570 -0.046055 0.756888
v 0.267588 -0.046396 0.755660
v 0.267583 -0.046724 0.754137
v 0.267564 -0.047036 0.752351
v 0.267533 -0.047332 0.750325
v 0.267498 -0.047610 0.748085
v 0.267466 -0.047872 0.745652
v 0.267439 -0.048118 0.743036
v 0.267429 -0.048348 0.740243
v 0.270062 -0.045000 0.757441
v 0.270216 -0.045350 0.757192
v 0.270321 -0.045706 0.756599
v 0.270376 -0.046058 0.755664
v 0.270387 -0.046398 0.754414
v 0.270360 -0.046724 0.752882
v 0.270308 -0.047031 0.751109
v 0.270239 -0.047320 0.749119
v 0.270165 -0.047591 0.746941
v 0.270099 -0.047843 0.744594
v 0.270045 -0.048079 0.742087
v 0.270021 -0.048299 0.739419
v 0.272730 -0.045000 0.756016
v 0.272915 -0.045350 0.755725
v 0.273034 -0.045706 0.755096
v 0.273087 -0.046057 0.754137
v 0.273078 -0.046395 0.752878
v 0.273017 -0.046717 0.751357
v 0.272922 -0.047019 0.749618
v 0.272803 -0.047300 0.747689
v 0.272678 -0.047562 0.745597
v 0.272568 -0.047805 0.743358
v 0.272479 -0.048030 0.740976
v 0.272436 -0.048240 0.738443
v 0.275334 -0.045000 0.754288
v 0.275527 -0.045350 0.753960
v 0.275640 -0.045705 0.753307
v 0.275671 -0.046053 0.752339
v 0.275625 -0.046388 0.751093
v 0.275515 -0.046705 0.749607
v 0.275361 -0.047000 0.747930
v 0.275179 -0.047274 0.746091
v 0.274994 -0.047527 0.744111
v 0.274831 -0.047759 0.742001
v 0.274701 -0.047975 0.739759
v 0.274635 -0.048174 0.737372
v 0.277863 -0.045000 0.752264
v 0.278044 -0.045350 0.751914
v 0.278130 -0.045703 0.751252
v 0.278120 -0.046048 0.750298
v 0.278021 -0.046379 0.749089
v 0.277848 -0.046690 0.747666
v 0.277626 -0.046977 0.746080
v 0.277373 -0.047243 0.744356
v 0.277119 -0.047487 0.742513
v 0.276897 -0.047710 0.740552
v 0.276720 -0.047915 0.738469
v 0.276629 -0.048103 0.736240
v 0.280303 -0.045000 0.749955
v 0.280452 -0.045350 0.749603
v 0.280493 -0.045701 0.748958
v 0.280425 -0.046043 0.748043
v 0.280259 -0.046368 0.746898
v 0.280013 -0.046673 0.745563
v 0.279714 -0.046954 0.744090
v 0.279384 -0.047212 0.742504
v 0.279056 -0.047447 0.740816
v 0.278767 -0.047660 0.739028
v 0.278534 -0.047855 0.737128
v 0.278410 -0.048032 0.735080
v 0.282644 -0.045000 0.747371
v 0.282744 -0.045350 0.747044
v 0.282723 -0.045698 0.746445
v 0.282583 -0.046037 0.745599
v 0.282339 -0.046358 0.744543
v 0.282013 -0.046659 0.743318
v 0.281633 -0.046933 0.741975
v 0.281221 -0.047184 0.740538
v 0.280812 -0.047411 0.739023
v 0.280443 -0.047615 0.737435
v 0.280139 -0.047799 0.735756
v 0.279972 -0.047964 0.733928
v 0.284875 -0.045000 0.744524
v 0.284914 -0.045349 0.744253
v 0.284821 -0.045696 0.743729
v 0.284603 -0.046032 0.742977
v 0.284278 -0.046350 0.742033
v 0.283868 -0.046646 0.740934
v 0.283404 -0.046916 0.739733
v 0.282909 -0.047162 0.738454
v 0.282414 -0.047383 0.737121
v 0.281955 -0.047578 0.735753
v 0.281561 -0.047751 0.734334
v 0.281327 -0.047901 0.732796
v 0.286985 -0.045000 0.741428
v 0.286957 -0.045349 0.741241
v 0.286789 -0.045694 0.740819
v 0.286491 -0.046029 0.740183
v 0.286082 -0.046345 0.739366
v 0.285587 -0.046639 0.738405
v 0.285037 -0.046907 0.737348
v 0.284455 -0.047150 0.736226
v 0.283867 -0.047367 0.735073
v 0.283302 -0.047558 0.733925
v 0.282785 -0.047723 0.732795
v 0.282409 -0.047855 0.731706
v 0.259000 0.050000 0.691000
v 0.259000 0.045000 0.760000
v 0.300000 0.045000 0.691000
v 0.259000 0.049988 0.695709
v 0.259000 0.049953 0.700396
v 0.259000 0.049895 0.705038
v 0.259000 0.049815 0.709616
v 0.259000 0.049711 0.714107
v 0.259000 0.049586 0.718490
v 0.259000 0.049439 0.722745
v 0.259000 0.049272 0.726851
v 0.259000 0.049085 0.730791
v 0.259000 0.048879 0.734545
v 0.259000 0.048654 0.738096
v 0.261798 0.049988 0.691000
v 0.261811 0.049976 0.695762
v 0.261819 0.049940 0.700544
v 0.261827 0.049880 0.705277
v 0.261836 0.049796 0.709922
v 0.261843 0.049690 0.714447
v 0.261849 0.049562 0.718825
v 0.261853 0.049414 0.723042
v 0.261854 0.049248 0.727082
v 0.261855 0.049063 0.730929
v 0.261855 0.048861 0.734577
v 0.261856 0.048643 0.738015
v 0.264583 0.049953 0.691000
v 0.264641 0.049940 0.695796
v 0.264679 0.049902 0.700647
v 0.264703 0.049839 0.705450
v 0.264718 0.049753 0.710141
v 0.264724 0.049644 0.714678
v 0.264725 0.049515 0.719028
v 0.264718 0.049367 0.723187
v 0.264708 0.049202 0.727138
v 0.264699 0.049021 0.730875
v 0.264690 0.048825 0.734401
v 0.264689 0.048614 0.737712
v 0.267342 0.049895 0.691000
v 0.267451 0.049880 0.695816
v 0.267526 0.049840 0.700708
v 0.267570 0.049774 0.705554
v 0.267588 0.049686 0.710265
v 0.267583 0.049575 0.714792
v 0.267564 0.049446 0.719095
v 0.267533 0.049299 0.723176
v 0.267498 0.049137 0.727024
v 0.267466 0.048960 0.730638
v 0.267439 0.048771 0.734030
v 0.267429 0.048568 0.737205
v 0.270062 0.049815 0.691000
v 0.270216 0.049797 0.695828
v 0.270321 0.049754 0.700737
v 0.270376 0.049686 0.705595
v 0.270387 0.049595 0.710299
v 0.270360 0.049484 0.714793
v 0.270308 0.049356 0.719032
v 0.270239 0.049212 0.723022
v 0.270165 0.049054 0.726757
v 0.270099 0.048884 0.730240
v 0.270045 0.048702 0.733493
v 0.270020 0.048509 0.736526
v 0.272730 0.049711 0.691000
v 0.272915 0.049690 0.695833
v 0.273034 0.049645 0.700740
v 0.273087 0.049575 0.705583
v 0.273078 0.049484 0.710255
v 0.273017 0.049374 0.714697
v 0.272922 0.049248 0.718856
v 0.272803 0.049108 0.722745
v 0.272678 0.048956 0.726359
v 0.272568 0.048794 0.729707
v 0.272479 0.048621 0.732819
v 0.272436 0.048438 0.735708
v 0.275334 0.049586 0.691000
v 0.275527 0.049562 0.695835
v 0.275640 0.049515 0.700728
v 0.275671 0.049445 0.705538
v 0.275625 0.049355 0.710158
v 0.275515 0.049247 0.714532
v 0.275361 0.049125 0.718600
v 0.275179 0.048992 0.722378
v 0.274994 0.048849 0.725867
v 0.274831 0.048696 0.729080
v 0.274701 0.048533 0.732053
v 0.274635 0.048360 0.734798
v 0.277863 0.049439 0.691000
v 0.278044 0.049414 0.695834
v 0.278130 0.049366 0.700703
v 0.278120 0.049297 0.705469
v 0.278021 0.049209 0.710026
v 0.277848 0.049106 0.714320
v 0.277626 0.048991 0.718289
v 0.277373 0.048866 0.721953
v 0.277119 0.048733 0.725317
v 0.276897 0.048591 0.728395
v 0.276720 0.048440 0.731229
v 0.276629 0.048278 0.733827
v 0.280303 0.049272 0.691000
v 0.280452 0.049247 0.695829
v 0.280493 0.049200 0.700671
v 0.280425 0.049134 0.705388
v 0.280259 0.049051 0.709879
v 0.280013 0.048954 0.714093
v 0.279714 0.048847 0.717967
v 0.279384 0.048732 0.721522
v 0.279056 0.048610 0.724765
v 0.278767 0.048480 0.727710
v 0.278534 0.048343 0.730402
v 0.278410 0.048194 0.732844
v 0.282644 0.049085 0.691000
v 0.282744 0.049061 0.695824
v 0.282723 0.049018 0.700639
v 0.282583 0.048956 0.705311
v 0.282339 0.048880 0.709744
v 0.282013 0.048791 0.713888
v 0.281633 0.048694 0.717680
v 0.281221 0.048590 0.721141
v 0.280812 0.048480 0.724276
v 0.280443 0.048365 0.727090
v 0.280139 0.048243 0.729631
v 0.279972 0.048111 0.731897
v 0.284875 0.048879 0.691000
v 0.284914 0.048859 0.695817
v 0.284821 0.048821 0.700605
v 0.284603 0.048766 0.705241
v 0.284278 0.048698 0.709626
v 0.283868 0.048618 0.713717
v 0.283404 0.048531 0.717445
v 0.282909 0.048439 0.720835
v 0.282414 0.048342 0.723880
v 0.281955 0.048243 0.726577
v 0.281561 0.048140 0.728968
v 0.281327 0.048029 0.731029
v 0.286985 0.048654 0.691000
v 0.286957 0.048641 0.695810
v 0.286789 0.048610 0.700584
v 0.286491 0.048564 0.705199
v 0.286082 0.048505 0.709560
v 0.285587 0.048435 0.713623
v 0.285037 0.048359 0.717320
v 0.284455 0.048277 0.720672
v 0.283867 0.048194 0.723668
v 0.283302 0.048111 0.726295
v 0.282785 0.048029 0.728574
v 0.282409 0.047950 0.730395
v 0.261798 0.045000 0.759839
v 0.264583 0.045000 0.759357
v 0.267342 0.045000 0.758557
v 0.270062 0.045000 0.757441
v 0.272730 0.045000 0.756016
v 0.275334 0.045000 0.754288
v 0.277863 0.045000 0.752264
v 0.280303 0.045000 0.749955
v 0.282644 0.045000 0.747371
v 0.284875 0.045000 0.744524
v 0.286985 0.045000 0.741428
v 0.259000 0.045341 0.759839
v 0.261830 0.045343 0.759673
v 0.264671 0.045344 0.759172
v 0.267484 0.045345 0.758339
v 0.270244 0.045346 0.757183
v 0.272932 0.045347 0.755717
v 0.275534 0.045347 0.753959
v 0.278040 0.045348 0.751920
v 0.280440 0.045348 0.749618
v 0.282726 0.045348 0.747068
v 0.284894 0.045348 0.744282
v 0.286937 0.045348 0.741274
v 0.259000 0.045681 0.759357
v 0.261850 0.045688 0.759175
v 0.264732 0.045693 0.758651
v 0.267586 0.045695 0.757784
v 0.270374 0.045697 0.756590
v 0.273070 0.045698 0.755090
v 0.275655 0.045698 0.753310
v 0.278125 0.045697 0.751269
v 0.280473 0.045696 0.748989
v 0.282694 0.045695 0.746488
v 0.284789 0.045694 0.743780
v 0.286757 0.045694 0.740873
v 0.259000 0.046017 0.758557
v 0.261862 0.046031 0.758346
v 0.264768 0.046040 0.757790
v 0.267648 0.046045 0.756888
v 0.270448 0.046047 0.755660
v 0.273138 0.046047 0.754137
v 0.275694 0.046044 0.752351
v 0.278119 0.046041 0.750325
v 0.280406 0.046036 0.748085
v 0.282553 0.046032 0.745652
v 0.284568 0.046029 0.743036
v 0.286455 0.046028 0.740243
v 0.259000 0.046349 0.757441
v 0.261869 0.046368 0.757192
v 0.264786 0.046381 0.756599
v 0.267672 0.046387 0.755664
v 0.270467 0.046389 0.754414
v 0.273138 0.046385 0.752882
v 0.275657 0.046379 0.751109
v 0.278028 0.046371 0.749119
v 0.280247 0.046362 0.746941
v 0.282316 0.046354 0.744594
v 0.284249 0.046347 0.742087
v 0.286052 0.046344 0.739419
v 0.259000 0.046674 0.756016
v 0.261872 0.046697 0.755725
v 0.264788 0.046711 0.755096
v 0.267665 0.046718 0.754137
v 0.270441 0.046717 0.752878
v 0.273081 0.046709 0.751357
v 0.275552 0.046698 0.749618
v 0.277863 0.046683 0.747689
v 0.280010 0.046668 0.745597
v 0.282000 0.046655 0.743358
v 0.283849 0.046644 0.740976
v 0.285566 0.046639 0.738443
v 0.259000 0.046992 0.754288
v 0.261873 0.047016 0.753960
v 0.264780 0.047029 0.753307
v 0.267639 0.047033 0.752339
v 0.270384 0.047027 0.751093
v 0.272983 0.047014 0.749607
v 0.275400 0.046995 0.747930
v 0.277645 0.046973 0.746091
v 0.279718 0.046950 0.744111
v 0.281627 0.046931 0.742001
v 0.283394 0.046915 0.739759
v 0.285025 0.046907 0.737372
v 0.259000 0.047300 0.752264
v 0.261872 0.047322 0.751914
v 0.264766 0.047333 0.751252
v 0.267597 0.047332 0.750298
v 0.270305 0.047320 0.749089
v 0.272857 0.047299 0.747666
v 0.275215 0.047271 0.746080
v 0.277392 0.047241 0.744356
v 0.279391 0.047210 0.742513
v 0.281220 0.047183 0.740552
v 0.282904 0.047161 0.738469
v 0.284448 0.047150 0.736240
v 0.259000 0.047598 0.749955
v 0.261870 0.047616 0.749603
v 0.264747 0.047621 0.748958
v 0.267550 0.047613 0.748043
v 0.270218 0.047593 0.746898
v 0.272722 0.047563 0.745563
v 0.275024 0.047526 0.744090
v 0.277136 0.047486 0.742504
v 0.279064 0.047446 0.740816
v 0.280813 0.047411 0.739028
v 0.282413 0.047382 0.737128
v 0.283864 0.047367 0.735080
v 0.259000 0.047883 0.747371
v 0.261867 0.047896 0.747044
v 0.264727 0.047893 0.746445
v 0.267504 0.047876 0.745599
v 0.270137 0.047846 0.744543
v 0.272600 0.047806 0.743318
v 0.274853 0.047760 0.741975
v 0.276910 0.047710 0.740538
v 0.278773 0.047660 0.739023
v 0.280445 0.047615 0.737435
v 0.281955 0.047578 0.735756
v 0.283301 0.047558 0.733928
v 0.259000 0.048155 0.744524
v 0.261862 0.048160 0.744253
v 0.264708 0.048149 0.743729
v 0.267462 0.048122 0.742977
v 0.270068 0.048083 0.742033
v 0.272498 0.048033 0.740934
v 0.274714 0.047976 0.739733
v 0.276728 0.047916 0.738454
v 0.278538 0.047855 0.737121
v 0.280140 0.047799 0.735753
v 0.281561 0.047751 0.734334
v 0.282785 0.047723 0.732796
v 0.259000 0.048413 0.741428
v 0.261858 0.048409 0.741241
v 0.264695 0.048389 0.740819
v 0.267437 0.048353 0.740183
v 0.270028 0.048303 0.739366
v 0.272443 0.048242 0.738405
v 0.274639 0.048175 0.737348
v 0.276631 0.048104 0.736226
v 0.278412 0.048033 0.735073
v 0.279972 0.047964 0.733925
v 0.281327 0.047901 0.732795
v 0.282409 0.047855 0.731706
v 0.299904 0.045341 0.691000
v 0.299618 0.045681 0.691000
v 0.299142 0.046017 0.691000
v 0.298480 0.046349 0.691000
v 0.297633 0.046674 0.691000
v 0.296606 0.046992 0.691000
v 0.295403 0.047300 0.691000
v 0.294031 0.047598 0.691000
v 0.292496 0.047883 0.691000
v 0.290804 0.048155 0.691000
v 0.288964 0.048413 0.691000
v 0.299904 0.045000 0.695709
v 0.299806 0.045345 0.695731
v 0.299508 0.045692 0.695744
v 0.299013 0.046035 0.695757
v 0.298326 0.046371 0.695772
v 0.297455 0.046699 0.695784
v 0.296410 0.047016 0.695795
v 0.295199 0.047322 0.695801
v 0.293831 0.047615 0.695803
v 0.292315 0.047893 0.695805
v 0.290660 0.048158 0.695804
v 0.288873 0.048407 0.695806
v 0.299618 0.045000 0.700396
v 0.299510 0.045348 0.700493
v 0.299198 0.045699 0.700557
v 0.298683 0.046047 0.700597
v 0.297974 0.046387 0.700623
v 0.297083 0.046716 0.700633
v 0.296025 0.047031 0.700634
v 0.294812 0.047332 0.700624
v 0.293457 0.047619 0.700607
v 0.291971 0.047890 0.700591
v 0.290362 0.048145 0.700576
v 0.288635 0.048385 0.700574
v 0.299142 0.045000 0.705038
v 0.299017 0.045349 0.705223
v 0.298687 0.045703 0.705349
v 0.298151 0.046055 0.705422
v 0.297421 0.046396 0.705452
v 0.296516 0.046724 0.705444
v 0.295455 0.047036 0.705412
v 0.294251 0.047332 0.705361
v 0.292920 0.047610 0.705301
v 0.291474 0.047872 0.705248
v 0.289920 0.048118 0.705202
v 0.288260 0.048348 0.705186
v 0.298480 0.045000 0.709616
v 0.298332 0.045350 0.709876
v 0.297979 0.045706 0.710052
v 0.297424 0.046058 0.710145
v 0.296681 0.046398 0.710163
v 0.295771 0.046724 0.710117
v 0.294717 0.047031 0.710031
v 0.293535 0.047320 0.709915
v 0.292240 0.047591 0.709790
v 0.290846 0.047843 0.709679
v 0.289356 0.048079 0.709587
v 0.287771 0.048299 0.709547
v 0.297633 0.045000 0.714107
v 0.297460 0.045350 0.714417
v 0.297086 0.045706 0.714619
v 0.296516 0.046057 0.714708
v 0.295768 0.046395 0.714692
v 0.294864 0.046717 0.714590
v 0.293831 0.047019 0.714429
v 0.292685 0.047300 0.714229
v 0.291442 0.047562 0.714019
v 0.290111 0.047805 0.713835
v 0.288696 0.048030 0.713684
v 0.287191 0.048240 0.713612
v 0.296606 0.045000 0.718490
v 0.296411 0.045350 0.718814
v 0.296023 0.045705 0.719004
v 0.295448 0.046053 0.719056
v 0.294708 0.046388 0.718978
v 0.293825 0.046705 0.718793
v 0.292828 0.047000 0.718535
v 0.291735 0.047274 0.718229
v 0.290559 0.047527 0.717917
v 0.289305 0.047759 0.717643
v 0.287973 0.047975 0.717423
v 0.286555 0.048174 0.717313
v 0.295403 0.045000 0.722745
v 0.295195 0.045350 0.723049
v 0.294802 0.045703 0.723195
v 0.294235 0.046048 0.723178
v 0.293517 0.046379 0.723010
v 0.292671 0.046690 0.722720
v 0.291728 0.046977 0.722346
v 0.290705 0.047243 0.721920
v 0.289609 0.047487 0.721493
v 0.288444 0.047710 0.721120
v 0.287206 0.047915 0.720822
v 0.285882 0.048103 0.720668
v 0.294031 0.045000 0.726851
v 0.293822 0.045350 0.727102
v 0.293439 0.045701 0.727171
v 0.292895 0.046043 0.727057
v 0.292215 0.046368 0.726777
v 0.291422 0.046673 0.726363
v 0.290546 0.046954 0.725860
v 0.289604 0.047212 0.725305
v 0.288601 0.047447 0.724753
v 0.287538 0.047660 0.724266
v 0.286409 0.047855 0.723874
v 0.285192 0.048032 0.723666
v 0.292496 0.045000 0.730791
v 0.292302 0.045350 0.730959
v 0.291946 0.045698 0.730924
v 0.291443 0.046037 0.730689
v 0.290816 0.046358 0.730278
v 0.290088 0.046659 0.729729
v 0.289289 0.046933 0.729089
v 0.288436 0.047184 0.728396
v 0.287535 0.047411 0.727708
v 0.286592 0.047615 0.727087
v 0.285594 0.047799 0.726575
v 0.284508 0.047964 0.726294
v 0.290804 0.045000 0.734545
v 0.290643 0.045349 0.734611
v 0.290332 0.045696 0.734455
v 0.289885 0.046032 0.734088
v 0.289324 0.046350 0.733540
v 0.288671 0.046646 0.732851
v 0.287957 0.046916 0.732070
v 0.287197 0.047162 0.731237
v 0.286405 0.047383 0.730404
v 0.285593 0.047578 0.729632
v 0.284749 0.047751 0.728968
v 0.283835 0.047901 0.728574
v 0.288964 0.045000 0.738096
v 0.288853 0.045349 0.738050
v 0.288603 0.045694 0.737768
v 0.288224 0.046029 0.737265
v 0.287739 0.046345 0.736577
v 0.287168 0.046639 0.735744
v 0.286540 0.046907 0.734819
v 0.285874 0.047150 0.733838
v 0.285188 0.047367 0.732849
v 0.284506 0.047558 0.731899
v 0.283835 0.047723 0.731029
v 0.283188 0.047855 0.730395
v 0.259000 -0.050000 -0.551000
v 0.259000 -0.045000 -0.620000
v 0.300000 -0.045000 -0.551000
v 0.259000 -0.049988 -0.555709
v 0.259000 -0.049953 -0.560396
v 0.259000 -0.049895 -0.565038
v 0.259000 -0.049815 -0.569616
v 0.259000 -0.049711 -0.574107
v 0.259000 -0.049586 -0.578490
v 0.259000 -0.049439 -0.582745
v 0.259000 -0.049272 -0.586851
v 0.259000 -0.049085 -0.590791
v 0.259000 -0.048879 -0.594545
v 0.259000 -0.048654 -0.598096
v 0.261798 -0.049988 -0.551000
v 0.261811 -0.049976 -0.555762
v 0.261819 -0.049940 -0.560544
v 0.261827 -0.049880 -0.565277
v 0.261836 -0.049796 -0.569922
v 0.261843 -0.049690 -0.574447
v 0.261849 -0.049562 -0.578825
v 0.261853 -0.049414 -0.583043
v 0.261854 -0.049248 -0.587082
v 0.261855 -0.049063 -0.590929
v 0.261855 -0.048861 -0.594577
v 0.261856 -0.048643 -0.598015
v 0.264583 -0.049953 -0.551000
v 0.264641 -0.049940 -0.555796
v 0.264679 -0.049902 -0.560647
v 0.264703 -0.049839 -0.565450
v 0.264718 -0.049753 -0.570141
v 0.264724 -0.049644 -0.574678
v 0.264725 -0.049515 -0.579028
v 0.264718 -0.049367 -0.583187
v 0.264708 -0.049202 -0.587138
v 0.264699 -0.049021 -0.590875
v 0.264690 -0.048825 -0.594401
v 0.264689 -0.048614 -0.597712
v 0.267342 -0.049895 -0.551000
v 0.267451 -0.049880 -0.555816
v 0.267526 -0.049840 -0.560708
v 0.267570 -0.049774 -0.565554
v 0.267588 -0.049686 -0.570265
v 0.267583 -0.049575 -0.574792
v 0.267564 -0.049446 -0.579095
v 0.267533 -0.049299 -0.583176
v 0.267498 -0.049137 -0.587024
v 0.267466 -0.048960 -0.590638
v 0.267439 -0.048771 -0.594030
v 0.267429 -0.048568 -0.597205
v 0.270062 -0.049815 -0.551000
v 0.270216 -0.049797 -0.555828
v 0.270321 -0.049754 -0.560737
v 0.270376 -0.049686 -0.565595
v 0.270387 -0.049595 -0.570299
v 0.270360 -0.049484 -0.574793
v 0.270308 -0.049356 -0.579032
v 0.270239 -0.049212 -0.583022
v 0.270165 -0.049054 -0.586757
v 0.270099 -0.048884 -0.590240
v 0.270045 -0.048702 -0.593493
v 0.270020 -0.048509 -0.596526
v 0.272730 -0.049711 -0.551000
v 0.272915 -0.049690 -0.555833
v 0.273034 -0.049645 -0.560740
v 0.273087 -0.049575 -0.565583
v 0.273078 -0.049484 -0.570255
v 0.273017 -0.049374 -0.574697
v 0.272922 -0.049248 -0.578856
v 0.272803 -0.049108 -0.582745
v 0.272678 -0.048956 -0.586359
v 0.272568 -0.048794 -0.589707
v 0.272479 -0.048621 -0.592819
v 0.272436 -0.048438 -0.595708
v 0.275334 -0.049586 -0.551000
v 0.275527 -0.049562 -0.555835
v 0.275640 -0.049515 -0.560728
v 0.275671 -0.049445 -0.565538
v 0.275625 -0.049355 -0.570158
v 0.275515 -0.049247 -0.574532
v 0.275361 -0.049125 -0.578600
v 0.275179 -0.048992 -0.582378
v 0.274994 -0.048849 -0.585867
v 0.274831 -0.048696 -0.589080
v 0.274701 -0.048533 -0.592053
v 0.274635 -0.048360 -0.594798
v 0.277863 -0.049439 -0.551000
v 0.278044 -0.049414 -0.555834
v 0.278130 -0.049366 -0.560703
v 0.278120 -0.049297 -0.565469
v 0.278021 -0.049209 -0.570026
v 0.277848 -0.049106 -0.574320
v 0.277626 -0.048991 -0.578289
v 0.277373 -0.048866 -0.581953
v 0.277119 -0.048733 -0.585317
v 0.276897 -0.048591 -0.588395
v 0.276720 -0.048440 -0.591229
v 0.276629 -0.048278 -0.593827
v 0.280303 -0.049272 -0.551000
v 0.280452 -0.049247 -0.555829
v 0.280493 -0.049200 -0.560671
v 0.280425 -0.049134 -0.565388
v 0.280259 -0.049051 -0.569879
v 0.280013 -0.048954 -0.574093
v 0.279714 -0.048847 -0.577967
v 0.279384 -0.048732 -0.581522
v 0.279056 -0.048610 -0.584765
v 0.278767 -0.048480 -0.587710
v 0.278534 -0.048343 -0.590402
v 0.278410 -0.048194 -0.592844
v 0.282644 -0.049085 -0.551000
v 0.282744 -0.049061 -0.555824
v 0.282723 -0.049018 -0.560639
v 0.282583 -0.048956 -0.565311
v 0.282339 -0.048880 -0.569744
v 0.282013 -0.048791 -0.573888
v 0.281633 -0.048694 -0.577680
v 0.281221 -0.048590 -0.581141
v 0.280812 -0.048480 -0.584276
v 0.280443 -0.048365 -0.587090
v 0.280139 -0.048243 -0.589631
v 0.279972 -0.048111 -0.591897
v 0.284875 -0.048879 -0.551000
v 0.284914 -0.048859 -0.555817
v 0.284821 -0.048821 -0.560605
v 0.284603 -0.048766 -0.565241
v 0.284278 -0.048698 -0.569626
v 0.283868 -0.048618 -0.573717
v 0.283404 -0.048531 -0.577445
v 0.282909 -0.048439 -0.580835
v 0.282414 -0.048342 -0.583880
v 0.281955 -0.048243 -0.586577
v 0.281561 -0.048140 -0.588968
v 0.281327 -0.048029 -0.591029
v 0.286985 -0.048654 -0.551000
v 0.286957 -0.048641 -0.555810
v 0.286789 -0.048610 -0.560584
v 0.286491 -0.048564 -0.565199
v 0.286082 -0.048505 -0.569560
v 0.285587 -0.048435 -0.573623
v 0.285037 -0.048359 -0.577320
v 0.284455 -0.048277 -0.580673
v 0.283867 -0.048194 -0.583668
v 0.283302 -0.048111 -0.586295
v 0.282785 -0.048029 -0.588574
v 0.282409 -0.047950 -0.590396
v 0.261798 -0.045000 -0.619839
v 0.264583 -0.045000 -0.619357
v 0.267342 -0.045000 -0.618557
v 0.270062 -0.045000 -0.617441
v 0.272730 -0.045000 -0.616016
v 0.275334 -0.045000 -0.614288
v 0.277863 -0.045000 -0.612264
v 0.280303 -0.045000 -0.609955
v 0.282644 -0.045000 -0.607371
v 0.284875 -0.045000 -0.604524
v 0.286985 -0.045000 -0.601428
v 0.259000 -0.045341 -0.619839
v 0.261830 -0.045343 -0.619673
v 0.264671 -0.045344 -0.619172
v 0.267484 -0.045345 -0.618339
v 0.270244 -0.045346 -0.617183
v 0.272932 -0.045347 -0.615717
v 0.275534 -0.045347 -0.613959
v 0.278040 -0.045348 -0.611920
v 0.280440 -0.045348 -0.609618
v 0.282726 -0.045348 -0.607068
v 0.284894 -0.045348 -0.604282
v 0.286937 -0.045348 -0.601274
v 0.259000 -0.045681 -0.619357
v 0.261850 -0.045688 -0.619175
v 0.264732 -0.045693 -0.618651
v 0.267586 -0.045695 -0.617784
v 0.270374 -0.045697 -0.616590
v 0.273070 -0.045698 -0.615090
v 0.275655 -0.045698 -0.613310
v 0.278125 -0.045697 -0.611269
v 0.280473 -0.045696 -0.608989
v 0.282694 -0.045695 -0.606488
v 0.284789 -0.045694 -0.603780
v 0.286757 -0.045694 -0.600873
v 0.259000 -0.046017 -0.618557
v 0.261862 -0.046031 -0.618346
v 0.264768 -0.046040 -0.617790
v 0.267648 -0.046045 -0.616888
v 0.270448 -0.046047 -0.615660
v 0.273138 -0.046047 -0.614137
v 0.275694 -0.046044 -0.612351
v 0.278119 -0.046041 -0.610325
v 0.280406 -0.046036 -0.608085
v 0.282553 -0.046032 -0.605652
v 0.284568 -0.046029 -0.603036
v 0.286455 -0.046028 -0.600243
v 0.259000 -0.046349 -0.617441
v 0.261869 -0.046368 -0.617192
v 0.264786 -0.046381 -0.616599
v 0.267672 -0.046387 -0.615664
v 0.270467 -0.046389 -0.614414
v 0.273138 -0.046385 -0.612882
v 0.275657 -0.046379 -0.611109
v 0.278028 -0.046371 -0.609119
v 0.280247 -0.046362 -0.606941
v 0.282316 -0.046354 -0.604594
v 0.284249 -0.046347 -0.602087
v 0.286052 -0.046344 -0.599419
v 0.259000 -0.046674 -0.616016
v 0.261872 -0.046697 -0.615725
v 0.264788 -0.046711 -0.615096
v 0.267665 -0.046718 -0.614137
v 0.270441 -0.046717 -0.612878
v 0.273081 -0.046709 -0.611357
v 0.275552 -0.046698 -0.609618
v 0.277863 -0.046683 -0.607689
v 0.280010 -0.046668 -0.605597
v 0.282000 -0.046655 -0.603358
v 0.283849 -0.046644 -0.600976
v 0.285566 -0.046639 -0.598443
v 0.259000 -0.046992 -0.614288
v 0.261873 -0.047016 -0.613960
v 0.264780 -0.047029 -0.613307
v 0.267639 -0.047033 -0.612339
v 0.270384 -0.047027 -0.611093
v 0.272983 -0.047014 -0.609607
v 0.275400 -0.046995 -0.607930
v 0.277645 -0.046973 -0.606091
v 0.279718 -0.046950 -0.604111
v 0.281627 -0.046931 -0.602001
v 0.283394 -0.046915 -0.599759
v 0.285025 -0.046907 -0.597372
v 0.259000 -0.047300 -0.612264
v 0.261872 -0.047322 -0.611914
v 0.264766 -0.047333 -0.611252
v 0.267597 -0.047332 -0.610298
v 0.270305 -0.047320 -0.609089
v 0.272857 -0.047299 -0.607666
v 0.275215 -0.047271 -0.606080
v 0.277392 -0.047241 -0.604356
v 0.279391 -0.047210 -0.602513
v 0.281220 -0.047183 -0.600552
v 0.282904 -0.047161 -0.598469
v 0.284448 -0.047150 -0.596240
v 0.259000 -0.047598 -0.609955
v 0.261870 -0.047616 -0.609603
v 0.264747 -0.047621 -0.608958
v 0.267550 -0.047613 -0.608043
v 0.270218 -0.047593 -0.606898
v 0.272722 -0.047563 -0.605563
v 0.275024 -0.047526 -0.604090
v 0.277136 -0.047486 -0.602504
v 0.279064 -0.047446 -0.600816
v 0.280813 -0.047411 -0.599028
v 0.282413 -0.047382 -0.597128
v 0.283864 -0.047367 -0.595080
v 0.259000 -0.047883 -0.607371
v 0.261867 -0.047896 -0.607044
v 0.264727 -0.047893 -0.606445
v 0.267504 -0.047876 -0.605599
v 0.270137 -0.047846 -0.604543
v 0.272600 -0.047806 -0.603318
v 0.274853 -0.047760 -0.601975
v 0.276910 -0.047710 -0.600538
v 0.278773 -0.047660 -0.599023
v 0.280445 -0.047615 -0.597435
v 0.281955 -0.047578 -0.595756
v 0.283301 -0.047558 -0.593928
v 0.259000 -0.048155 -0.604524
v 0.261862 -0.048160 -0.604253
v 0.264708 -0.048149 -0.603729
v 0.267462 -0.048122 -0.602977
v 0.270068 -0.048083 -0.602033
v 0.272498 -0.048033 -0.600934
v 0.274714 -0.047976 -0.599733
v 0.276728 -0.047916 -0.598454
v 0.278538 -0.047855 -0.597121
v 0.280140 -0.047799 -0.595753
v 0.281561 -0.047751 -0.594334
v 0.282785 -0.047723 -0.592796
v 0.259000 -0.048413 -0.601428
v 0.261858 -0.048409 -0.601241
v 0.264695 -0.048389 -0.600819
v 0.267437 -0.048353 -0.600183
v 0.270028 -0.048303 -0.599366
v 0.272443 -0.048242 -0.598405
v 0.274639 -0.048175 -0.597348
v 0.276631 -0.048104 -0.596226
v 0.278412 -0.048033 -0.595073
v 0.279972 -0.047964 -0.593925
v 0.281327 -0.047901 -0.592795
v 0.282409 -0.047855 -0.591706
v 0.299904 -0.045341 -0.551000
v 0.299618 -0.045681 -0.551000
v 0.299142 -0.046017 -0.551000
v 0.298480 -0.046349 -0.551000
v 0.297633 -0.046674 -0.551000
v 0.296606 -0.046992 -0.551000
v 0.295403 -0.047300 -0.551000
v 0.294031 -0.047598 -0.551000
v 0.292496 -0.047883 -0.551000
v 0.290804 -0.048155 -0.551000
v 0.288964 -0.048413 -0.551000
v 0.299904 -0.045000 -0.555709
v 0.299806 -0.045345 -0.555731
v 0.299508 -0.045692 -0.555744
v 0.299013 -0.046035 -0.555757
v 0.298326 -0.046371 -0.555772
v 0.297455 -0.046699 -0.555784
v 0.296410 -0.047016 -0.555795
v 0.295199 -0.047322 -0.555801
v 0.293831 -0.047615 -0.555803
v 0.292315 -0.047893 -0.555805
v 0.290660 -0.048158 -0.555804
v 0.288873 -0.048407 -0.555806
v 0.299618 -0.045000 -0.560396
v 0.299510 -0.045348 -0.560493
v 0.299198 -0.045699 -0.560557
v 0.298683 -0.046047 -0.560597
v 0.297974 -0.046387 -0.560623
v 0.297083 -0.046716 -0.560633
v 0.296025 -0.047031 -0.560634
v 0.294812 -0.047332 -0.560624
v 0.293457 -0.047619 -0.560607
v 0.291971 -0.047890 -0.560591
v 0.290362 -0.048145 -0.560576
v 0.288635 -0.048385 -0.560574
v 0.299142 -0.045000 -0.565038
v 0.299017 -0.045349 -0.565223
v 0.298687 -0.045703 -0.565349
v 0.298151 -0.046055 -0.565422
v 0.297421 -0.046396 -0.565452
v 0.296516 -0.046724 -0.565444
v 0.295455 -0.047036 -0.565412
v 0.294251 -0.047332 -0.565361
v 0.292920 -0.047610 -0.565301
v 0.291474 -0.047872 -0.565248
v 0.289920 -0.048118 -0.565202
v 0.288260 -0.048348 -0.565186
v 0.298480 -0.045000 -0.569616
v 0.298332 -0.045350 -0.569876
v 0.297979 -0.045706 -0.570052
v 0.297424 -0.046058 -0.570145
v 0.296681 -0.046398 -0.570163
v 0.295771 -0.046724 -0.570117
v 0.294717 -0.047031 -0.570031
v 0.293535 -0.047320 -0.569915
v 0.292240 -0.047591 -0.569790
v 0.290846 -0.047843 -0.569679
v 0.289356 -0.048079 -0.569587
v 0.287771 -0.048299 -0.569547
v 0.297633 -0.045000 -0.574107
v 0.297460 -0.045350 -0.574417
v 0.297086 -0.045706 -0.574619
v 0.296516 -0.046057 -0.574708
v 0.295768 -0.046395 -0.574692
v 0.294864 -0.046717 -0.574590
v 0.293831 -0.047019 -0.574429
v 0.292685 -0.047300 -0.574229
v 0.291442 -0.047562 -0.574019
v 0.290111 -0.047805 -0.573835
v 0.288696 -0.048030 -0.573684
v 0.287191 -0.048240 -0.573612
v 0.296606 -0.045000 -0.578490
v 0.296411 -0.045350 -0.578814
v 0.296023 -0.045705 -0.579004
v 0.295448 -0.046053 -0.579056
v 0.294708 -0.046388 -0.578978
v 0.293825 -0.046705 -0.578793
v 0.292828 -0.047000 -0.578535
v 0.291735 -0.047274 -0.578229
v 0.290559 -0.047527 -0.577917
v 0.289305 -0.047759 -0.577643
v 0.287973 -0.047975 -0.577423
v 0.286555 -0.048174 -0.577313
v 0.295403 -0.045000 -0.582745
v 0.295195 -0.045350 -0.583049
v 0.294802 -0.045703 -0.583195
v 0.294235 -0.046048 -0.583178
v 0.293517 -0.046379 -0.583010
v 0.292671 -0.046690 -0.582720
v 0.291728 -0.046977 -0.582346
v 0.290705 -0.047243 -0.581920
v 0.289609 -0.047487 -0.581493
v 0.288444 -0.047710 -0.581120
v 0.287206 -0.047915 -0.580822
v 0.285882 -0.048103 -0.580668
v 0.294031 -0.045000 -0.586851
v 0.293822 -0.045350 -0.587102
v 0.293439 -0.045701 -0.587171
v 0.292895 -0.046043 -0.587057
v 0.292215 -0.046368 -0.586777
v 0.291422 -0.046673 -0.586363
v 0.290546 -0.046954 -0.585860
v 0.289604 -0.047212 -0.585305
v 0.288601 -0.047447 -0.584753
v 0.287538 -0.047660 -0.584266
v 0.286409 -0.047855 -0.583874
v 0.285192 -0.048032 -0.583666
v 0.292496 -0.045000 -0.590791
v 0.292302 -0.045350 -0.590959
v 0.291946 -0.045698 -0.590924
v 0.291443 -0.046037 -0.590689
v 0.290816 -0.046358 -0.590278
v 0.290088 -0.046659 -0.589729
v 0.289289 -0.046933 -0.589089
v 0.288436 -0.047184 -0.588396
v 0.287535 -0.047411 -0.587708
v 0.286592 -0.047615 -0.587087
v 0.285594 -0.047799 -0.586575
v 0.284508 -0.047964 -0.586294
v 0.290804 -0.045000 -0.594545
v 0.290643 -0.045349 -0.594611
v 0.290332 -0.045696 -0.594455
v 0.289885 -0.046032 -0.594088
v 0.289324 -0.046350 -0.593540
v 0.288671 -0.046646 -0.592851
v 0.287957 -0.046916 -0.592070
v 0.287197 -0.047162 -0.591237
v 0.286405 -0.047383 -0.590405
v 0.285593 -0.047578 -0.589632
v 0.284749 -0.047751 -0.588968
v 0.283835 -0.047901 -0.588574
v 0.288964 -0.045000 -0.598096
v 0.288853 -0.045349 -0.598050
v 0.288603 -0.045694 -0.597768
v 0.288224 -0.046029 -0.597265
v 0.287739 -0.046345 -0.596577
v 0.287168 -0.046639 -0.595744
v 0.286540 -0.046907 -0.594819
v 0.285874 -0.047150 -0.593838
v 0.285188 -0.047367 -0.592849
v 0.284506 -0.047558 -0.591899
v 0.283835 -0.047723 -0.591029
v 0.283188 -0.047855 -0.590396
v 0.259000 0.050000 -0.551000
v 0.300000 0.045000 -0.551000
v 0.259000 0.045000 -0.620000
v 0.261798 0.049988 -0.551000
v 0.264583 0.049953 -0.551000
v 0.267342 0.049895 -0.551000
v 0.270062 0.049815 -0.551000
v 0.272730 0.049711 -0.551000
v 0.275334 0.049586 -0.551000
v 0.277863 0.049439 -0.551000
v 0.280303 0.049272 -0.551000
v 0.282644 0.049085 -0.551000
v 0.284875 0.048879 -0.551000
v 0.286985 0.048654 -0.551000
v 0.259000 0.049988 -0.555709
v 0.261830 0.049976 -0.555731
v 0.264671 0.049940 -0.555744
v 0.267484 0.049880 -0.555757
v 0.270244 0.049796 -0.555772
v 0.272932 0.049690 -0.555784
v 0.275534 0.049562 -0.555795
v 0.278040 0.049414 -0.555801
v 0.280440 0.049248 -0.555803
v 0.282726 0.049063 -0.555805
v 0.284894 0.048861 -0.555804
v 0.286937 0.048643 -0.555806
v 0.259000 0.049953 -0.560396
v 0.261850 0.049940 -0.560493
v 0.264732 0.049902 -0.560557
v 0.267586 0.049839 -0.560597
v 0.270374 0.049753 -0.560623
v 0.273070 0.049644 -0.560633
v 0.275655 0.049515 -0.560634
v 0.278125 0.049367 -0.560624
v 0.280473 0.049202 -0.560607
v 0.282694 0.049021 -0.560591
v 0.284789 0.048825 -0.560576
v 0.286757 0.048614 -0.560574
v 0.259000 0.049895 -0.565038
v 0.261862 0.049880 -0.565223
v 0.264768 0.049840 -0.565349
v 0.267648 0.049774 -0.565422
v 0.270448 0.049686 -0.565452
v 0.273138 0.049575 -0.565444
v 0.275694 0.049446 -0.565412
v 0.278119 0.049299 -0.565361
v 0.280406 0.049137 -0.565301
v 0.282553 0.048960 -0.565248
v 0.284568 0.048771 -0.565202
v 0.286455 0.048568 -0.565186
v 0.259000 0.049815 -0.569616
v 0.261869 0.049797 -0.569876
v 0.264786 0.049754 -0.570052
v 0.267672 0.049686 -0.570145
v 0.270467 0.049595 -0.570163
v 0.273138 0.049484 -0.570117
v 0.275657 0.049356 -0.570031
v 0.278028 0.049212 -0.569915
v 0.280247 0.049054 -0.569790
v 0.282316 0.048884 -0.569679
v 0.284249 0.048702 -0.569587
v 0.286052 0.048509 -0.569547
v 0.259000 0.049711 -0.574107
v 0.261872 0.049690 -0.574417
v 0.264788 0.049645 -0.574619
v 0.267665 0.049575 -0.574708
v 0.270441 0.049484 -0.574692
v 0.273081 0.049374 -0.574590
v 0.275552 0.049248 -0.574429
v 0.277863 0.049108 -0.574229
v 0.280010 0.048956 -0.574019
v 0.282000 0.048794 -0.573835
v 0.283849 0.048621 -0.573684
v 0.285566 0.048438 -0.573612
v 0.259000 0.049586 -0.578490
v 0.261873 0.049562 -0.578814
v 0.264780 0.049515 -0.579004
v 0.267639 0.049445 -0.579056
v 0.270384 0.049355 -0.578978
v 0.272983 0.049247 -0.578793
v 0.275400 0.049125 -0.578535
v 0.277645 0.048992 -0.578229
v 0.279718 0.048849 -0.577917
v 0.281627 0.048696 -0.577643
v 0.283394 0.048533 -0.577423
v 0.285025 0.048360 -0.577313
v 0.259000 0.049439 -0.582745
v 0.261872 0.049414 -0.583049
v 0.264766 0.049366 -0.583195
v 0.267597 0.049297 -0.583178
v 0.270305 0.049209 -0.583010
v 0.272857 0.049106 -0.582720
v 0.275215 0.048991 -0.582346
v 0.277392 0.048866 -0.581920
v 0.279391 0.048733 -0.581493
v 0.281220 0.048591 -0.581120
v 0.282904 0.048440 -0.580822
v 0.284448 0.048278 -0.580668
v 0.259000 0.049272 -0.586851
v 0.261870 0.049247 -0.587102
v 0.264747 0.049200 -0.587171
v 0.267550 0.049134 -0.587057
v 0.270218 0.049051 -0.586777
v 0.272722 0.048954 -0.586363
v 0.275024 0.048847 -0.585860
v 0.277136 0.048732 -0.585305
v 0.279064 0.048610 -0.584753
v 0.280813 0.048480 -0.584266
v 0.282413 0.048343 -0.583874
v 0.283864 0.048194 -0.583666
v 0.259000 0.049085 -0.590791
v 0.261867 0.049061 -0.590959
v 0.264727 0.049018 -0.590924
v 0.267504 0.048956 -0.590689
v 0.270137 0.048880 -0.590278
v 0.272600 0.048791 -0.589729
v 0.274853 0.048694 -0.589089
v 0.276910 0.048590 -0.588396
v 0.278773 0.048480 -0.587708
v 0.280445 0.048365 -0.587087
v 0.281955 0.048243 -0.586575
v 0.283301 0.048111 -0.586294
v 0.259000 0.048879 -0.594545
v 0.261862 0.048859 -0.594611
v 0.264708 0.048821 -0.594455
v 0.267462 0.048766 -0.594088
v 0.270068 0.048698 -0.593540
v 0.272498 0.048618 -0.592851
v 0.274714 0.048531 -0.592070
v 0.276728 0.048439 -0.591237
v 0.278538 0.048342 -0.590405
v 0.280140 0.048243 -0.589632
v 0.281561 0.048140 -0.588968
v 0.282785 0.048029 -0.588574
v 0.259000 0.048654 -0.598096
v 0.261858 0.048641 -0.598050
v 0.264695 0.048610 -0.597768
v 0.267437 0.048564 -0.597265
v 0.270028 0.048505 -0.596577
v 0.272443 0.048435 -0.595744
v 0.274639 0.048359 -0.594819
v 0.276631 0.048277 -0.593838
v 0.278412 0.048194 -0.592849
v 0.279972 0.048111 -0.591899
v 0.281327 0.048029 -0.591029
v 0.282409 0.047950 -0.590396
v 0.299904 0.045000 -0.555709
v 0.299618 0.045000 -0.560396
v 0.299142 0.045000 -0.565038
v 0.298480 0.045000 -0.569616
v 0.297633 0.045000 -0.574107
v 0.296606 0.045000 -0.578490
v 0.295403 0.045000 -0.582745
v 0.294031 0.045000 -0.586851
v 0.292496 0.045000 -0.590791
v 0.290804 0.045000 -0.594545
v 0.288964 0.045000 -0.598096
v 0.299904 0.045341 -0.551000
v 0.299806 0.045343 -0.555762
v 0.299508 0.045344 -0.560544
v 0.299013 0.045345 -0.565277
v 0.298326 0.045346 -0.569922
v 0.297455 0.045347 -0.574447
v 0.296410 0.045347 -0.578825
v 0.295199 0.045348 -0.583043
v 0.293831 0.045348 -0.587082
v 0.292315 0.045348 -0.590929
v 0.290660 0.045348 -0.594577
v 0.288873 0.045348 -0.598015
v 0.299618 0.045681 -0.551000
v 0.299510 0.045688 -0.555796
v 0.299198 0.045693 -0.560647
v 0.298683 0.045695 -0.565450
v 0.297974 0.045697 -0.570141
v 0.297083 0.045698 -0.574678
v 0.296025 0.045698 -0.579028
v 0.294812 0.045697 -0.583187
v 0.293457 0.045696 -0.587138
v 0.291971 0.045695 -0.590875
v 0.290362 0.045694 -0.594401
v 0.288635 0.045694 -0.597712
v 0.299142 0.046017 -0.551000
v 0.299017 0.046031 -0.555816
v 0.298687 0.046040 -0.560708
v 0.298151 0.046045 -0.565554
v 0.297421 0.046047 -0.570265
v 0.296516 0.046047 -0.574792
v 0.295455 0.046044 -0.579095
v 0.294251 0.046041 -0.583176
v 0.292920 0.046036 -0.587024
v 0.291474 0.046032 -0.590638
v 0.289920 0.046029 -0.594030
v 0.288260 0.046028 -0.597205
v 0.298480 0.046349 -0.551000
v 0.298332 0.046368 -0.555828
v 0.297979 0.046381 -0.560737
v 0.297424 0.046387 -0.565595
v 0.296681 0.046389 -0.570299
v 0.295771 0.046385 -0.574793
v 0.294717 0.046379 -0.579032
v 0.293535 0.046371 -0.583022
v 0.292240 0.046362 -0.586757
v 0.290846 0.046354 -0.590240
v 0.289356 0.046347 -0.593493
v 0.287771 0.046344 -0.596526
v 0.297633 0.046674 -0.551000
v 0.297460 0.046697 -0.555833
v 0.297086 0.046711 -0.560740
v 0.296516 0.046718 -0.565583
v 0.295768 0.046717 -0.570255
v 0.294864 0.046709 -0.574697
v 0.293831 0.046698 -0.578856
v 0.292685 0.046683 -0.582745
v 0.291442 0.046668 -0.586359
v 0.290111 0.046655 -0.589707
v 0.288696 0.046644 -0.592819
v 0.287191 0.046639 -0.595708
v 0.296606 0.046992 -0.551000
v 0.296411 0.047016 -0.555835
v 0.296023 0.047029 -0.560728
v 0.295448 0.047033 -0.565538
v 0.294708 0.047027 -0.570158
v 0.293825 0.047014 -0.574532
v 0.292828 0.046995 -0.578600
v 0.291735 0.046973 -0.582378
v 0.290559 0.046950 -0.585867
v 0.289305 0.046931 -0.589080
v 0.287973 0.046915 -0.592053
v 0.286555 0.046907 -0.594798
v 0.295403 0.047300 -0.551000
v 0.295195 0.047322 -0.555834
v 0.294802 0.047333 -0.560703
v 0.294235 0.047332 -0.565469
v 0.293517 0.047320 -0.570026
v 0.292671 0.047299 -0.574320
v 0.291728 0.047271 -0.578289
v 0.290705 0.047241 -0.581953
v 0.289609 0.047210 -0.585317
v 0.288444 0.047183 -0.588395
v 0.287206 0.047161 -0.591229
v 0.285882 0.047150 -0.593827
v 0.294031 0.047598 -0.551000
v 0.293822 0.047616 -0.555829
v 0.293439 0.047621 -0.560671
v 0.292895 0.047613 -0.565388
v 0.292215 0.047593 -0.569879
v 0.291422 0.047563 -0.574093
v 0.290546 0.047526 -0.577967
v 0.289604 0.047486 -0.581522
v 0.288601 0.047446 -0.584765
v 0.287538 0.047411 -0.587710
v 0.286409 0.047382 -0.590402
v 0.285192 0.047367 -0.592844
v 0.292496 0.047883 -0.551000
v 0.292302 0.047896 -0.555824
v 0.291946 0.047893 -0.560639
v 0.291443 0.047876 -0.565311
v 0.290816 0.047846 -0.569744
v 0.290088 0.047806 -0.573888
v 0.289289 0.047760 -0.577680
v 0.288436 0.047710 -0.581141
v 0.287535 0.047660 -0.584276
v 0.286592 0.047615 -0.587090
v 0.285594 0.047578 -0.589631
v 0.284508 0.047558 -0.591897
v 0.290804 0.048155 -0.551000
v 0.290643 0.048160 -0.555817
v 0.290332 0.048149 -0.560605
v 0.289885 0.048122 -0.565241
v 0.289324 0.048083 -0.569626
v 0.288671 0.048033 -0.573717
v 0.287957 0.047976 -0.577445
v 0.287197 0.047916 -0.580835
v 0.286405 0.047855 -0.583880
v 0.285593 0.047799 -0.586577
v 0.284749 0.047751 -0.588968
v 0.283835 0.047723 -0.591029
v 0.288964 0.048413 -0.551000
v 0.288853 0.048409 -0.555810
v 0.288603 0.048389 -0.560584
v 0.288224 0.048353 -0.565199
v 0.287739 0.048303 -0.569560
v 0.287168 0.048242 -0.573623
v 0.286540 0.048175 -0.577320
v 0.285874 0.048104 -0.580673
v 0.285188 0.048033 -0.583668
v 0.284506 0.047964 -0.586295
v 0.283835 0.047901 -0.588574
v 0.283188 0.047855 -0.590396
v 0.259000 0.045341 -0.619839
v 0.259000 0.045681 -0.619357
v 0.259000 0.046017 -0.618557
v 0.259000 0.046349 -0.617441
v 0.259000 0.046674 -0.616016
v 0.259000 0.046992 -0.614288
v 0.259000 0.047300 -0.612264
v 0.259000 0.047598 -0.609955
v 0.259000 0.047883 -0.607371
v 0.259000 0.048155 -0.604524
v 0.259000 0.048413 -0.601428
v 0.261798 0.045000 -0.619839
v 0.261811 0.045345 -0.619673
v 0.261819 0.045692 -0.619172
v 0.261827 0.046035 -0.618339
v 0.261836 0.046371 -0.617183
v 0.261843 0.046699 -0.615717
v 0.261849 0.047016 -0.613959
v 0.261853 0.047322 -0.611920
v 0.261854 0.047615 -0.609618
v 0.261855 0.047893 -0.607068
v 0.261855 0.048158 -0.604282
v 0.261856 0.048407 -0.601274
v 0.264583 0.045000 -0.619357
v 0.264641 0.045348 -0.619175
v 0.264679 0.045699 -0.618651
v 0.264703 0.046047 -0.617784
v 0.264718 0.046387 -0.616590
v 0.264724 0.046716 -0.615090
v 0.264725 0.047031 -0.613310
v 0.264718 0.047332 -0.611269
v 0.264708 0.047619 -0.608989
v 0.264699 0.047890 -0.606488
v 0.264690 0.048145 -0.603780
v 0.264689 0.048385 -0.600873
v 0.267342 0.045000 -0.618557
v 0.267451 0.045349 -0.618346
v 0.267526 0.045703 -0.617790
v 0.267570 0.046055 -0.616888
v 0.267588 0.046396 -0.615660
v 0.267583 0.046724 -0.614137
v 0.267564 0.047036 -0.612351
v 0.267533 0.047332 -0.610325
v 0.267498 0.047610 -0.608085
v 0.267466 0.047872 -0.605652
v 0.267439 0.048118 -0.603036
v 0.267429 0.048348 -0.600243
v 0.270062 0.045000 -0.617441
v 0.270216 0.045350 -0.617192
v 0.270321 0.045706 -0.616599
v 0.270376 0.046058 -0.615664
v 0.270387 0.046398 -0.614414
v 0.270360 0.046724 -0.612882
v 0.270308 0.047031 -0.611109
v 0.270239 0.047320 -0.609119
v 0.270165 0.047591 -0.606941
v 0.270099 0.047843 -0.604594
v 0.270045 0.048079 -0.602087
v 0.270021 0.048299 -0.599419
v 0.272730 0.045000 -0.616016
v 0.272915 0.045350 -0.615725
v 0.273034 0.045706 -0.615096
v 0.273087 0.046057 -0.614137
v 0.273078 0.046395 -0.612878
v 0.273017 0.046717 -0.611357
v 0.272922 0.047019 -0.609618
v 0.272803 0.047300 -0.607689
v 0.272678 0.047562 -0.605597
v 0.272568 0.047805 -0.603358
v 0.272479 0.048030 -0.600976
v 0.272436 0.048240 -0.598443
v 0.275334 0.045000 -0.614288
v 0.275527 0.045350 -0.613960
v 0.275640 0.045705 -0.613307
v 0.275671 0.046053 -0.612339
v 0.275625 0.046388 -0.611093
v 0.275515 0.046705 -0.609607
v 0.275361 0.047000 -0.607930
v 0.275179 0.047274 -0.606091
v 0.274994 0.047527 -0.604111
v 0.274831 0.047759 -0.602001
v 0.274701 0.047975 -0.599759
v 0.274635 0.048174 -0.597372
v 0.277863 0.045000 -0.612264
v 0.278044 0.045350 -0.611914
v 0.278130 0.045703 -0.611252
v 0.278120 0.046048 -0.610298
v 0.278021 0.046379 -0.609089
v 0.277848 0.046690 -0.607666
v 0.277626 0.046977 -0.606080
v 0.277373 0.047243 -0.604356
v 0.277119 0.047487 -0.602513
v 0.276897 0.047710 -0.600552
v 0.276720 0.047915 -0.598469
v 0.276629 0.048103 -0.596240
v 0.280303 0.045000 -0.609955
v 0.280452 0.045350 -0.609603
v 0.280493 0.045701 -0.608958
v 0.280425 0.046043 -0.608043
v 0.280259 0.046368 -0.606898
v 0.280013 0.046673 -0.605563
v 0.279714 0.046954 -0.604090
v 0.279384 0.047212 -0.602504
v 0.279056 0.047447 -0.600816
v 0.278767 0.047660 -0.599028
v 0.278534 0.047855 -0.597128
v 0.278410 0.048032 -0.595080
v 0.282644 0.045000 -0.607371
v 0.282744 0.045350 -0.607044
v 0.282723 0.045698 -0.606445
v 0.282583 0.046037 -0.605599
v 0.282339 0.046358 -0.604543
v 0.282013 0.046659 -0.603318
v 0.281633 0.046933 -0.601975
v 0.281221 0.047184 -0.600538
v 0.280812 0.047411 -0.599023
v 0.280443 0.047615 -0.597435
v 0.280139 0.047799 -0.595756
v 0.279972 0.047964 -0.593928
v 0.284875 0.045000 -0.604524
v 0.284914 0.045349 -0.604253
v 0.284821 0.045696 -0.603729
v 0.284603 0.046032 -0.602977
v 0.284278 0.046350 -0.602033
v 0.283868 0.046646 -0.600934
v 0.283404 0.046916 -0.599733
v 0.282909 0.047162 -0.598454
v 0.282414 0.047383 -0.597121
v 0.281955 0.047578 -0.595753
v 0.281561 0.047751 -0.594334
v 0.281327 0.047901 -0.592796
v 0.286985 0.045000 -0.601428
v 0.286957 0.045349 -0.601241
v 0.286789 0.045694 -0.600819
v 0.286491 0.046029 -0.600183
v 0.286082 0.046345 -0.599366
v 0.285587 0.046639 -0.598405
v 0.285037 0.046907 -0.597348
v 0.284455 0.047150 -0.596226
v 0.283867 0.047367 -0.595073
v 0.283302 0.047558 -0.593925
v 0.282785 0.047723 -0.592795
v 0.282409 0.047855 -0.591706
vt 0.387500 0.762500
vt 0.612500 0.762500
vt 0.612500 0.987500
vt 0.387500 0.987500
vt 0.387500 0.512500
vt 0.612500 0.512500
vt 0.612500 0.737500
vt 0.387500 0.737500
vt 0.637500 0.512500
vt 0.862500 0.512500
vt 0.862500 0.737500
vt 0.637500 0.737500
vt 0.387500 0.012500
vt 0.612500 0.012500
vt 0.612500 0.237500
vt 0.387500 0.237500
vt 0.387500 0.262500
vt 0.612500 0.262500
vt 0.612500 0.487500
vt 0.387500 0.487500
vt 0.137500 0.737500
vt 0.137500 0.738353
vt 0.136643 0.738363
vt 0.136647 0.737500
vt 0.137500 0.739202
vt 0.136641 0.739229
vt 0.137500 0.740043
vt 0.136638 0.740087
vt 0.137500 0.740872
vt 0.136636 0.740928
vt 0.137500 0.741686
vt 0.136633 0.741748
vt 0.137500 0.742480
vt 0.136631 0.742541
vt 0.137500 0.743251
vt 0.136630 0.743305
vt 0.137500 0.743995
vt 0.136630 0.744037
vt 0.137500 0.744708
vt 0.136630 0.744734
vt 0.137500 0.745389
vt 0.136630 0.745394
vt 0.137500 0.746032
vt 0.136629 0.746017
vt 0.137500 0.750000
vt 0.136629 0.750000
vt 0.135780 0.738369
vt 0.135798 0.737500
vt 0.135769 0.739248
vt 0.135761 0.740118
vt 0.135757 0.740968
vt 0.135755 0.741789
vt 0.135755 0.742578
vt 0.135757 0.743331
vt 0.135760 0.744047
vt 0.135762 0.744724
vt 0.135765 0.745362
vt 0.135766 0.745962
vt 0.135764 0.750000
vt 0.134923 0.738373
vt 0.134957 0.737500
vt 0.134901 0.739259
vt 0.134887 0.740137
vt 0.134882 0.740990
vt 0.134883 0.741810
vt 0.134889 0.742590
vt 0.134898 0.743329
vt 0.134909 0.744026
vt 0.134919 0.744681
vt 0.134927 0.745295
vt 0.134930 0.745870
vt 0.134928 0.750000
vt 0.134080 0.738375
vt 0.134128 0.737500
vt 0.134049 0.739264
vt 0.134032 0.740144
vt 0.134028 0.740996
vt 0.134037 0.741810
vt 0.134052 0.742578
vt 0.134073 0.743301
vt 0.134096 0.743978
vt 0.134116 0.744609
vt 0.134133 0.745198
vt 0.134140 0.745747
vt 0.134138 0.750000
vt 0.133258 0.738376
vt 0.133314 0.737500
vt 0.133221 0.739264
vt 0.133205 0.740142
vt 0.133208 0.740988
vt 0.133226 0.741793
vt 0.133256 0.742546
vt 0.133292 0.743251
vt 0.133330 0.743906
vt 0.133363 0.744512
vt 0.133390 0.745076
vt 0.133404 0.745599
vt 0.133402 0.750000
vt 0.132461 0.738376
vt 0.132520 0.737500
vt 0.132427 0.739262
vt 0.132417 0.740134
vt 0.132432 0.740971
vt 0.132465 0.741763
vt 0.132512 0.742500
vt 0.132567 0.743184
vt 0.132624 0.743817
vt 0.132673 0.744399
vt 0.132713 0.744937
vt 0.132733 0.745434
vt 0.132732 0.750000
vt 0.131694 0.738376
vt 0.131749 0.737500
vt 0.131668 0.739258
vt 0.131671 0.740121
vt 0.131701 0.740947
vt 0.131754 0.741725
vt 0.131821 0.742444
vt 0.131899 0.743107
vt 0.131976 0.743717
vt 0.132044 0.744274
vt 0.132098 0.744788
vt 0.132125 0.745259
vt 0.132125 0.750000
vt 0.130960 0.738375
vt 0.131005 0.737500
vt 0.130947 0.739252
vt 0.130968 0.740106
vt 0.131019 0.740920
vt 0.131094 0.741683
vt 0.131185 0.742385
vt 0.131285 0.743029
vt 0.131385 0.743617
vt 0.131473 0.744150
vt 0.131545 0.744638
vt 0.131582 0.745080
vt 0.131582 0.750000
vt 0.130261 0.738374
vt 0.130291 0.737500
vt 0.130267 0.739246
vt 0.130310 0.740093
vt 0.130384 0.740896
vt 0.130484 0.741646
vt 0.130600 0.742333
vt 0.130725 0.742960
vt 0.130850 0.743528
vt 0.130962 0.744038
vt 0.131055 0.744498
vt 0.131106 0.744909
vt 0.131106 0.750000
vt 0.129599 0.738373
vt 0.129611 0.737500
vt 0.129628 0.739240
vt 0.129694 0.740080
vt 0.129793 0.740874
vt 0.129918 0.741615
vt 0.130060 0.742291
vt 0.130211 0.742905
vt 0.130362 0.743457
vt 0.130502 0.743945
vt 0.130622 0.744378
vt 0.130693 0.744752
vt 0.130693 0.750000
vt 0.128976 0.738371
vt 0.128968 0.737500
vt 0.129028 0.739236
vt 0.129119 0.740072
vt 0.129243 0.740862
vt 0.129394 0.741598
vt 0.129562 0.742268
vt 0.129739 0.742875
vt 0.129919 0.743418
vt 0.130091 0.743894
vt 0.130248 0.744307
vt 0.130363 0.744637
vt 0.130363 0.750000
vt 0.387500 0.988353
vt 0.386643 0.988363
vt 0.386647 0.987500
vt 0.387500 0.989202
vt 0.386641 0.989229
vt 0.387500 0.990043
vt 0.386638 0.990087
vt 0.387500 0.990872
vt 0.386636 0.990928
vt 0.387500 0.991686
vt 0.386633 0.991748
vt 0.387500 0.992480
vt 0.386631 0.992541
vt 0.387500 0.993251
vt 0.386630 0.993305
vt 0.387500 0.993995
vt 0.386630 0.994037
vt 0.387500 0.994708
vt 0.386630 0.994734
vt 0.387500 0.995389
vt 0.386630 0.995394
vt 0.387500 0.996032
vt 0.386629 0.996017
vt 0.387500 1.000000
vt 0.386629 1.000000
vt 0.385780 0.988369
vt 0.385798 0.987500
vt 0.385769 0.989248
vt 0.385761 0.990118
vt 0.385757 0.990968
vt 0.385755 0.991789
vt 0.385755 0.992578
vt 0.385757 0.993331
vt 0.385760 0.994047
vt 0.385762 0.994724
vt 0.385765 0.995362
vt 0.385766 0.995962
vt 0.385764 1.000000
vt 0.384923 0.988373
vt 0.384957 0.987500
vt 0.384901 0.989259
vt 0.384887 0.990137
vt 0.384882 0.990990
vt 0.384883 0.991810
vt 0.384889 0.992590
vt 0.384898 0.993329
vt 0.384909 0.994026
vt 0.384919 0.994681
vt 0.384927 0.995295
vt 0.384930 0.995870
vt 0.384928 1.000000
vt 0.384080 0.988375
vt 0.384128 0.987500
vt 0.384049 0.989264
vt 0.384032 0.990144
vt 0.384028 0.990996
vt 0.384037 0.991810
vt 0.384052 0.992578
vt 0.384073 0.993301
vt 0.384096 0.993978
vt 0.384116 0.994609
vt 0.384133 0.995198
vt 0.384140 0.995748
vt 0.384138 1.000000
vt 0.383258 0.988376
vt 0.383314 0.987500
vt 0.383221 0.989264
vt 0.383205 0.990142
vt 0.383208 0.990988
vt 0.383226 0.991793
vt 0.383256 0.992546
vt 0.383292 0.993251
vt 0.383330 0.993906
vt 0.383363 0.994512
vt 0.383390 0.995076
vt 0.383404 0.995599
vt 0.383402 1.000000
vt 0.382461 0.988376
vt 0.382520 0.987500
vt 0.382427 0.989262
vt 0.382417 0.990134
vt 0.382431 0.990971
vt 0.382465 0.991763
vt 0.382512 0.992500
vt 0.382567 0.993184
vt 0.382624 0.993817
vt 0.382673 0.994399
vt 0.382713 0.994937
vt 0.382733 0.995434
vt 0.382732 1.000000
vt 0.381694 0.988376
vt 0.381749 0.987500
vt 0.381668 0.989258
vt 0.381671 0.990121
vt 0.381701 0.990947
vt 0.381754 0.991724
vt 0.381821 0.992444
vt 0.381899 0.993107
vt 0.381976 0.993717
vt 0.382044 0.994274
vt 0.382098 0.994788
vt 0.382125 0.995259
vt 0.382125 1.000000
vt 0.380960 0.988375
vt 0.381005 0.987500
vt 0.380947 0.989252
vt 0.380968 0.990106
vt 0.381019 0.990920
vt 0.381094 0.991683
vt 0.381185 0.992385
vt 0.381285 0.993029
vt 0.381385 0.993617
vt 0.381473 0.994150
vt 0.381545 0.994638
vt 0.381582 0.995080
vt 0.381582 1.000000
vt 0.380261 0.988374
vt 0.380291 0.987500
vt 0.380267 0.989246
vt 0.380310 0.990093
vt 0.380384 0.990896
vt 0.380484 0.991646
vt 0.380600 0.992333
vt 0.380725 0.992960
vt 0.380850 0.993528
vt 0.380962 0.994038
vt 0.381055 0.994498
vt 0.381106 0.994909
vt 0.381106 1.000000
vt 0.379599 0.988373
vt 0.379611 0.987500
vt 0.379628 0.989240
vt 0.379694 0.990080
vt 0.379793 0.990874
vt 0.379918 0.991615
vt 0.380060 0.992291
vt 0.380211 0.992905
vt 0.380362 0.993457
vt 0.380501 0.993945
vt 0.380622 0.994378
vt 0.380693 0.994752
vt 0.380693 1.000000
vt 0.378976 0.988371
vt 0.378968 0.987500
vt 0.379028 0.989236
vt 0.379119 0.990072
vt 0.379243 0.990862
vt 0.379394 0.991598
vt 0.379562 0.992268
vt 0.379739 0.992875
vt 0.379919 0.993418
vt 0.380091 0.993894
vt 0.380248 0.994307
vt 0.380363 0.994637
vt 0.380363 1.000000
vt 0.386647 0.012500
vt 0.386637 0.011643
vt 0.387500 0.011647
vt 0.385798 0.012500
vt 0.385771 0.011641
vt 0.384957 0.012500
vt 0.384914 0.011638
vt 0.384128 0.012500
vt 0.384072 0.011636
vt 0.383314 0.012500
vt 0.383252 0.011633
vt 0.382520 0.012500
vt 0.382459 0.011631
vt 0.381749 0.012500
vt 0.381695 0.011630
vt 0.381005 0.012500
vt 0.380964 0.011630
vt 0.380291 0.012500
vt 0.380266 0.011630
vt 0.379611 0.012500
vt 0.379606 0.011630
vt 0.378968 0.012500
vt 0.378983 0.011629
vt 0.375000 0.012500
vt 0.375000 0.011629
vt 0.386631 0.010780
vt 0.387500 0.010798
vt 0.385752 0.010769
vt 0.384882 0.010761
vt 0.384032 0.010757
vt 0.383210 0.010755
vt 0.382422 0.010755
vt 0.381669 0.010757
vt 0.380953 0.010760
vt 0.380276 0.010762
vt 0.379638 0.010765
vt 0.379038 0.010766
vt 0.375000 0.010764
vt 0.386628 0.009923
vt 0.387500 0.009957
vt 0.385741 0.009901
vt 0.384863 0.009887
vt 0.384010 0.009882
vt 0.383190 0.009883
vt 0.382410 0.009889
vt 0.381671 0.009898
vt 0.380974 0.009909
vt 0.380319 0.009919
vt 0.379705 0.009927
vt 0.379129 0.009930
vt 0.375000 0.009928
vt 0.386625 0.009080
vt 0.387500 0.009128
vt 0.385736 0.009049
vt 0.384856 0.009032
vt 0.384004 0.009028
vt 0.383190 0.009037
vt 0.382422 0.009052
vt 0.381699 0.009073
vt 0.381022 0.009096
vt 0.380391 0.009116
vt 0.379802 0.009133
vt 0.379252 0.009140
vt 0.375000 0.009138
vt 0.386624 0.008258
vt 0.387500 0.008314
vt 0.385735 0.008221
vt 0.384858 0.008205
vt 0.384012 0.008208
vt 0.383207 0.008226
vt 0.382454 0.008256
vt 0.381749 0.008292
vt 0.381094 0.008330
vt 0.380488 0.008363
vt 0.379924 0.008390
vt 0.379401 0.008404
vt 0.375000 0.008402
vt 0.386624 0.007461
vt 0.387500 0.007520
vt 0.385738 0.007427
vt 0.384866 0.007417
vt 0.384029 0.007432
vt 0.383237 0.007465
vt 0.382500 0.007512
vt 0.381816 0.007567
vt 0.381183 0.007624
vt 0.380601 0.007673
vt 0.380063 0.007713
vt 0.379566 0.007733
vt 0.375000 0.007732
vt 0.386624 0.006694
vt 0.387500 0.006749
vt 0.385742 0.006668
vt 0.384879 0.006671
vt 0.384053 0.006701
vt 0.383275 0.006754
vt 0.382556 0.006821
vt 0.381893 0.006899
vt 0.381283 0.006976
vt 0.380726 0.007044
vt 0.380212 0.007097
vt 0.379741 0.007125
vt 0.375000 0.007125
vt 0.386625 0.005960
vt 0.387500 0.006005
vt 0.385748 0.005947
vt 0.384893 0.005968
vt 0.384080 0.006019
vt 0.383316 0.006094
vt 0.382615 0.006185
vt 0.381971 0.006285
vt 0.381383 0.006385
vt 0.380850 0.006473
vt 0.380362 0.006545
vt 0.379920 0.006582
vt 0.375000 0.006582
vt 0.386626 0.005261
vt 0.387500 0.005291
vt 0.385754 0.005267
vt 0.384907 0.005310
vt 0.384104 0.005384
vt 0.383354 0.005484
vt 0.382667 0.005600
vt 0.382040 0.005725
vt 0.381472 0.005850
vt 0.380962 0.005962
vt 0.380502 0.006055
vt 0.380091 0.006106
vt 0.375000 0.006106
vt 0.386627 0.004599
vt 0.387500 0.004611
vt 0.385760 0.004628
vt 0.384920 0.004694
vt 0.384126 0.004793
vt 0.383385 0.004918
vt 0.382709 0.005060
vt 0.382095 0.005211
vt 0.381543 0.005362
vt 0.381055 0.005502
vt 0.380622 0.005622
vt 0.380248 0.005693
vt 0.375000 0.005693
vt 0.386629 0.003976
vt 0.387500 0.003968
vt 0.385764 0.004028
vt 0.384928 0.004119
vt 0.384138 0.004243
vt 0.383402 0.004394
vt 0.382732 0.004562
vt 0.382125 0.004739
vt 0.381582 0.004919
vt 0.381106 0.005091
vt 0.380693 0.005248
vt 0.380363 0.005363
vt 0.375000 0.005363
vt 0.125000 0.744637
vt 0.613353 0.987500
vt 0.613363 0.988357
vt 0.612500 0.988353
vt 0.614202 0.987500
vt 0.614229 0.988360
vt 0.615043 0.987500
vt 0.615086 0.988362
vt 0.615872 0.987500
vt 0.615928 0.988364
vt 0.616686 0.987500
vt 0.616748 0.988367
vt 0.617480 0.987500
vt 0.617541 0.988369
vt 0.618251 0.987500
vt 0.618305 0.988370
vt 0.618995 0.987500
vt 0.619037 0.988370
vt 0.619709 0.987500
vt 0.619734 0.988370
vt 0.620389 0.987500
vt 0.620394 0.988370
vt 0.621032 0.987500
vt 0.621017 0.988371
vt 0.625000 0.987500
vt 0.625000 0.988371
vt 0.613369 0.989220
vt 0.612500 0.989202
vt 0.614248 0.989231
vt 0.615118 0.989239
vt 0.615968 0.989243
vt 0.616789 0.989245
vt 0.617578 0.989245
vt 0.618331 0.989243
vt 0.619047 0.989240
vt 0.619724 0.989238
vt 0.620362 0.989235
vt 0.620962 0.989235
vt 0.625000 0.989236
vt 0.613372 0.990077
vt 0.612500 0.990043
vt 0.614259 0.990099
vt 0.615137 0.990113
vt 0.615990 0.990118
vt 0.616810 0.990117
vt 0.617590 0.990111
vt 0.618329 0.990102
vt 0.619026 0.990091
vt 0.619681 0.990081
vt 0.620295 0.990073
vt 0.620870 0.990070
vt 0.625000 0.990072
vt 0.613375 0.990920
vt 0.612500 0.990873
vt 0.614264 0.990951
vt 0.615144 0.990968
vt 0.615996 0.990972
vt 0.616810 0.990963
vt 0.617578 0.990948
vt 0.618301 0.990927
vt 0.618978 0.990904
vt 0.619609 0.990884
vt 0.620198 0.990867
vt 0.620748 0.990860
vt 0.625000 0.990862
vt 0.613376 0.991742
vt 0.612500 0.991686
vt 0.614264 0.991779
vt 0.615142 0.991795
vt 0.615988 0.991792
vt 0.616793 0.991773
vt 0.617546 0.991744
vt 0.618251 0.991708
vt 0.618906 0.991670
vt 0.619512 0.991637
vt 0.620076 0.991610
vt 0.620599 0.991596
vt 0.625000 0.991598
vt 0.613376 0.992539
vt 0.612500 0.992480
vt 0.614262 0.992573
vt 0.615134 0.992583
vt 0.615971 0.992568
vt 0.616763 0.992535
vt 0.617500 0.992488
vt 0.618184 0.992433
vt 0.618817 0.992376
vt 0.619399 0.992326
vt 0.619937 0.992287
vt 0.620434 0.992267
vt 0.625000 0.992268
vt 0.613376 0.993306
vt 0.612500 0.993251
vt 0.614258 0.993332
vt 0.615121 0.993329
vt 0.615947 0.993299
vt 0.616725 0.993246
vt 0.617444 0.993179
vt 0.618107 0.993101
vt 0.618717 0.993024
vt 0.619274 0.992957
vt 0.619788 0.992902
vt 0.620259 0.992875
vt 0.625000 0.992875
vt 0.613375 0.994040
vt 0.612500 0.993995
vt 0.614252 0.994053
vt 0.615107 0.994032
vt 0.615920 0.993981
vt 0.616683 0.993906
vt 0.617385 0.993815
vt 0.618029 0.993715
vt 0.618617 0.993615
vt 0.619150 0.993527
vt 0.619638 0.993455
vt 0.620080 0.993418
vt 0.625000 0.993418
vt 0.613374 0.994739
vt 0.612500 0.994708
vt 0.614246 0.994733
vt 0.615093 0.994690
vt 0.615896 0.994616
vt 0.616646 0.994516
vt 0.617333 0.994400
vt 0.617960 0.994275
vt 0.618528 0.994150
vt 0.619038 0.994038
vt 0.619498 0.993945
vt 0.619909 0.993894
vt 0.625000 0.993894
vt 0.613373 0.995401
vt 0.612500 0.995389
vt 0.614240 0.995372
vt 0.615080 0.995306
vt 0.615874 0.995207
vt 0.616615 0.995082
vt 0.617291 0.994940
vt 0.617905 0.994789
vt 0.618457 0.994638
vt 0.618945 0.994498
vt 0.619378 0.994378
vt 0.619752 0.994307
vt 0.625000 0.994307
vt 0.613371 0.996024
vt 0.612500 0.996032
vt 0.614236 0.995972
vt 0.615072 0.995881
vt 0.615862 0.995757
vt 0.616598 0.995606
vt 0.617268 0.995438
vt 0.617875 0.995261
vt 0.618418 0.995081
vt 0.618894 0.994909
vt 0.619307 0.994752
vt 0.619637 0.994637
vt 0.625000 0.994637
vt 0.863353 0.737500
vt 0.863363 0.738357
vt 0.862500 0.738353
vt 0.864202 0.737500
vt 0.864229 0.738360
vt 0.865043 0.737500
vt 0.865086 0.738362
vt 0.865872 0.737500
vt 0.865928 0.738364
vt 0.866686 0.737500
vt 0.866748 0.738367
vt 0.867480 0.737500
vt 0.867541 0.738369
vt 0.868251 0.737500
vt 0.868305 0.738370
vt 0.868995 0.737500
vt 0.869036 0.738370
vt 0.869709 0.737500
vt 0.869734 0.738370
vt 0.870389 0.737500
vt 0.870394 0.738370
vt 0.871032 0.737500
vt 0.871017 0.738371
vt 0.875000 0.737500
vt 0.875000 0.738371
vt 0.863369 0.739220
vt 0.862500 0.739202
vt 0.864248 0.739231
vt 0.865118 0.739239
vt 0.865968 0.739243
vt 0.866789 0.739245
vt 0.867578 0.739245
vt 0.868331 0.739243
vt 0.869047 0.739240
vt 0.869724 0.739238
vt 0.870362 0.739235
vt 0.870962 0.739234
vt 0.875000 0.739236
vt 0.863372 0.740077
vt 0.862500 0.740043
vt 0.864259 0.740099
vt 0.865137 0.740113
vt 0.865990 0.740118
vt 0.866810 0.740117
vt 0.867590 0.740111
vt 0.868329 0.740102
vt 0.869026 0.740091
vt 0.869681 0.740081
vt 0.870295 0.740073
vt 0.870870 0.740070
vt 0.875000 0.740072
vt 0.863375 0.740920
vt 0.862500 0.740873
vt 0.864264 0.740951
vt 0.865144 0.740968
vt 0.865996 0.740972
vt 0.866810 0.740963
vt 0.867578 0.740948
vt 0.868301 0.740927
vt 0.868978 0.740904
vt 0.869609 0.740884
vt 0.870198 0.740867
vt 0.870748 0.740860
vt 0.875000 0.740862
vt 0.863376 0.741742
vt 0.862500 0.741686
vt 0.864264 0.741779
vt 0.865142 0.741795
vt 0.865988 0.741792
vt 0.866793 0.741774
vt 0.867546 0.741744
vt 0.868251 0.741708
vt 0.868906 0.741670
vt 0.869512 0.741637
vt 0.870076 0.741609
vt 0.870599 0.741596
vt 0.875000 0.741598
vt 0.863376 0.742539
vt 0.862500 0.742480
vt 0.864262 0.742573
vt 0.865134 0.742583
vt 0.865971 0.742568
vt 0.866763 0.742535
vt 0.867500 0.742488
vt 0.868184 0.742433
vt 0.868817 0.742376
vt 0.869399 0.742327
vt 0.869937 0.742287
vt 0.870434 0.742267
vt 0.875000 0.742268
vt 0.863376 0.743306
vt 0.862500 0.743251
vt 0.864258 0.743332
vt 0.865121 0.743329
vt 0.865947 0.743299
vt 0.866724 0.743246
vt 0.867444 0.743179
vt 0.868107 0.743101
vt 0.868717 0.743024
vt 0.869274 0.742957
vt 0.869788 0.742902
vt 0.870259 0.742875
vt 0.875000 0.742875
vt 0.863375 0.744040
vt 0.862500 0.743995
vt 0.864252 0.744053
vt 0.865107 0.744032
vt 0.865920 0.743981
vt 0.866683 0.743906
vt 0.867385 0.743815
vt 0.868029 0.743715
vt 0.868617 0.743615
vt 0.869150 0.743527
vt 0.869638 0.743455
vt 0.870080 0.743418
vt 0.875000 0.743418
vt 0.863374 0.744739
vt 0.862500 0.744708
vt 0.864246 0.744732
vt 0.865093 0.744690
vt 0.865896 0.744616
vt 0.866646 0.744516
vt 0.867333 0.744400
vt 0.867960 0.744275
vt 0.868528 0.744150
vt 0.869038 0.744038
vt 0.869498 0.743945
vt 0.869909 0.743894
vt 0.875000 0.743894
vt 0.863373 0.745401
vt 0.862500 0.745389
vt 0.864240 0.745372
vt 0.865080 0.745306
vt 0.865874 0.745207
vt 0.866615 0.745082
vt 0.867291 0.744940
vt 0.867905 0.744789
vt 0.868457 0.744638
vt 0.868945 0.744498
vt 0.869378 0.744378
vt 0.869752 0.744307
vt 0.875000 0.744307
vt 0.863371 0.746024
vt 0.862500 0.746032
vt 0.864236 0.745972
vt 0.865072 0.745881
vt 0.865862 0.745757
vt 0.866598 0.745606
vt 0.867268 0.745438
vt 0.867875 0.745261
vt 0.868418 0.745081
vt 0.868894 0.744909
vt 0.869307 0.744752
vt 0.869637 0.744637
vt 0.875000 0.744637
vt 0.612500 0.011647
vt 0.613357 0.011637
vt 0.613353 0.012500
vt 0.612500 0.010798
vt 0.613359 0.010771
vt 0.612500 0.009957
vt 0.613362 0.009914
vt 0.612500 0.009128
vt 0.613365 0.009072
vt 0.612500 0.008314
vt 0.613367 0.008252
vt 0.612500 0.007520
vt 0.613369 0.007459
vt 0.612500 0.006749
vt 0.613370 0.006695
vt 0.612500 0.006005
vt 0.613370 0.005963
vt 0.612500 0.005291
vt 0.613370 0.005266
vt 0.612500 0.004611
vt 0.613370 0.004606
vt 0.612500 0.003968
vt 0.613371 0.003983
vt 0.612500 0.000000
vt 0.613371 0.000000
vt 0.614220 0.011631
vt 0.614202 0.012500
vt 0.614231 0.010752
vt 0.614239 0.009882
vt 0.614243 0.009032
vt 0.614245 0.008210
vt 0.614245 0.007422
vt 0.614243 0.006669
vt 0.614240 0.005953
vt 0.614237 0.005276
vt 0.614235 0.004638
vt 0.614234 0.004038
vt 0.614236 0.000000
vt 0.615077 0.011628
vt 0.615043 0.012500
vt 0.615099 0.010741
vt 0.615113 0.009863
vt 0.615118 0.009010
vt 0.615117 0.008190
vt 0.615111 0.007410
vt 0.615102 0.006671
vt 0.615091 0.005974
vt 0.615081 0.005319
vt 0.615073 0.004705
vt 0.615070 0.004129
vt 0.615072 0.000000
vt 0.615919 0.011625
vt 0.615873 0.012500
vt 0.615951 0.010736
vt 0.615968 0.009856
vt 0.615972 0.009004
vt 0.615963 0.008190
vt 0.615948 0.007422
vt 0.615927 0.006699
vt 0.615904 0.006022
vt 0.615884 0.005391
vt 0.615867 0.004802
vt 0.615860 0.004252
vt 0.615862 0.000000
vt 0.616742 0.011624
vt 0.616686 0.012500
vt 0.616779 0.010735
vt 0.616795 0.009858
vt 0.616792 0.009012
vt 0.616773 0.008207
vt 0.616744 0.007454
vt 0.616708 0.006749
vt 0.616670 0.006094
vt 0.616637 0.005488
vt 0.616610 0.004924
vt 0.616596 0.004401
vt 0.616598 0.000000
vt 0.617539 0.011624
vt 0.617480 0.012500
vt 0.617573 0.010738
vt 0.617583 0.009866
vt 0.617568 0.009029
vt 0.617535 0.008237
vt 0.617488 0.007500
vt 0.617433 0.006816
vt 0.617376 0.006183
vt 0.617327 0.005601
vt 0.617287 0.005063
vt 0.617267 0.004566
vt 0.617268 0.000000
vt 0.618306 0.011624
vt 0.618251 0.012500
vt 0.618332 0.010742
vt 0.618329 0.009879
vt 0.618299 0.009053
vt 0.618246 0.008275
vt 0.618179 0.007556
vt 0.618101 0.006893
vt 0.618024 0.006283
vt 0.617956 0.005726
vt 0.617903 0.005212
vt 0.617875 0.004741
vt 0.617875 0.000000
vt 0.619040 0.011625
vt 0.618995 0.012500
vt 0.619053 0.010748
vt 0.619032 0.009893
vt 0.618981 0.009080
vt 0.618906 0.008316
vt 0.618815 0.007615
vt 0.618715 0.006971
vt 0.618615 0.006383
vt 0.618527 0.005850
vt 0.618455 0.005362
vt 0.618418 0.004920
vt 0.618418 0.000000
vt 0.619739 0.011626
vt 0.619709 0.012500
vt 0.619733 0.010754
vt 0.619690 0.009907
vt 0.619616 0.009104
vt 0.619516 0.008354
vt 0.619400 0.007667
vt 0.619275 0.007040
vt 0.619150 0.006472
vt 0.619038 0.005962
vt 0.618945 0.005502
vt 0.618894 0.005091
vt 0.618894 0.000000
vt 0.620401 0.011627
vt 0.620389 0.012500
vt 0.620372 0.010760
vt 0.620306 0.009920
vt 0.620207 0.009126
vt 0.620082 0.008385
vt 0.619940 0.007709
vt 0.619789 0.007095
vt 0.619639 0.006543
vt 0.619498 0.006055
vt 0.619378 0.005622
vt 0.619307 0.005248
vt 0.619307 0.000000
vt 0.621024 0.011629
vt 0.621032 0.012500
vt 0.620972 0.010764
vt 0.620881 0.009928
vt 0.620757 0.009138
vt 0.620606 0.008402
vt 0.620438 0.007732
vt 0.620261 0.007125
vt 0.620081 0.006582
vt 0.619909 0.006106
vt 0.619752 0.005693
vt 0.619637 0.005363
vt 0.619637 0.000000
vt 0.619637 1.000000
vt 0.137500 0.512500
vt 0.136647 0.512500
vt 0.136637 0.511643
vt 0.137500 0.511647
vt 0.135798 0.512500
vt 0.135771 0.511641
vt 0.134957 0.512500
vt 0.134914 0.511638
vt 0.134128 0.512500
vt 0.134072 0.511636
vt 0.133314 0.512500
vt 0.133252 0.511633
vt 0.132520 0.512500
vt 0.132459 0.511631
vt 0.131749 0.512500
vt 0.131695 0.511630
vt 0.131005 0.512500
vt 0.130963 0.511630
vt 0.130291 0.512500
vt 0.130266 0.511630
vt 0.129611 0.512500
vt 0.129606 0.511630
vt 0.128968 0.512500
vt 0.128983 0.511629
vt 0.125000 0.512500
vt 0.125000 0.511629
vt 0.136631 0.510780
vt 0.137500 0.510798
vt 0.135752 0.510769
vt 0.134882 0.510761
vt 0.134032 0.510757
vt 0.133210 0.510755
vt 0.132422 0.510755
vt 0.131669 0.510757
vt 0.130953 0.510760
vt 0.130276 0.510762
vt 0.129638 0.510765
vt 0.129038 0.510766
vt 0.125000 0.510764
vt 0.136628 0.509923
vt 0.137500 0.509957
vt 0.135741 0.509901
vt 0.134863 0.509887
vt 0.134010 0.509882
vt 0.133190 0.509883
vt 0.132410 0.509889
vt 0.131671 0.509899
vt 0.130974 0.509909
vt 0.130319 0.509919
vt 0.129705 0.509927
vt 0.129129 0.509930
vt 0.125000 0.509928
vt 0.136625 0.509080
vt 0.137500 0.509127
vt 0.135736 0.509049
vt 0.134856 0.509032
vt 0.134004 0.509028
vt 0.133190 0.509037
vt 0.132422 0.509052
vt 0.131699 0.509073
vt 0.131022 0.509096
vt 0.130391 0.509116
vt 0.129802 0.509133
vt 0.129252 0.509140
vt 0.125000 0.509138
vt 0.136624 0.508258
vt 0.137500 0.508314
vt 0.135735 0.508221
vt 0.134858 0.508205
vt 0.134012 0.508208
vt 0.133207 0.508226
vt 0.132454 0.508256
vt 0.131749 0.508292
vt 0.131094 0.508330
vt 0.130488 0.508363
vt 0.129924 0.508390
vt 0.129401 0.508404
vt 0.125000 0.508402
vt 0.136624 0.507461
vt 0.137500 0.507520
vt 0.135738 0.507427
vt 0.134866 0.507417
vt 0.134029 0.507432
vt 0.133237 0.507465
vt 0.132500 0.507512
vt 0.131816 0.507567
vt 0.131183 0.507624
vt 0.130601 0.507673
vt 0.130063 0.507713
vt 0.129566 0.507733
vt 0.125000 0.507732
vt 0.136624 0.506694
vt 0.137500 0.506749
vt 0.135742 0.506668
vt 0.134879 0.506671
vt 0.134053 0.506701
vt 0.133275 0.506754
vt 0.132556 0.506821
vt 0.131893 0.506899
vt 0.131283 0.506976
vt 0.130726 0.507044
vt 0.130212 0.507098
vt 0.129741 0.507125
vt 0.125000 0.507125
vt 0.136625 0.505960
vt 0.137500 0.506005
vt 0.135748 0.505947
vt 0.134893 0.505968
vt 0.134080 0.506019
vt 0.133317 0.506094
vt 0.132615 0.506185
vt 0.131971 0.506285
vt 0.131383 0.506385
vt 0.130850 0.506473
vt 0.130362 0.506545
vt 0.129920 0.506582
vt 0.125000 0.506582
vt 0.136626 0.505261
vt 0.137500 0.505291
vt 0.135754 0.505267
vt 0.134907 0.505310
vt 0.134104 0.505384
vt 0.133354 0.505484
vt 0.132667 0.505600
vt 0.132040 0.505725
vt 0.131472 0.505850
vt 0.130962 0.505962
vt 0.130502 0.506055
vt 0.130091 0.506106
vt 0.125000 0.506106
vt 0.136627 0.504599
vt 0.137500 0.504611
vt 0.135760 0.504628
vt 0.134920 0.504694
vt 0.134126 0.504793
vt 0.133385 0.504918
vt 0.132709 0.505060
vt 0.132095 0.505211
vt 0.131543 0.505362
vt 0.131055 0.505502
vt 0.130622 0.505622
vt 0.130248 0.505693
vt 0.125000 0.505693
vt 0.136629 0.503976
vt 0.137500 0.503968
vt 0.135764 0.504028
vt 0.134928 0.504119
vt 0.134138 0.504243
vt 0.133402 0.504394
vt 0.132732 0.504562
vt 0.132125 0.504739
vt 0.131582 0.504919
vt 0.131106 0.505091
vt 0.130693 0.505248
vt 0.130363 0.505363
vt 0.125000 0.505363
vt 0.387500 0.238353
vt 0.386643 0.238363
vt 0.386647 0.237500
vt 0.387500 0.239202
vt 0.386641 0.239229
vt 0.387500 0.240043
vt 0.386638 0.240087
vt 0.387500 0.240872
vt 0.386636 0.240928
vt 0.387500 0.241686
vt 0.386633 0.241748
vt 0.387500 0.242480
vt 0.386631 0.242541
vt 0.387500 0.243251
vt 0.386630 0.243305
vt 0.387500 0.243995
vt 0.386630 0.244037
vt 0.387500 0.244709
vt 0.386630 0.244734
vt 0.387500 0.245389
vt 0.386630 0.245394
vt 0.387500 0.246032
vt 0.386629 0.246017
vt 0.387500 0.253968
vt 0.386629 0.253976
vt 0.385780 0.238369
vt 0.385798 0.237500
vt 0.385769 0.239248
vt 0.385761 0.240118
vt 0.385757 0.240968
vt 0.385755 0.241790
vt 0.385755 0.242578
vt 0.385757 0.243331
vt 0.385760 0.244047
vt 0.385762 0.244724
vt 0.385765 0.245362
vt 0.385766 0.245962
vt 0.385764 0.254028
vt 0.384923 0.238372
vt 0.384957 0.237500
vt 0.384901 0.239259
vt 0.384887 0.240137
vt 0.384882 0.240990
vt 0.384883 0.241810
vt 0.384889 0.242590
vt 0.384898 0.243329
vt 0.384909 0.244026
vt 0.384919 0.244681
vt 0.384927 0.245295
vt 0.384930 0.245871
vt 0.384928 0.254119
vt 0.384080 0.238375
vt 0.384128 0.237500
vt 0.384049 0.239264
vt 0.384032 0.240144
vt 0.384028 0.240996
vt 0.384037 0.241810
vt 0.384052 0.242578
vt 0.384073 0.243301
vt 0.384096 0.243978
vt 0.384116 0.244609
vt 0.384133 0.245198
vt 0.384140 0.245748
vt 0.384138 0.254243
vt 0.383258 0.238376
vt 0.383314 0.237500
vt 0.383221 0.239264
vt 0.383205 0.240142
vt 0.383208 0.240988
vt 0.383226 0.241793
vt 0.383256 0.242546
vt 0.383292 0.243251
vt 0.383330 0.243906
vt 0.383363 0.244512
vt 0.383390 0.245076
vt 0.383404 0.245599
vt 0.383402 0.254394
vt 0.382461 0.238376
vt 0.382520 0.237500
vt 0.382427 0.239262
vt 0.382417 0.240134
vt 0.382431 0.240971
vt 0.382465 0.241763
vt 0.382512 0.242500
vt 0.382567 0.243184
vt 0.382624 0.243817
vt 0.382673 0.244399
vt 0.382713 0.244937
vt 0.382733 0.245434
vt 0.382732 0.254562
vt 0.381694 0.238376
vt 0.381749 0.237500
vt 0.381668 0.239258
vt 0.381671 0.240121
vt 0.381701 0.240947
vt 0.381754 0.241725
vt 0.381821 0.242444
vt 0.381899 0.243107
vt 0.381976 0.243717
vt 0.382044 0.244274
vt 0.382098 0.244788
vt 0.382125 0.245259
vt 0.382125 0.254739
vt 0.380960 0.238375
vt 0.381005 0.237500
vt 0.380947 0.239252
vt 0.380968 0.240107
vt 0.381019 0.240920
vt 0.381094 0.241683
vt 0.381185 0.242385
vt 0.381285 0.243029
vt 0.381385 0.243617
vt 0.381473 0.244150
vt 0.381545 0.244638
vt 0.381582 0.245080
vt 0.381582 0.254919
vt 0.380261 0.238374
vt 0.380291 0.237500
vt 0.380267 0.239246
vt 0.380310 0.240093
vt 0.380384 0.240896
vt 0.380484 0.241646
vt 0.380600 0.242333
vt 0.380725 0.242960
vt 0.380850 0.243528
vt 0.380962 0.244038
vt 0.381055 0.244498
vt 0.381106 0.244909
vt 0.381106 0.255091
vt 0.379599 0.238373
vt 0.379611 0.237500
vt 0.379628 0.239240
vt 0.379694 0.240080
vt 0.379793 0.240874
vt 0.379918 0.241615
vt 0.380060 0.242291
vt 0.380211 0.242905
vt 0.380362 0.243457
vt 0.380501 0.243945
vt 0.380622 0.244378
vt 0.380693 0.244752
vt 0.380693 0.255248
vt 0.378976 0.238371
vt 0.378968 0.237500
vt 0.379028 0.239236
vt 0.379119 0.240072
vt 0.379243 0.240862
vt 0.379394 0.241598
vt 0.379562 0.242268
vt 0.379739 0.242875
vt 0.379919 0.243418
vt 0.380091 0.243894
vt 0.380248 0.244307
vt 0.380363 0.244637
vt 0.380363 0.255363
vt 0.386647 0.262500
vt 0.386637 0.261643
vt 0.387500 0.261647
vt 0.385798 0.262500
vt 0.385771 0.261641
vt 0.384957 0.262500
vt 0.384914 0.261638
vt 0.384128 0.262500
vt 0.384072 0.261636
vt 0.383314 0.262500
vt 0.383252 0.261633
vt 0.382520 0.262500
vt 0.382459 0.261631
vt 0.381749 0.262500
vt 0.381695 0.261630
vt 0.381005 0.262500
vt 0.380964 0.261630
vt 0.380291 0.262500
vt 0.380266 0.261630
vt 0.379611 0.262500
vt 0.379606 0.261630
vt 0.378968 0.262500
vt 0.378983 0.261629
vt 0.375000 0.262500
vt 0.375000 0.261629
vt 0.386631 0.260780
vt 0.387500 0.260798
vt 0.385752 0.260769
vt 0.384882 0.260761
vt 0.384032 0.260757
vt 0.383210 0.260755
vt 0.382422 0.260755
vt 0.381669 0.260757
vt 0.380953 0.260760
vt 0.380276 0.260762
vt 0.379638 0.260765
vt 0.379038 0.260766
vt 0.375000 0.260764
vt 0.386628 0.259923
vt 0.387500 0.259957
vt 0.385741 0.259901
vt 0.384863 0.259887
vt 0.384010 0.259882
vt 0.383190 0.259883
vt 0.382410 0.259889
vt 0.381671 0.259898
vt 0.380974 0.259909
vt 0.380319 0.259919
vt 0.379705 0.259927
vt 0.379129 0.259930
vt 0.375000 0.259928
vt 0.386625 0.259080
vt 0.387500 0.259128
vt 0.385736 0.259049
vt 0.384856 0.259032
vt 0.384004 0.259028
vt 0.383190 0.259037
vt 0.382422 0.259052
vt 0.381699 0.259073
vt 0.381022 0.259096
vt 0.380391 0.259116
vt 0.379802 0.259133
vt 0.379252 0.259140
vt 0.375000 0.259138
vt 0.386624 0.258258
vt 0.387500 0.258314
vt 0.385735 0.258221
vt 0.384858 0.258205
vt 0.384012 0.258208
vt 0.383207 0.258226
vt 0.382454 0.258256
vt 0.381749 0.258292
vt 0.381094 0.258330
vt 0.380488 0.258363
vt 0.379924 0.258391
vt 0.379401 0.258404
vt 0.375000 0.258402
vt 0.386624 0.257461
vt 0.387500 0.257520
vt 0.385738 0.257427
vt 0.384866 0.257417
vt 0.384029 0.257432
vt 0.383237 0.257465
vt 0.382500 0.257512
vt 0.381816 0.257567
vt 0.381183 0.257624
vt 0.380601 0.257673
vt 0.380063 0.257713
vt 0.379566 0.257733
vt 0.375000 0.257732
vt 0.386624 0.256694
vt 0.387500 0.256749
vt 0.385742 0.256668
vt 0.384879 0.256671
vt 0.384053 0.256701
vt 0.383275 0.256754
vt 0.382556 0.256821
vt 0.381893 0.256899
vt 0.381283 0.256976
vt 0.380726 0.257044
vt 0.380212 0.257098
vt 0.379741 0.257125
vt 0.375000 0.257125
vt 0.386625 0.255960
vt 0.387500 0.256005
vt 0.385748 0.255947
vt 0.384893 0.255968
vt 0.384080 0.256019
vt 0.383316 0.256094
vt 0.382615 0.256185
vt 0.381971 0.256285
vt 0.381383 0.256385
vt 0.380850 0.256473
vt 0.380362 0.256545
vt 0.379920 0.256582
vt 0.375000 0.256582
vt 0.386626 0.255261
vt 0.387500 0.255291
vt 0.385754 0.255267
vt 0.384907 0.255310
vt 0.384104 0.255384
vt 0.383354 0.255484
vt 0.382667 0.255600
vt 0.382040 0.255725
vt 0.381472 0.255850
vt 0.380962 0.255962
vt 0.380502 0.256055
vt 0.380091 0.256106
vt 0.375000 0.256106
vt 0.386627 0.254599
vt 0.387500 0.254611
vt 0.385760 0.254628
vt 0.384920 0.254694
vt 0.384126 0.254793
vt 0.383385 0.254918
vt 0.382709 0.255060
vt 0.382095 0.255211
vt 0.381543 0.255362
vt 0.381055 0.255502
vt 0.380622 0.255622
vt 0.380248 0.255693
vt 0.375000 0.255693
vt 0.375000 0.255363
vt 0.130363 0.500000
vt 0.862500 0.511647
vt 0.863357 0.511637
vt 0.863353 0.512500
vt 0.862500 0.510798
vt 0.863359 0.510771
vt 0.862500 0.509957
vt 0.863362 0.509914
vt 0.862500 0.509127
vt 0.863365 0.509072
vt 0.862500 0.508314
vt 0.863367 0.508252
vt 0.862500 0.507520
vt 0.863369 0.507459
vt 0.862500 0.506749
vt 0.863370 0.506695
vt 0.862500 0.506005
vt 0.863370 0.505963
vt 0.862500 0.505292
vt 0.863370 0.505266
vt 0.862500 0.504611
vt 0.863370 0.504606
vt 0.862500 0.503968
vt 0.863371 0.503983
vt 0.862500 0.500000
vt 0.863371 0.500000
vt 0.864220 0.511631
vt 0.864202 0.512500
vt 0.864231 0.510752
vt 0.864239 0.509882
vt 0.864243 0.509032
vt 0.864245 0.508210
vt 0.864245 0.507422
vt 0.864243 0.506669
vt 0.864240 0.505953
vt 0.864238 0.505276
vt 0.864235 0.504638
vt 0.864234 0.504038
vt 0.864236 0.500000
vt 0.865077 0.511627
vt 0.865043 0.512500
vt 0.865099 0.510741
vt 0.865113 0.509863
vt 0.865118 0.509010
vt 0.865117 0.508190
vt 0.865111 0.507410
vt 0.865102 0.506671
vt 0.865091 0.505974
vt 0.865081 0.505319
vt 0.865073 0.504705
vt 0.865070 0.504130
vt 0.865072 0.500000
vt 0.865919 0.511625
vt 0.865873 0.512500
vt 0.865951 0.510736
vt 0.865968 0.509856
vt 0.865972 0.509004
vt 0.865963 0.508190
vt 0.865948 0.507422
vt 0.865927 0.506699
vt 0.865904 0.506022
vt 0.865884 0.505391
vt 0.865867 0.504802
vt 0.865860 0.504252
vt 0.865862 0.500000
vt 0.866742 0.511624
vt 0.866686 0.512500
vt 0.866779 0.510735
vt 0.866795 0.509858
vt 0.866792 0.509012
vt 0.866773 0.508207
vt 0.866744 0.507454
vt 0.866708 0.506749
vt 0.866670 0.506094
vt 0.866637 0.505488
vt 0.866610 0.504924
vt 0.866596 0.504401
vt 0.866598 0.500000
vt 0.867539 0.511624
vt 0.867480 0.512500
vt 0.867573 0.510738
vt 0.867583 0.509866
vt 0.867568 0.509029
vt 0.867535 0.508237
vt 0.867488 0.507500
vt 0.867433 0.506816
vt 0.867376 0.506183
vt 0.867327 0.505601
vt 0.867287 0.505063
vt 0.867267 0.504566
vt 0.867268 0.500000
vt 0.868306 0.511624
vt 0.868251 0.512500
vt 0.868332 0.510742
vt 0.868329 0.509879
vt 0.868299 0.509053
vt 0.868246 0.508275
vt 0.868179 0.507556
vt 0.868101 0.506893
vt 0.868024 0.506283
vt 0.867957 0.505726
vt 0.867903 0.505212
vt 0.867875 0.504741
vt 0.867875 0.500000
vt 0.869040 0.511625
vt 0.868995 0.512500
vt 0.869053 0.510748
vt 0.869032 0.509893
vt 0.868981 0.509080
vt 0.868906 0.508316
vt 0.868815 0.507615
vt 0.868715 0.506971
vt 0.868615 0.506383
vt 0.868527 0.505850
vt 0.868455 0.505362
vt 0.868418 0.504920
vt 0.868418 0.500000
vt 0.869739 0.511626
vt 0.869708 0.512500
vt 0.869733 0.510754
vt 0.869690 0.509907
vt 0.869616 0.509104
vt 0.869516 0.508354
vt 0.869400 0.507667
vt 0.869275 0.507040
vt 0.869150 0.506472
vt 0.869038 0.505962
vt 0.868945 0.505502
vt 0.868894 0.505091
vt 0.868894 0.500000
vt 0.870401 0.511627
vt 0.870389 0.512500
vt 0.870372 0.510760
vt 0.870306 0.509920
vt 0.870207 0.509126
vt 0.870082 0.508385
vt 0.869940 0.507709
vt 0.869789 0.507095
vt 0.869639 0.506543
vt 0.869499 0.506055
vt 0.869378 0.505622
vt 0.869307 0.505248
vt 0.869307 0.500000
vt 0.871024 0.511629
vt 0.871032 0.512500
vt 0.870972 0.510764
vt 0.870881 0.509928
vt 0.870757 0.509138
vt 0.870606 0.508402
vt 0.870438 0.507732
vt 0.870261 0.507125
vt 0.870081 0.506582
vt 0.869909 0.506106
vt 0.869752 0.505693
vt 0.869637 0.505363
vt 0.869637 0.500000
vt 0.612500 0.261647
vt 0.613357 0.261637
vt 0.613353 0.262500
vt 0.612500 0.260798
vt 0.613359 0.260771
vt 0.612500 0.259957
vt 0.613362 0.259914
vt 0.612500 0.259128
vt 0.613365 0.259072
vt 0.612500 0.258314
vt 0.613367 0.258252
vt 0.612500 0.257520
vt 0.613369 0.257459
vt 0.612500 0.256749
vt 0.613370 0.256695
vt 0.612500 0.256005
vt 0.613370 0.255964
vt 0.612500 0.255291
vt 0.613370 0.255266
vt 0.612500 0.254611
vt 0.613370 0.254606
vt 0.612500 0.253968
vt 0.613371 0.253983
vt 0.612500 0.246032
vt 0.613371 0.246024
vt 0.614220 0.261631
vt 0.614202 0.262500
vt 0.614231 0.260752
vt 0.614239 0.259882
vt 0.614243 0.259032
vt 0.614245 0.258210
vt 0.614245 0.257422
vt 0.614243 0.256669
vt 0.614240 0.255953
vt 0.614237 0.255276
vt 0.614235 0.254638
vt 0.614234 0.254038
vt 0.614236 0.245972
vt 0.615077 0.261628
vt 0.615043 0.262500
vt 0.615099 0.260741
vt 0.615113 0.259863
vt 0.615118 0.259010
vt 0.615117 0.258190
vt 0.615111 0.257410
vt 0.615102 0.256671
vt 0.615091 0.255974
vt 0.615081 0.255319
vt 0.615073 0.254705
vt 0.615070 0.254129
vt 0.615072 0.245881
vt 0.615919 0.261625
vt 0.615873 0.262500
vt 0.615951 0.260736
vt 0.615968 0.259856
vt 0.615972 0.259004
vt 0.615963 0.258190
vt 0.615948 0.257422
vt 0.615927 0.256699
vt 0.615904 0.256022
vt 0.615884 0.255391
vt 0.615867 0.254802
vt 0.615860 0.254252
vt 0.615862 0.245757
vt 0.616742 0.261624
vt 0.616686 0.262500
vt 0.616779 0.260735
vt 0.616795 0.259858
vt 0.616792 0.259012
vt 0.616773 0.258207
vt 0.616744 0.257454
vt 0.616708 0.256749
vt 0.616670 0.256094
vt 0.616637 0.255488
vt 0.616610 0.254924
vt 0.616596 0.254401
vt 0.616598 0.245606
vt 0.617539 0.261624
vt 0.617480 0.262500
vt 0.617573 0.260738
vt 0.617583 0.259866
vt 0.617568 0.259029
vt 0.617535 0.258237
vt 0.617488 0.257500
vt 0.617433 0.256816
vt 0.617376 0.256183
vt 0.617327 0.255601
vt 0.617287 0.255063
vt 0.617267 0.254566
vt 0.617268 0.245438
vt 0.618306 0.261624
vt 0.618251 0.262500
vt 0.618332 0.260742
vt 0.618329 0.259879
vt 0.618299 0.259053
vt 0.618246 0.258275
vt 0.618179 0.257556
vt 0.618101 0.256893
vt 0.618024 0.256283
vt 0.617956 0.255726
vt 0.617903 0.255212
vt 0.617875 0.254741
vt 0.617875 0.245261
vt 0.619040 0.261625
vt 0.618995 0.262500
vt 0.619053 0.260748
vt 0.619032 0.259893
vt 0.618981 0.259080
vt 0.618906 0.258316
vt 0.618815 0.257615
vt 0.618715 0.256971
vt 0.618615 0.256383
vt 0.618527 0.255850
vt 0.618455 0.255362
vt 0.618418 0.254920
vt 0.618418 0.245081
vt 0.619739 0.261626
vt 0.619709 0.262500
vt 0.619733 0.260754
vt 0.619690 0.259907
vt 0.619616 0.259104
vt 0.619516 0.258354
vt 0.619400 0.257667
vt 0.619275 0.257040
vt 0.619150 0.256472
vt 0.619038 0.255962
vt 0.618945 0.255502
vt 0.618894 0.255091
vt 0.618894 0.244909
vt 0.620401 0.261627
vt 0.620389 0.262500
vt 0.620372 0.260760
vt 0.620306 0.259920
vt 0.620207 0.259126
vt 0.620082 0.258385
vt 0.619940 0.257709
vt 0.619789 0.257095
vt 0.619639 0.256543
vt 0.619498 0.256055
vt 0.619378 0.255622
vt 0.619307 0.255248
vt 0.619307 0.244752
vt 0.621024 0.261629
vt 0.621032 0.262500
vt 0.620972 0.260764
vt 0.620881 0.259928
vt 0.620757 0.259138
vt 0.620606 0.258402
vt 0.620438 0.257732
vt 0.620261 0.257125
vt 0.620081 0.256582
vt 0.619909 0.256106
vt 0.619752 0.255693
vt 0.619637 0.255363
vt 0.619637 0.244637
vt 0.613353 0.237500
vt 0.613363 0.238357
vt 0.612500 0.238353
vt 0.614202 0.237500
vt 0.614229 0.238359
vt 0.615043 0.237500
vt 0.615086 0.238362
vt 0.615872 0.237500
vt 0.615928 0.238364
vt 0.616686 0.237500
vt 0.616748 0.238367
vt 0.617480 0.237500
vt 0.617541 0.238369
vt 0.618251 0.237500
vt 0.618305 0.238370
vt 0.618995 0.237500
vt 0.619037 0.238370
vt 0.619709 0.237500
vt 0.619734 0.238370
vt 0.620389 0.237500
vt 0.620394 0.238370
vt 0.621032 0.237500
vt 0.621017 0.238371
vt 0.625000 0.237500
vt 0.625000 0.238371
vt 0.613369 0.239220
vt 0.612500 0.239202
vt 0.614248 0.239231
vt 0.615118 0.239239
vt 0.615968 0.239243
vt 0.616789 0.239245
vt 0.617578 0.239245
vt 0.618331 0.239243
vt 0.619047 0.239240
vt 0.619724 0.239238
vt 0.620362 0.239235
vt 0.620962 0.239234
vt 0.625000 0.239236
vt 0.613372 0.240077
vt 0.612500 0.240043
vt 0.614259 0.240099
vt 0.615137 0.240113
vt 0.615990 0.240118
vt 0.616810 0.240117
vt 0.617590 0.240111
vt 0.618329 0.240102
vt 0.619026 0.240091
vt 0.619681 0.240081
vt 0.620295 0.240073
vt 0.620870 0.240070
vt 0.625000 0.240072
vt 0.613375 0.240920
vt 0.612500 0.240872
vt 0.614264 0.240951
vt 0.615144 0.240968
vt 0.615996 0.240972
vt 0.616810 0.240963
vt 0.617578 0.240948
vt 0.618301 0.240927
vt 0.618978 0.240904
vt 0.619609 0.240884
vt 0.620198 0.240867
vt 0.620748 0.240860
vt 0.625000 0.240862
vt 0.613376 0.241742
vt 0.612500 0.241686
vt 0.614264 0.241779
vt 0.615142 0.241795
vt 0.615988 0.241792
vt 0.616793 0.241774
vt 0.617546 0.241744
vt 0.618251 0.241708
vt 0.618906 0.241670
vt 0.619512 0.241637
vt 0.620076 0.241610
vt 0.620599 0.241596
vt 0.625000 0.241598
vt 0.613376 0.242539
vt 0.612500 0.242480
vt 0.614262 0.242573
vt 0.615134 0.242583
vt 0.615971 0.242568
vt 0.616763 0.242535
vt 0.617500 0.242488
vt 0.618184 0.242433
vt 0.618817 0.242376
vt 0.619399 0.242327
vt 0.619937 0.242287
vt 0.620434 0.242267
vt 0.625000 0.242268
vt 0.613376 0.243306
vt 0.612500 0.243251
vt 0.614258 0.243332
vt 0.615121 0.243329
vt 0.615947 0.243299
vt 0.616725 0.243246
vt 0.617444 0.243179
vt 0.618107 0.243101
vt 0.618717 0.243024
vt 0.619274 0.242957
vt 0.619788 0.242902
vt 0.620259 0.242875
vt 0.625000 0.242875
vt 0.613375 0.244040
vt 0.612500 0.243995
vt 0.614252 0.244053
vt 0.615107 0.244032
vt 0.615920 0.243981
vt 0.616683 0.243906
vt 0.617385 0.243815
vt 0.618029 0.243715
vt 0.618617 0.243615
vt 0.619150 0.243527
vt 0.619638 0.243455
vt 0.620080 0.243418
vt 0.625000 0.243418
vt 0.613374 0.244739
vt 0.612500 0.244709
vt 0.614246 0.244733
vt 0.615093 0.244690
vt 0.615896 0.244616
vt 0.616646 0.244516
vt 0.617333 0.244400
vt 0.617960 0.244275
vt 0.618528 0.244150
vt 0.619038 0.244038
vt 0.619498 0.243945
vt 0.619909 0.243894
vt 0.625000 0.243894
vt 0.613373 0.245401
vt 0.612500 0.245389
vt 0.614240 0.245372
vt 0.615080 0.245306
vt 0.615874 0.245207
vt 0.616615 0.245082
vt 0.617291 0.244940
vt 0.617905 0.244789
vt 0.618457 0.244638
vt 0.618945 0.244498
vt 0.619378 0.244378
vt 0.619752 0.244307
vt 0.625000 0.244307
vt 0.625000 0.244637
vt 0.875000 0.505363
vt 0.362500 0.737500
vt 0.363353 0.737500
vt 0.363363 0.738357
vt 0.362500 0.738353
vt 0.364202 0.737500
vt 0.364229 0.738360
vt 0.365043 0.737500
vt 0.365086 0.738362
vt 0.365873 0.737500
vt 0.365928 0.738364
vt 0.366686 0.737500
vt 0.366748 0.738367
vt 0.367480 0.737500
vt 0.367541 0.738369
vt 0.368251 0.737500
vt 0.368305 0.738370
vt 0.368995 0.737500
vt 0.369037 0.738370
vt 0.369709 0.737500
vt 0.369734 0.738370
vt 0.370389 0.737500
vt 0.370394 0.738370
vt 0.371032 0.737500
vt 0.371017 0.738371
vt 0.378968 0.737500
vt 0.378976 0.738371
vt 0.363369 0.739220
vt 0.362500 0.739202
vt 0.364248 0.739231
vt 0.365118 0.739239
vt 0.365968 0.739243
vt 0.366790 0.739245
vt 0.367578 0.739245
vt 0.368331 0.739243
vt 0.369047 0.739240
vt 0.369724 0.739238
vt 0.370362 0.739235
vt 0.370962 0.739234
vt 0.379028 0.739236
vt 0.363372 0.740077
vt 0.362500 0.740043
vt 0.364259 0.740099
vt 0.365137 0.740113
vt 0.365990 0.740118
vt 0.366810 0.740117
vt 0.367590 0.740111
vt 0.368329 0.740102
vt 0.369026 0.740091
vt 0.369681 0.740081
vt 0.370295 0.740073
vt 0.370871 0.740070
vt 0.379119 0.740072
vt 0.363375 0.740920
vt 0.362500 0.740873
vt 0.364264 0.740951
vt 0.365144 0.740968
vt 0.365996 0.740972
vt 0.366810 0.740963
vt 0.367578 0.740948
vt 0.368301 0.740927
vt 0.368978 0.740904
vt 0.369609 0.740884
vt 0.370198 0.740867
vt 0.370748 0.740860
vt 0.379243 0.740862
vt 0.363376 0.741742
vt 0.362500 0.741686
vt 0.364264 0.741779
vt 0.365142 0.741795
vt 0.365988 0.741792
vt 0.366793 0.741774
vt 0.367546 0.741744
vt 0.368251 0.741708
vt 0.368906 0.741670
vt 0.369512 0.741637
vt 0.370076 0.741609
vt 0.370599 0.741596
vt 0.379394 0.741598
vt 0.363376 0.742539
vt 0.362500 0.742480
vt 0.364262 0.742573
vt 0.365134 0.742583
vt 0.365971 0.742568
vt 0.366763 0.742535
vt 0.367500 0.742488
vt 0.368184 0.742433
vt 0.368817 0.742376
vt 0.369399 0.742327
vt 0.369937 0.742287
vt 0.370434 0.742267
vt 0.379562 0.742268
vt 0.363376 0.743306
vt 0.362500 0.743251
vt 0.364258 0.743332
vt 0.365121 0.743329
vt 0.365947 0.743299
vt 0.366725 0.743246
vt 0.367444 0.743179
vt 0.368107 0.743101
vt 0.368717 0.743024
vt 0.369274 0.742957
vt 0.369788 0.742902
vt 0.370259 0.742875
vt 0.379739 0.742875
vt 0.363375 0.744040
vt 0.362500 0.743995
vt 0.364252 0.744053
vt 0.365107 0.744032
vt 0.365920 0.743981
vt 0.366684 0.743906
vt 0.367385 0.743815
vt 0.368029 0.743715
vt 0.368617 0.743615
vt 0.369150 0.743527
vt 0.369638 0.743455
vt 0.370080 0.743418
vt 0.379919 0.743418
vt 0.363374 0.744739
vt 0.362500 0.744708
vt 0.364246 0.744732
vt 0.365093 0.744690
vt 0.365896 0.744616
vt 0.366646 0.744516
vt 0.367333 0.744400
vt 0.367960 0.744275
vt 0.368528 0.744150
vt 0.369038 0.744038
vt 0.369498 0.743945
vt 0.369909 0.743894
vt 0.380091 0.743894
vt 0.363373 0.745401
vt 0.362500 0.745389
vt 0.364240 0.745372
vt 0.365080 0.745306
vt 0.365874 0.745207
vt 0.366615 0.745082
vt 0.367291 0.744940
vt 0.367905 0.744789
vt 0.368457 0.744638
vt 0.368945 0.744498
vt 0.369378 0.744378
vt 0.369752 0.744307
vt 0.380248 0.744307
vt 0.363371 0.746024
vt 0.362500 0.746032
vt 0.364236 0.745972
vt 0.365072 0.745881
vt 0.365862 0.745757
vt 0.366598 0.745606
vt 0.367268 0.745438
vt 0.367875 0.745261
vt 0.368418 0.745081
vt 0.368894 0.744909
vt 0.369307 0.744752
vt 0.369637 0.744637
vt 0.380363 0.744637
vt 0.387500 0.738353
vt 0.386643 0.738363
vt 0.386647 0.737500
vt 0.387500 0.739202
vt 0.386641 0.739229
vt 0.387500 0.740043
vt 0.386638 0.740087
vt 0.387500 0.740872
vt 0.386636 0.740928
vt 0.387500 0.741686
vt 0.386633 0.741748
vt 0.387500 0.742480
vt 0.386631 0.742541
vt 0.387500 0.743251
vt 0.386630 0.743305
vt 0.387500 0.743995
vt 0.386630 0.744037
vt 0.387500 0.744708
vt 0.386630 0.744734
vt 0.387500 0.745389
vt 0.386630 0.745394
vt 0.387500 0.746032
vt 0.386629 0.746017
vt 0.387500 0.753968
vt 0.386629 0.753976
vt 0.385780 0.738369
vt 0.385798 0.737500
vt 0.385769 0.739248
vt 0.385761 0.740118
vt 0.385757 0.740968
vt 0.385755 0.741789
vt 0.385755 0.742578
vt 0.385757 0.743331
vt 0.385760 0.744047
vt 0.385762 0.744724
vt 0.385765 0.745362
vt 0.385766 0.745962
vt 0.385764 0.754028
vt 0.384923 0.738373
vt 0.384957 0.737500
vt 0.384901 0.739259
vt 0.384887 0.740137
vt 0.384882 0.740990
vt 0.384883 0.741810
vt 0.384889 0.742590
vt 0.384898 0.743329
vt 0.384909 0.744026
vt 0.384919 0.744681
vt 0.384927 0.745295
vt 0.384930 0.745870
vt 0.384928 0.754119
vt 0.384080 0.738375
vt 0.384128 0.737500
vt 0.384049 0.739264
vt 0.384032 0.740144
vt 0.384028 0.740996
vt 0.384037 0.741810
vt 0.384052 0.742578
vt 0.384073 0.743301
vt 0.384096 0.743978
vt 0.384116 0.744609
vt 0.384133 0.745198
vt 0.384140 0.745748
vt 0.384138 0.754243
vt 0.383258 0.738376
vt 0.383314 0.737500
vt 0.383221 0.739264
vt 0.383205 0.740142
vt 0.383208 0.740988
vt 0.383226 0.741793
vt 0.383256 0.742546
vt 0.383292 0.743251
vt 0.383330 0.743906
vt 0.383363 0.744512
vt 0.383390 0.745076
vt 0.383404 0.745599
vt 0.383402 0.754394
vt 0.382461 0.738376
vt 0.382520 0.737500
vt 0.382427 0.739262
vt 0.382417 0.740134
vt 0.382431 0.740971
vt 0.382465 0.741763
vt 0.382512 0.742500
vt 0.382567 0.743184
vt 0.382624 0.743817
vt 0.382673 0.744399
vt 0.382713 0.744937
vt 0.382733 0.745434
vt 0.382732 0.754562
vt 0.381694 0.738376
vt 0.381749 0.737500
vt 0.381668 0.739258
vt 0.381671 0.740121
vt 0.381701 0.740947
vt 0.381754 0.741725
vt 0.381821 0.742444
vt 0.381899 0.743107
vt 0.381976 0.743717
vt 0.382044 0.744274
vt 0.382098 0.744788
vt 0.382125 0.745259
vt 0.382125 0.754739
vt 0.380960 0.738375
vt 0.381005 0.737500
vt 0.380947 0.739252
vt 0.380968 0.740106
vt 0.381019 0.740920
vt 0.381094 0.741683
vt 0.381185 0.742385
vt 0.381285 0.743029
vt 0.381385 0.743617
vt 0.381473 0.744150
vt 0.381545 0.744638
vt 0.381582 0.745080
vt 0.381582 0.754919
vt 0.380261 0.738374
vt 0.380291 0.737500
vt 0.380267 0.739246
vt 0.380310 0.740093
vt 0.380384 0.740896
vt 0.380484 0.741646
vt 0.380600 0.742333
vt 0.380725 0.742960
vt 0.380850 0.743528
vt 0.380962 0.744038
vt 0.381055 0.744498
vt 0.381106 0.744909
vt 0.381106 0.755091
vt 0.379599 0.738373
vt 0.379611 0.737500
vt 0.379628 0.739240
vt 0.379694 0.740080
vt 0.379793 0.740874
vt 0.379918 0.741615
vt 0.380060 0.742291
vt 0.380211 0.742905
vt 0.380362 0.743457
vt 0.380501 0.743945
vt 0.380622 0.744378
vt 0.380693 0.744752
vt 0.380693 0.755248
vt 0.380363 0.755363
vt 0.386647 0.762500
vt 0.386637 0.761643
vt 0.387500 0.761647
vt 0.385798 0.762500
vt 0.385771 0.761640
vt 0.384957 0.762500
vt 0.384914 0.761638
vt 0.384128 0.762500
vt 0.384072 0.761635
vt 0.383314 0.762500
vt 0.383252 0.761633
vt 0.382520 0.762500
vt 0.382459 0.761631
vt 0.381749 0.762500
vt 0.381695 0.761630
vt 0.381005 0.762500
vt 0.380964 0.761630
vt 0.380291 0.762500
vt 0.380266 0.761630
vt 0.379611 0.762500
vt 0.379606 0.761630
vt 0.378968 0.762500
vt 0.378983 0.761629
vt 0.375000 0.762500
vt 0.375000 0.761629
vt 0.386631 0.760780
vt 0.387500 0.760798
vt 0.385752 0.760769
vt 0.384882 0.760761
vt 0.384032 0.760757
vt 0.383210 0.760755
vt 0.382422 0.760755
vt 0.381669 0.760757
vt 0.380953 0.760760
vt 0.380276 0.760762
vt 0.379638 0.760765
vt 0.379038 0.760766
vt 0.375000 0.760764
vt 0.386628 0.759923
vt 0.387500 0.759957
vt 0.385741 0.759901
vt 0.384863 0.759887
vt 0.384010 0.759882
vt 0.383190 0.759883
vt 0.382410 0.759889
vt 0.381671 0.759899
vt 0.380974 0.759909
vt 0.380319 0.759919
vt 0.379705 0.759927
vt 0.379129 0.759930
vt 0.375000 0.759928
vt 0.386625 0.759081
vt 0.387500 0.759127
vt 0.385736 0.759049
vt 0.384856 0.759032
vt 0.384004 0.759028
vt 0.383190 0.759037
vt 0.382422 0.759052
vt 0.381699 0.759073
vt 0.381022 0.759096
vt 0.380391 0.759116
vt 0.379802 0.759133
vt 0.379252 0.759140
vt 0.375000 0.759138
vt 0.386624 0.758258
vt 0.387500 0.758314
vt 0.385735 0.758221
vt 0.384858 0.758205
vt 0.384012 0.758208
vt 0.383207 0.758227
vt 0.382454 0.758256
vt 0.381749 0.758292
vt 0.381094 0.758330
vt 0.380488 0.758363
vt 0.379924 0.758390
vt 0.379401 0.758404
vt 0.375000 0.758402
vt 0.386624 0.757461
vt 0.387500 0.757520
vt 0.385738 0.757427
vt 0.384866 0.757417
vt 0.384029 0.757432
vt 0.383237 0.757465
vt 0.382500 0.757512
vt 0.381816 0.757567
vt 0.381183 0.757624
vt 0.380601 0.757673
vt 0.380063 0.757713
vt 0.379566 0.757733
vt 0.375000 0.757732
vt 0.386624 0.756694
vt 0.387500 0.756749
vt 0.385742 0.756668
vt 0.384879 0.756671
vt 0.384053 0.756701
vt 0.383275 0.756754
vt 0.382556 0.756821
vt 0.381893 0.756899
vt 0.381283 0.756976
vt 0.380726 0.757044
vt 0.380212 0.757098
vt 0.379741 0.757125
vt 0.375000 0.757125
vt 0.386625 0.755960
vt 0.387500 0.756005
vt 0.385748 0.755947
vt 0.384893 0.755968
vt 0.384080 0.756019
vt 0.383316 0.756094
vt 0.382615 0.756185
vt 0.381971 0.756285
vt 0.381383 0.756385
vt 0.380850 0.756473
vt 0.380362 0.756544
vt 0.379920 0.756582
vt 0.375000 0.756582
vt 0.386626 0.755261
vt 0.387500 0.755291
vt 0.385754 0.755267
vt 0.384907 0.755310
vt 0.384104 0.755384
vt 0.383354 0.755484
vt 0.382667 0.755600
vt 0.382040 0.755725
vt 0.381472 0.755850
vt 0.380962 0.755962
vt 0.380502 0.756055
vt 0.380091 0.756106
vt 0.375000 0.756106
vt 0.386627 0.754599
vt 0.387500 0.754611
vt 0.385760 0.754628
vt 0.384920 0.754694
vt 0.384126 0.754793
vt 0.383385 0.754918
vt 0.382709 0.755060
vt 0.382095 0.755211
vt 0.381543 0.755362
vt 0.381055 0.755502
vt 0.380622 0.755622
vt 0.380248 0.755693
vt 0.375000 0.755693
vt 0.375000 0.755363
vt 0.375000 0.744637
vt 0.369637 0.750000
vt 0.637500 0.738353
vt 0.636643 0.738363
vt 0.636647 0.737500
vt 0.637500 0.739202
vt 0.636640 0.739229
vt 0.637500 0.740043
vt 0.636638 0.740087
vt 0.637500 0.740872
vt 0.636636 0.740928
vt 0.637500 0.741686
vt 0.636633 0.741748
vt 0.637500 0.742480
vt 0.636631 0.742541
vt 0.637500 0.743251
vt 0.636630 0.743305
vt 0.637500 0.743995
vt 0.636630 0.744037
vt 0.637500 0.744708
vt 0.636630 0.744734
vt 0.637500 0.745389
vt 0.636630 0.745394
vt 0.637500 0.746032
vt 0.636629 0.746017
vt 0.637500 0.750000
vt 0.636629 0.750000
vt 0.635780 0.738369
vt 0.635798 0.737500
vt 0.635769 0.739248
vt 0.635761 0.740118
vt 0.635757 0.740968
vt 0.635755 0.741789
vt 0.635755 0.742578
vt 0.635757 0.743331
vt 0.635760 0.744047
vt 0.635762 0.744724
vt 0.635765 0.745362
vt 0.635766 0.745962
vt 0.635764 0.750000
vt 0.634923 0.738373
vt 0.634957 0.737500
vt 0.634901 0.739259
vt 0.634887 0.740137
vt 0.634882 0.740990
vt 0.634883 0.741810
vt 0.634889 0.742590
vt 0.634899 0.743329
vt 0.634909 0.744026
vt 0.634919 0.744681
vt 0.634927 0.745295
vt 0.634930 0.745870
vt 0.634928 0.750000
vt 0.634081 0.738375
vt 0.634128 0.737500
vt 0.634049 0.739264
vt 0.634032 0.740144
vt 0.634028 0.740996
vt 0.634037 0.741810
vt 0.634052 0.742578
vt 0.634073 0.743301
vt 0.634096 0.743978
vt 0.634116 0.744609
vt 0.634133 0.745198
vt 0.634140 0.745747
vt 0.634138 0.750000
vt 0.633258 0.738376
vt 0.633314 0.737500
vt 0.633221 0.739264
vt 0.633205 0.740142
vt 0.633208 0.740988
vt 0.633226 0.741793
vt 0.633256 0.742546
vt 0.633292 0.743251
vt 0.633330 0.743906
vt 0.633363 0.744512
vt 0.633390 0.745076
vt 0.633404 0.745599
vt 0.633402 0.750000
vt 0.632461 0.738376
vt 0.632520 0.737500
vt 0.632427 0.739262
vt 0.632417 0.740134
vt 0.632432 0.740971
vt 0.632465 0.741763
vt 0.632512 0.742500
vt 0.632567 0.743184
vt 0.632624 0.743817
vt 0.632673 0.744399
vt 0.632713 0.744937
vt 0.632733 0.745434
vt 0.632732 0.750000
vt 0.631694 0.738376
vt 0.631749 0.737500
vt 0.631668 0.739258
vt 0.631671 0.740121
vt 0.631701 0.740947
vt 0.631754 0.741725
vt 0.631821 0.742444
vt 0.631899 0.743107
vt 0.631976 0.743717
vt 0.632044 0.744274
vt 0.632098 0.744788
vt 0.632125 0.745259
vt 0.632125 0.750000
vt 0.630960 0.738375
vt 0.631005 0.737500
vt 0.630947 0.739252
vt 0.630968 0.740106
vt 0.631019 0.740920
vt 0.631094 0.741683
vt 0.631185 0.742385
vt 0.631285 0.743029
vt 0.631385 0.743617
vt 0.631473 0.744150
vt 0.631545 0.744638
vt 0.631582 0.745080
vt 0.631582 0.750000
vt 0.630261 0.738374
vt 0.630291 0.737500
vt 0.630267 0.739246
vt 0.630310 0.740093
vt 0.630384 0.740896
vt 0.630484 0.741646
vt 0.630600 0.742333
vt 0.630725 0.742960
vt 0.630850 0.743528
vt 0.630962 0.744038
vt 0.631055 0.744498
vt 0.631106 0.744909
vt 0.631106 0.750000
vt 0.629599 0.738373
vt 0.629611 0.737500
vt 0.629628 0.739240
vt 0.629694 0.740080
vt 0.629793 0.740874
vt 0.629918 0.741615
vt 0.630060 0.742291
vt 0.630211 0.742905
vt 0.630362 0.743457
vt 0.630502 0.743945
vt 0.630622 0.744378
vt 0.630693 0.744752
vt 0.630693 0.750000
vt 0.628976 0.738371
vt 0.628968 0.737500
vt 0.629028 0.739236
vt 0.629119 0.740072
vt 0.629243 0.740862
vt 0.629394 0.741598
vt 0.629562 0.742268
vt 0.629739 0.742875
vt 0.629919 0.743418
vt 0.630091 0.743894
vt 0.630248 0.744307
vt 0.630363 0.744637
vt 0.630363 0.750000
vt 0.612500 0.761647
vt 0.613357 0.761637
vt 0.613353 0.762500
vt 0.612500 0.760798
vt 0.613359 0.760771
vt 0.612500 0.759957
vt 0.613362 0.759914
vt 0.612500 0.759127
vt 0.613365 0.759072
vt 0.612500 0.758314
vt 0.613367 0.758252
vt 0.612500 0.757520
vt 0.613369 0.757459
vt 0.612500 0.756749
vt 0.613370 0.756695
vt 0.612500 0.756005
vt 0.613370 0.755964
vt 0.612500 0.755291
vt 0.613370 0.755266
vt 0.612500 0.754611
vt 0.613370 0.754606
vt 0.612500 0.753968
vt 0.613371 0.753983
vt 0.612500 0.746032
vt 0.613371 0.746024
vt 0.614220 0.761631
vt 0.614202 0.762500
vt 0.614231 0.760752
vt 0.614239 0.759882
vt 0.614243 0.759032
vt 0.614245 0.758210
vt 0.614245 0.757422
vt 0.614243 0.756669
vt 0.614240 0.755953
vt 0.614237 0.755276
vt 0.614235 0.754638
vt 0.614234 0.754038
vt 0.614236 0.745972
vt 0.615077 0.761627
vt 0.615043 0.762500
vt 0.615099 0.760741
vt 0.615113 0.759863
vt 0.615118 0.759010
vt 0.615117 0.758190
vt 0.615111 0.757410
vt 0.615102 0.756671
vt 0.615091 0.755974
vt 0.615081 0.755319
vt 0.615073 0.754705
vt 0.615070 0.754130
vt 0.615072 0.745881
vt 0.615919 0.761625
vt 0.615873 0.762500
vt 0.615951 0.760736
vt 0.615968 0.759856
vt 0.615972 0.759004
vt 0.615963 0.758190
vt 0.615948 0.757422
vt 0.615927 0.756699
vt 0.615904 0.756022
vt 0.615884 0.755391
vt 0.615867 0.754802
vt 0.615860 0.754252
vt 0.615862 0.745757
vt 0.616742 0.761624
vt 0.616686 0.762500
vt 0.616779 0.760735
vt 0.616795 0.759858
vt 0.616792 0.759012
vt 0.616773 0.758207
vt 0.616744 0.757454
vt 0.616708 0.756749
vt 0.616670 0.756094
vt 0.616637 0.755488
vt 0.616610 0.754924
vt 0.616596 0.754401
vt 0.616598 0.745606
vt 0.617539 0.761624
vt 0.617480 0.762500
vt 0.617573 0.760738
vt 0.617583 0.759866
vt 0.617568 0.759029
vt 0.617535 0.758237
vt 0.617488 0.757500
vt 0.617433 0.756816
vt 0.617376 0.756183
vt 0.617327 0.755601
vt 0.617287 0.755063
vt 0.617267 0.754566
vt 0.617268 0.745438
vt 0.618306 0.761624
vt 0.618251 0.762500
vt 0.618332 0.760742
vt 0.618329 0.759879
vt 0.618299 0.759053
vt 0.618246 0.758275
vt 0.618179 0.757556
vt 0.618101 0.756893
vt 0.618024 0.756283
vt 0.617956 0.755726
vt 0.617903 0.755212
vt 0.617875 0.754741
vt 0.617875 0.745261
vt 0.619040 0.761625
vt 0.618995 0.762500
vt 0.619053 0.760748
vt 0.619032 0.759893
vt 0.618981 0.759080
vt 0.618906 0.758316
vt 0.618815 0.757615
vt 0.618715 0.756971
vt 0.618615 0.756383
vt 0.618527 0.755850
vt 0.618455 0.755362
vt 0.618418 0.754920
vt 0.618418 0.745081
vt 0.619739 0.761626
vt 0.619709 0.762500
vt 0.619733 0.760754
vt 0.619690 0.759907
vt 0.619616 0.759104
vt 0.619516 0.758354
vt 0.619400 0.757667
vt 0.619275 0.757040
vt 0.619150 0.756472
vt 0.619038 0.755962
vt 0.618945 0.755502
vt 0.618894 0.755091
vt 0.618894 0.744909
vt 0.620401 0.761627
vt 0.620389 0.762500
vt 0.620372 0.760760
vt 0.620306 0.759920
vt 0.620207 0.759126
vt 0.620082 0.758385
vt 0.619940 0.757709
vt 0.619789 0.757095
vt 0.619639 0.756543
vt 0.619498 0.756055
vt 0.619378 0.755622
vt 0.619307 0.755248
vt 0.619307 0.744752
vt 0.621024 0.761629
vt 0.621032 0.762500
vt 0.620972 0.760764
vt 0.620881 0.759928
vt 0.620757 0.759138
vt 0.620606 0.758402
vt 0.620438 0.757732
vt 0.620261 0.757125
vt 0.620081 0.756582
vt 0.619909 0.756106
vt 0.619752 0.755693
vt 0.619637 0.755363
vt 0.619637 0.744637
vt 0.613353 0.737500
vt 0.613363 0.738357
vt 0.612500 0.738353
vt 0.614202 0.737500
vt 0.614229 0.738360
vt 0.615043 0.737500
vt 0.615086 0.738362
vt 0.615872 0.737500
vt 0.615928 0.738364
vt 0.616686 0.737500
vt 0.616748 0.738367
vt 0.617480 0.737500
vt 0.617541 0.738369
vt 0.618251 0.737500
vt 0.618305 0.738370
vt 0.618995 0.737500
vt 0.619037 0.738370
vt 0.619709 0.737500
vt 0.619734 0.738370
vt 0.620389 0.737500
vt 0.620394 0.738370
vt 0.621032 0.737500
vt 0.621017 0.738371
vt 0.613369 0.739220
vt 0.612500 0.739202
vt 0.614248 0.739231
vt 0.615118 0.739239
vt 0.615968 0.739243
vt 0.616789 0.739245
vt 0.617578 0.739245
vt 0.618331 0.739243
vt 0.619047 0.739240
vt 0.619724 0.739238
vt 0.620362 0.739235
vt 0.620962 0.739234
vt 0.613372 0.740077
vt 0.612500 0.740043
vt 0.614259 0.740099
vt 0.615137 0.740113
vt 0.615990 0.740118
vt 0.616810 0.740117
vt 0.617590 0.740111
vt 0.618329 0.740102
vt 0.619026 0.740091
vt 0.619681 0.740081
vt 0.620295 0.740073
vt 0.620870 0.740070
vt 0.613375 0.740920
vt 0.612500 0.740873
vt 0.614264 0.740951
vt 0.615144 0.740968
vt 0.615996 0.740972
vt 0.616810 0.740963
vt 0.617578 0.740948
vt 0.618301 0.740927
vt 0.618978 0.740904
vt 0.619609 0.740884
vt 0.620198 0.740867
vt 0.620748 0.740860
vt 0.613376 0.741742
vt 0.612500 0.741686
vt 0.614264 0.741779
vt 0.615142 0.741795
vt 0.615988 0.741792
vt 0.616793 0.741774
vt 0.617546 0.741744
vt 0.618251 0.741708
vt 0.618906 0.741670
vt 0.619512 0.741637
vt 0.620076 0.741609
vt 0.620599 0.741596
vt 0.613376 0.742539
vt 0.612500 0.742480
vt 0.614262 0.742573
vt 0.615134 0.742583
vt 0.615971 0.742568
vt 0.616763 0.742535
vt 0.617500 0.742488
vt 0.618184 0.742433
vt 0.618817 0.742376
vt 0.619399 0.742327
vt 0.619937 0.742287
vt 0.620434 0.742267
vt 0.613376 0.743306
vt 0.612500 0.743251
vt 0.614258 0.743332
vt 0.615121 0.743329
vt 0.615947 0.743299
vt 0.616725 0.743246
vt 0.617444 0.743179
vt 0.618107 0.743101
vt 0.618717 0.743024
vt 0.619274 0.742957
vt 0.619788 0.742902
vt 0.620259 0.742875
vt 0.613375 0.744040
vt 0.612500 0.743995
vt 0.614252 0.744053
vt 0.615107 0.744032
vt 0.615920 0.743981
vt 0.616683 0.743906
vt 0.617385 0.743815
vt 0.618029 0.743715
vt 0.618617 0.743615
vt 0.619150 0.743527
vt 0.619638 0.743455
vt 0.620080 0.743418
vt 0.613374 0.744739
vt 0.612500 0.744708
vt 0.614246 0.744732
vt 0.615093 0.744690
vt 0.615896 0.744616
vt 0.616646 0.744516
vt 0.617333 0.744400
vt 0.617960 0.744275
vt 0.618528 0.744150
vt 0.619038 0.744038
vt 0.619498 0.743945
vt 0.619909 0.743894
vt 0.613373 0.745401
vt 0.612500 0.745389
vt 0.614240 0.745372
vt 0.615080 0.745306
vt 0.615874 0.745207
vt 0.616615 0.745082
vt 0.617291 0.744940
vt 0.617905 0.744789
vt 0.618457 0.744638
vt 0.618945 0.744498
vt 0.619378 0.744378
vt 0.619752 0.744307
vt 0.625000 0.744637
vt 0.362500 0.512500
vt 0.362500 0.511647
vt 0.363357 0.511637
vt 0.363353 0.512500
vt 0.362500 0.510798
vt 0.363359 0.510771
vt 0.362500 0.509957
vt 0.363362 0.509914
vt 0.362500 0.509127
vt 0.363364 0.509072
vt 0.362500 0.508314
vt 0.363367 0.508252
vt 0.362500 0.507520
vt 0.363369 0.507459
vt 0.362500 0.506749
vt 0.363370 0.506695
vt 0.362500 0.506005
vt 0.363370 0.505963
vt 0.362500 0.505292
vt 0.363370 0.505266
vt 0.362500 0.504611
vt 0.363370 0.504606
vt 0.362500 0.503968
vt 0.363371 0.503983
vt 0.362500 0.500000
vt 0.363371 0.500000
vt 0.364220 0.511631
vt 0.364202 0.512500
vt 0.364231 0.510752
vt 0.364239 0.509882
vt 0.364243 0.509032
vt 0.364245 0.508210
vt 0.364245 0.507422
vt 0.364243 0.506669
vt 0.364240 0.505953
vt 0.364238 0.505276
vt 0.364235 0.504638
vt 0.364234 0.504038
vt 0.364236 0.500000
vt 0.365077 0.511627
vt 0.365043 0.512500
vt 0.365099 0.510741
vt 0.365113 0.509863
vt 0.365118 0.509010
vt 0.365117 0.508190
vt 0.365111 0.507410
vt 0.365102 0.506671
vt 0.365091 0.505974
vt 0.365081 0.505319
vt 0.365073 0.504705
vt 0.365070 0.504130
vt 0.365072 0.500000
vt 0.365920 0.511625
vt 0.365873 0.512500
vt 0.365951 0.510736
vt 0.365968 0.509856
vt 0.365972 0.509004
vt 0.365963 0.508190
vt 0.365948 0.507422
vt 0.365927 0.506699
vt 0.365904 0.506022
vt 0.365884 0.505391
vt 0.365867 0.504802
vt 0.365860 0.504252
vt 0.365862 0.500000
vt 0.366742 0.511624
vt 0.366686 0.512500
vt 0.366779 0.510735
vt 0.366795 0.509858
vt 0.366792 0.509012
vt 0.366774 0.508207
vt 0.366744 0.507454
vt 0.366708 0.506749
vt 0.366670 0.506094
vt 0.366637 0.505488
vt 0.366609 0.504924
vt 0.366596 0.504401
vt 0.366598 0.500000
vt 0.367539 0.511624
vt 0.367480 0.512500
vt 0.367573 0.510738
vt 0.367583 0.509866
vt 0.367568 0.509029
vt 0.367535 0.508237
vt 0.367488 0.507500
vt 0.367433 0.506816
vt 0.367376 0.506183
vt 0.367327 0.505601
vt 0.367287 0.505063
vt 0.367267 0.504566
vt 0.367268 0.500000
vt 0.368306 0.511624
vt 0.368251 0.512500
vt 0.368332 0.510742
vt 0.368329 0.509879
vt 0.368299 0.509053
vt 0.368246 0.508275
vt 0.368179 0.507556
vt 0.368101 0.506893
vt 0.368024 0.506283
vt 0.367956 0.505726
vt 0.367903 0.505212
vt 0.367875 0.504741
vt 0.367875 0.500000
vt 0.369040 0.511625
vt 0.368995 0.512500
vt 0.369053 0.510748
vt 0.369032 0.509893
vt 0.368981 0.509080
vt 0.368906 0.508316
vt 0.368815 0.507615
vt 0.368715 0.506971
vt 0.368615 0.506383
vt 0.368527 0.505850
vt 0.368455 0.505362
vt 0.368418 0.504920
vt 0.368418 0.500000
vt 0.369739 0.511626
vt 0.369709 0.512500
vt 0.369733 0.510754
vt 0.369690 0.509907
vt 0.369616 0.509104
vt 0.369516 0.508354
vt 0.369400 0.507667
vt 0.369275 0.507040
vt 0.369150 0.506472
vt 0.369038 0.505962
vt 0.368945 0.505502
vt 0.368894 0.505091
vt 0.368894 0.500000
vt 0.370401 0.511627
vt 0.370389 0.512500
vt 0.370372 0.510760
vt 0.370306 0.509920
vt 0.370207 0.509126
vt 0.370082 0.508385
vt 0.369940 0.507709
vt 0.369789 0.507095
vt 0.369639 0.506543
vt 0.369498 0.506055
vt 0.369378 0.505622
vt 0.369307 0.505248
vt 0.369307 0.500000
vt 0.371024 0.511629
vt 0.371032 0.512500
vt 0.370972 0.510764
vt 0.370881 0.509928
vt 0.370757 0.509138
vt 0.370606 0.508402
vt 0.370438 0.507732
vt 0.370261 0.507125
vt 0.370081 0.506582
vt 0.369909 0.506106
vt 0.369752 0.505693
vt 0.369637 0.505363
vt 0.369637 0.500000
vt 0.387500 0.488353
vt 0.386643 0.488363
vt 0.386647 0.487500
vt 0.387500 0.489202
vt 0.386641 0.489229
vt 0.387500 0.490043
vt 0.386638 0.490087
vt 0.387500 0.490872
vt 0.386636 0.490928
vt 0.387500 0.491686
vt 0.386633 0.491748
vt 0.387500 0.492480
vt 0.386631 0.492541
vt 0.387500 0.493251
vt 0.386630 0.493305
vt 0.387500 0.493995
vt 0.386630 0.494037
vt 0.387500 0.494709
vt 0.386630 0.494734
vt 0.387500 0.495389
vt 0.386630 0.495394
vt 0.387500 0.496032
vt 0.386629 0.496017
vt 0.387500 0.503968
vt 0.386629 0.503976
vt 0.385780 0.488369
vt 0.385798 0.487500
vt 0.385769 0.489248
vt 0.385761 0.490118
vt 0.385757 0.490968
vt 0.385755 0.491790
vt 0.385755 0.492578
vt 0.385757 0.493331
vt 0.385760 0.494047
vt 0.385762 0.494724
vt 0.385765 0.495362
vt 0.385766 0.495962
vt 0.385764 0.504028
vt 0.384923 0.488372
vt 0.384957 0.487500
vt 0.384901 0.489259
vt 0.384887 0.490137
vt 0.384882 0.490990
vt 0.384883 0.491810
vt 0.384889 0.492590
vt 0.384898 0.493329
vt 0.384909 0.494026
vt 0.384919 0.494681
vt 0.384927 0.495295
vt 0.384930 0.495871
vt 0.384928 0.504119
vt 0.384080 0.488375
vt 0.384128 0.487500
vt 0.384049 0.489264
vt 0.384032 0.490144
vt 0.384028 0.490996
vt 0.384037 0.491810
vt 0.384052 0.492578
vt 0.384073 0.493301
vt 0.384096 0.493978
vt 0.384116 0.494609
vt 0.384133 0.495198
vt 0.384140 0.495748
vt 0.384138 0.504243
vt 0.383258 0.488376
vt 0.383314 0.487500
vt 0.383221 0.489264
vt 0.383205 0.490142
vt 0.383208 0.490988
vt 0.383226 0.491793
vt 0.383256 0.492546
vt 0.383292 0.493251
vt 0.383330 0.493906
vt 0.383363 0.494512
vt 0.383390 0.495076
vt 0.383404 0.495599
vt 0.383402 0.504394
vt 0.382461 0.488376
vt 0.382520 0.487500
vt 0.382427 0.489262
vt 0.382417 0.490134
vt 0.382431 0.490971
vt 0.382465 0.491763
vt 0.382512 0.492500
vt 0.382567 0.493184
vt 0.382624 0.493817
vt 0.382673 0.494399
vt 0.382713 0.494937
vt 0.382733 0.495434
vt 0.382732 0.504562
vt 0.381694 0.488376
vt 0.381749 0.487500
vt 0.381668 0.489258
vt 0.381671 0.490121
vt 0.381701 0.490947
vt 0.381754 0.491725
vt 0.381821 0.492444
vt 0.381899 0.493107
vt 0.381976 0.493717
vt 0.382044 0.494274
vt 0.382098 0.494788
vt 0.382125 0.495259
vt 0.382125 0.504739
vt 0.380960 0.488375
vt 0.381005 0.487500
vt 0.380947 0.489252
vt 0.380968 0.490107
vt 0.381019 0.490920
vt 0.381094 0.491684
vt 0.381185 0.492385
vt 0.381285 0.493029
vt 0.381385 0.493617
vt 0.381473 0.494150
vt 0.381545 0.494638
vt 0.381582 0.495080
vt 0.381582 0.504919
vt 0.380261 0.488374
vt 0.380291 0.487500
vt 0.380267 0.489246
vt 0.380310 0.490093
vt 0.380384 0.490896
vt 0.380484 0.491646
vt 0.380600 0.492333
vt 0.380725 0.492960
vt 0.380850 0.493528
vt 0.380962 0.494038
vt 0.381055 0.494498
vt 0.381106 0.494909
vt 0.381106 0.505091
vt 0.379599 0.488373
vt 0.379611 0.487500
vt 0.379628 0.489240
vt 0.379694 0.490080
vt 0.379793 0.490874
vt 0.379918 0.491615
vt 0.380060 0.492291
vt 0.380211 0.492905
vt 0.380362 0.493457
vt 0.380501 0.493945
vt 0.380622 0.494378
vt 0.380693 0.494752
vt 0.380693 0.505248
vt 0.378976 0.488371
vt 0.378968 0.487500
vt 0.379028 0.489236
vt 0.379119 0.490072
vt 0.379243 0.490862
vt 0.379394 0.491598
vt 0.379562 0.492268
vt 0.379739 0.492875
vt 0.379919 0.493418
vt 0.380091 0.493894
vt 0.380248 0.494307
vt 0.380363 0.494637
vt 0.380363 0.505363
vt 0.386647 0.512500
vt 0.386637 0.511643
vt 0.387500 0.511647
vt 0.385798 0.512500
vt 0.385771 0.511641
vt 0.384957 0.512500
vt 0.384914 0.511638
vt 0.384128 0.512500
vt 0.384072 0.511636
vt 0.383314 0.512500
vt 0.383252 0.511633
vt 0.382520 0.512500
vt 0.382459 0.511631
vt 0.381749 0.512500
vt 0.381695 0.511630
vt 0.381005 0.512500
vt 0.380964 0.511630
vt 0.380291 0.512500
vt 0.380266 0.511630
vt 0.379611 0.512500
vt 0.379606 0.511630
vt 0.378968 0.512500
vt 0.378983 0.511629
vt 0.386631 0.510780
vt 0.387500 0.510798
vt 0.385752 0.510769
vt 0.384882 0.510761
vt 0.384032 0.510757
vt 0.383210 0.510755
vt 0.382422 0.510755
vt 0.381669 0.510757
vt 0.380953 0.510760
vt 0.380276 0.510762
vt 0.379638 0.510765
vt 0.379038 0.510766
vt 0.386628 0.509923
vt 0.387500 0.509957
vt 0.385741 0.509901
vt 0.384863 0.509887
vt 0.384010 0.509882
vt 0.383190 0.509883
vt 0.382410 0.509889
vt 0.381671 0.509899
vt 0.380974 0.509909
vt 0.380319 0.509919
vt 0.379705 0.509927
vt 0.379129 0.509930
vt 0.386625 0.509080
vt 0.387500 0.509127
vt 0.385736 0.509049
vt 0.384856 0.509032
vt 0.384004 0.509028
vt 0.383190 0.509037
vt 0.382422 0.509052
vt 0.381699 0.509073
vt 0.381022 0.509096
vt 0.380391 0.509116
vt 0.379802 0.509133
vt 0.379252 0.509140
vt 0.386624 0.508258
vt 0.387500 0.508314
vt 0.385735 0.508221
vt 0.384858 0.508205
vt 0.384012 0.508208
vt 0.383207 0.508226
vt 0.382454 0.508256
vt 0.381749 0.508292
vt 0.381094 0.508330
vt 0.380488 0.508363
vt 0.379924 0.508390
vt 0.379401 0.508404
vt 0.386624 0.507461
vt 0.387500 0.507520
vt 0.385738 0.507427
vt 0.384866 0.507417
vt 0.384029 0.507432
vt 0.383237 0.507465
vt 0.382500 0.507512
vt 0.381816 0.507567
vt 0.381183 0.507624
vt 0.380601 0.507673
vt 0.380063 0.507713
vt 0.379566 0.507733
vt 0.386624 0.506694
vt 0.387500 0.506749
vt 0.385742 0.506668
vt 0.384879 0.506671
vt 0.384053 0.506701
vt 0.383275 0.506754
vt 0.382556 0.506821
vt 0.381893 0.506899
vt 0.381283 0.506976
vt 0.380726 0.507044
vt 0.380212 0.507098
vt 0.379741 0.507125
vt 0.386625 0.505960
vt 0.387500 0.506005
vt 0.385748 0.505947
vt 0.384893 0.505968
vt 0.384080 0.506019
vt 0.383316 0.506094
vt 0.382615 0.506185
vt 0.381971 0.506285
vt 0.381383 0.506385
vt 0.380850 0.506473
vt 0.380362 0.506545
vt 0.379920 0.506582
vt 0.386626 0.505261
vt 0.387500 0.505291
vt 0.385754 0.505267
vt 0.384907 0.505310
vt 0.384104 0.505384
vt 0.383354 0.505484
vt 0.382667 0.505600
vt 0.382040 0.505725
vt 0.381472 0.505850
vt 0.380962 0.505962
vt 0.380502 0.506055
vt 0.380091 0.506106
vt 0.386627 0.504599
vt 0.387500 0.504611
vt 0.385760 0.504628
vt 0.384920 0.504694
vt 0.384126 0.504793
vt 0.383385 0.504918
vt 0.382709 0.505060
vt 0.382095 0.505211
vt 0.381543 0.505362
vt 0.381055 0.505502
vt 0.380622 0.505622
vt 0.380248 0.505693
vt 0.375000 0.505363
vt 0.636647 0.512500
vt 0.636637 0.511643
vt 0.637500 0.511647
vt 0.635798 0.512500
vt 0.635771 0.511641
vt 0.634957 0.512500
vt 0.634914 0.511638
vt 0.634128 0.512500
vt 0.634072 0.511636
vt 0.633314 0.512500
vt 0.633252 0.511633
vt 0.632520 0.512500
vt 0.632459 0.511631
vt 0.631749 0.512500
vt 0.631695 0.511630
vt 0.631005 0.512500
vt 0.630964 0.511630
vt 0.630292 0.512500
vt 0.630266 0.511630
vt 0.629611 0.512500
vt 0.629606 0.511630
vt 0.628968 0.512500
vt 0.628983 0.511629
vt 0.621032 0.512500
vt 0.621024 0.511629
vt 0.636631 0.510780
vt 0.637500 0.510798
vt 0.635752 0.510769
vt 0.634882 0.510761
vt 0.634032 0.510757
vt 0.633210 0.510755
vt 0.632422 0.510755
vt 0.631669 0.510757
vt 0.630953 0.510760
vt 0.630276 0.510762
vt 0.629638 0.510765
vt 0.629038 0.510766
vt 0.620972 0.510764
vt 0.636628 0.509923
vt 0.637500 0.509957
vt 0.635741 0.509901
vt 0.634863 0.509887
vt 0.634010 0.509882
vt 0.633190 0.509883
vt 0.632410 0.509889
vt 0.631671 0.509899
vt 0.630974 0.509909
vt 0.630319 0.509919
vt 0.629705 0.509927
vt 0.629129 0.509930
vt 0.620881 0.509928
vt 0.636625 0.509080
vt 0.637500 0.509127
vt 0.635736 0.509049
vt 0.634856 0.509032
vt 0.634004 0.509028
vt 0.633190 0.509037
vt 0.632422 0.509052
vt 0.631699 0.509073
vt 0.631022 0.509096
vt 0.630391 0.509116
vt 0.629802 0.509133
vt 0.629252 0.509140
vt 0.620757 0.509138
vt 0.636624 0.508258
vt 0.637500 0.508314
vt 0.635735 0.508221
vt 0.634858 0.508205
vt 0.634012 0.508208
vt 0.633207 0.508226
vt 0.632454 0.508256
vt 0.631749 0.508292
vt 0.631094 0.508330
vt 0.630488 0.508363
vt 0.629924 0.508390
vt 0.629401 0.508404
vt 0.620606 0.508402
vt 0.636624 0.507461
vt 0.637500 0.507520
vt 0.635738 0.507427
vt 0.634866 0.507417
vt 0.634029 0.507432
vt 0.633237 0.507465
vt 0.632500 0.507512
vt 0.631816 0.507567
vt 0.631183 0.507624
vt 0.630601 0.507673
vt 0.630063 0.507713
vt 0.629566 0.507733
vt 0.620438 0.507732
vt 0.636624 0.506694
vt 0.637500 0.506749
vt 0.635742 0.506668
vt 0.634879 0.506671
vt 0.634053 0.506701
vt 0.633275 0.506754
vt 0.632556 0.506821
vt 0.631893 0.506899
vt 0.631283 0.506976
vt 0.630726 0.507044
vt 0.630212 0.507098
vt 0.629741 0.507125
vt 0.620261 0.507125
vt 0.636625 0.505960
vt 0.637500 0.506005
vt 0.635748 0.505947
vt 0.634893 0.505968
vt 0.634080 0.506019
vt 0.633317 0.506094
vt 0.632615 0.506185
vt 0.631971 0.506285
vt 0.631383 0.506385
vt 0.630850 0.506473
vt 0.630362 0.506545
vt 0.629920 0.506582
vt 0.620081 0.506582
vt 0.636626 0.505261
vt 0.637500 0.505291
vt 0.635754 0.505267
vt 0.634907 0.505310
vt 0.634104 0.505384
vt 0.633354 0.505484
vt 0.632667 0.505600
vt 0.632040 0.505725
vt 0.631472 0.505850
vt 0.630962 0.505962
vt 0.630502 0.506055
vt 0.630091 0.506106
vt 0.619909 0.506106
vt 0.636627 0.504599
vt 0.637500 0.504611
vt 0.635760 0.504628
vt 0.634920 0.504694
vt 0.634126 0.504793
vt 0.633385 0.504918
vt 0.632709 0.505060
vt 0.632095 0.505211
vt 0.631543 0.505362
vt 0.631055 0.505502
vt 0.630622 0.505622
vt 0.630248 0.505693
vt 0.619752 0.505693
vt 0.636628 0.503976
vt 0.637500 0.503968
vt 0.635764 0.504028
vt 0.634928 0.504119
vt 0.634138 0.504243
vt 0.633402 0.504394
vt 0.632732 0.504562
vt 0.632124 0.504739
vt 0.631582 0.504919
vt 0.631106 0.505091
vt 0.630693 0.505248
vt 0.630363 0.505363
vt 0.619637 0.505363
vt 0.612500 0.511647
vt 0.613357 0.511637
vt 0.613353 0.512500
vt 0.612500 0.510798
vt 0.613359 0.510771
vt 0.612500 0.509957
vt 0.613362 0.509914
vt 0.612500 0.509127
vt 0.613365 0.509072
vt 0.612500 0.508314
vt 0.613367 0.508252
vt 0.612500 0.507520
vt 0.613369 0.507459
vt 0.612500 0.506749
vt 0.613370 0.506695
vt 0.612500 0.506005
vt 0.613370 0.505963
vt 0.612500 0.505292
vt 0.613370 0.505266
vt 0.612500 0.504611
vt 0.613370 0.504606
vt 0.612500 0.503968
vt 0.613371 0.503983
vt 0.612500 0.496032
vt 0.613371 0.496024
vt 0.614220 0.511631
vt 0.614202 0.512500
vt 0.614231 0.510752
vt 0.614239 0.509882
vt 0.614243 0.509032
vt 0.614245 0.508210
vt 0.614245 0.507422
vt 0.614243 0.506669
vt 0.614240 0.505953
vt 0.614237 0.505276
vt 0.614235 0.504638
vt 0.614234 0.504038
vt 0.614236 0.495972
vt 0.615077 0.511627
vt 0.615043 0.512500
vt 0.615099 0.510741
vt 0.615113 0.509863
vt 0.615118 0.509010
vt 0.615117 0.508190
vt 0.615111 0.507410
vt 0.615102 0.506671
vt 0.615091 0.505974
vt 0.615081 0.505319
vt 0.615073 0.504705
vt 0.615070 0.504130
vt 0.615072 0.495881
vt 0.615919 0.511625
vt 0.615873 0.512500
vt 0.615951 0.510736
vt 0.615968 0.509856
vt 0.615972 0.509004
vt 0.615963 0.508190
vt 0.615948 0.507422
vt 0.615927 0.506699
vt 0.615904 0.506022
vt 0.615884 0.505391
vt 0.615867 0.504802
vt 0.615860 0.504252
vt 0.615862 0.495757
vt 0.616742 0.511624
vt 0.616686 0.512500
vt 0.616779 0.510735
vt 0.616795 0.509858
vt 0.616792 0.509012
vt 0.616773 0.508207
vt 0.616744 0.507454
vt 0.616708 0.506749
vt 0.616670 0.506094
vt 0.616637 0.505488
vt 0.616610 0.504924
vt 0.616596 0.504401
vt 0.616598 0.495606
vt 0.617539 0.511624
vt 0.617480 0.512500
vt 0.617573 0.510738
vt 0.617583 0.509866
vt 0.617568 0.509029
vt 0.617535 0.508237
vt 0.617488 0.507500
vt 0.617433 0.506816
vt 0.617376 0.506183
vt 0.617327 0.505601
vt 0.617287 0.505063
vt 0.617267 0.504566
vt 0.617268 0.495438
vt 0.618306 0.511624
vt 0.618251 0.512500
vt 0.618332 0.510742
vt 0.618329 0.509879
vt 0.618299 0.509053
vt 0.618246 0.508275
vt 0.618179 0.507556
vt 0.618101 0.506893
vt 0.618024 0.506283
vt 0.617956 0.505726
vt 0.617903 0.505212
vt 0.617875 0.504741
vt 0.617875 0.495261
vt 0.619040 0.511625
vt 0.618995 0.512500
vt 0.619053 0.510748
vt 0.619032 0.509893
vt 0.618981 0.509080
vt 0.618906 0.508316
vt 0.618815 0.507615
vt 0.618715 0.506971
vt 0.618615 0.506383
vt 0.618527 0.505850
vt 0.618455 0.505362
vt 0.618418 0.504920
vt 0.618418 0.495081
vt 0.619739 0.511626
vt 0.619709 0.512500
vt 0.619733 0.510754
vt 0.619690 0.509907
vt 0.619616 0.509104
vt 0.619516 0.508354
vt 0.619400 0.507667
vt 0.619275 0.507040
vt 0.619150 0.506472
vt 0.619038 0.505962
vt 0.618945 0.505502
vt 0.618894 0.505091
vt 0.618894 0.494909
vt 0.620401 0.511627
vt 0.620389 0.512500
vt 0.620372 0.510760
vt 0.620306 0.509920
vt 0.620207 0.509126
vt 0.620082 0.508385
vt 0.619940 0.507709
vt 0.619789 0.507095
vt 0.619639 0.506543
vt 0.619498 0.506055
vt 0.619378 0.505622
vt 0.619307 0.505248
vt 0.619307 0.494752
vt 0.619637 0.494637
vt 0.613353 0.487500
vt 0.613363 0.488357
vt 0.612500 0.488353
vt 0.614202 0.487500
vt 0.614229 0.488359
vt 0.615043 0.487500
vt 0.615086 0.488362
vt 0.615872 0.487500
vt 0.615928 0.488364
vt 0.616686 0.487500
vt 0.616748 0.488367
vt 0.617480 0.487500
vt 0.617541 0.488369
vt 0.618251 0.487500
vt 0.618305 0.488370
vt 0.618995 0.487500
vt 0.619037 0.488370
vt 0.619709 0.487500
vt 0.619734 0.488370
vt 0.620389 0.487500
vt 0.620394 0.488370
vt 0.621032 0.487500
vt 0.621017 0.488371
vt 0.625000 0.487500
vt 0.625000 0.488371
vt 0.613369 0.489220
vt 0.612500 0.489202
vt 0.614248 0.489231
vt 0.615118 0.489239
vt 0.615968 0.489243
vt 0.616789 0.489245
vt 0.617578 0.489245
vt 0.618331 0.489243
vt 0.619047 0.489240
vt 0.619724 0.489238
vt 0.620362 0.489235
vt 0.620962 0.489234
vt 0.625000 0.489236
vt 0.613372 0.490077
vt 0.612500 0.490043
vt 0.614259 0.490099
vt 0.615137 0.490113
vt 0.615990 0.490118
vt 0.616810 0.490117
vt 0.617590 0.490111
vt 0.618329 0.490102
vt 0.619026 0.490091
vt 0.619681 0.490081
vt 0.620295 0.490073
vt 0.620870 0.490070
vt 0.625000 0.490072
vt 0.613375 0.490920
vt 0.612500 0.490872
vt 0.614264 0.490951
vt 0.615144 0.490968
vt 0.615996 0.490972
vt 0.616810 0.490963
vt 0.617578 0.490948
vt 0.618301 0.490927
vt 0.618978 0.490904
vt 0.619609 0.490884
vt 0.620198 0.490867
vt 0.620748 0.490860
vt 0.625000 0.490862
vt 0.613376 0.491742
vt 0.612500 0.491686
vt 0.614264 0.491779
vt 0.615142 0.491795
vt 0.615988 0.491792
vt 0.616793 0.491774
vt 0.617546 0.491744
vt 0.618251 0.491708
vt 0.618906 0.491670
vt 0.619512 0.491637
vt 0.620076 0.491610
vt 0.620599 0.491596
vt 0.625000 0.491598
vt 0.613376 0.492539
vt 0.612500 0.492480
vt 0.614262 0.492573
vt 0.615134 0.492583
vt 0.615971 0.492568
vt 0.616763 0.492535
vt 0.617500 0.492488
vt 0.618184 0.492433
vt 0.618817 0.492376
vt 0.619399 0.492327
vt 0.619937 0.492287
vt 0.620434 0.492267
vt 0.625000 0.492268
vt 0.613376 0.493306
vt 0.612500 0.493251
vt 0.614258 0.493332
vt 0.615121 0.493329
vt 0.615947 0.493299
vt 0.616725 0.493246
vt 0.617444 0.493179
vt 0.618107 0.493101
vt 0.618717 0.493024
vt 0.619274 0.492957
vt 0.619788 0.492902
vt 0.620259 0.492875
vt 0.625000 0.492875
vt 0.613375 0.494040
vt 0.612500 0.493995
vt 0.614252 0.494053
vt 0.615107 0.494032
vt 0.615920 0.493981
vt 0.616683 0.493906
vt 0.617385 0.493815
vt 0.618029 0.493715
vt 0.618617 0.493615
vt 0.619150 0.493527
vt 0.619638 0.493455
vt 0.620080 0.493418
vt 0.625000 0.493418
vt 0.613374 0.494739
vt 0.612500 0.494709
vt 0.614246 0.494733
vt 0.615093 0.494690
vt 0.615896 0.494616
vt 0.616646 0.494516
vt 0.617333 0.494400
vt 0.617960 0.494275
vt 0.618528 0.494150
vt 0.619038 0.494038
vt 0.619498 0.493945
vt 0.619909 0.493894
vt 0.625000 0.493894
vt 0.613373 0.495401
vt 0.612500 0.495389
vt 0.614240 0.495372
vt 0.615080 0.495306
vt 0.615874 0.495207
vt 0.616615 0.495082
vt 0.617291 0.494940
vt 0.617905 0.494789
vt 0.618457 0.494638
vt 0.618945 0.494498
vt 0.619378 0.494378
vt 0.619752 0.494307
vt 0.625000 0.494307
vt 0.625000 0.494637
vt 0.625000 0.505363
vt 0.630363 0.500000
vt 0.125000 0.737500
vt 0.612500 1.000000
vt 0.875000 0.512500
vt 0.137500 0.500000
vt 0.637500 0.500000
vt 0.362500 0.750000
vt 0.862500 0.750000
vn 0.0280 -0.2184 0.9754
vn 0.0280 0.2184 0.9754
vn -0.0280 0.2184 0.9754
vn -0.0280 -0.2184 0.9754
vn 0.9906 -0.1366 -0.0101
vn 0.9906 0.1366 -0.0101
vn 0.9906 0.1366 0.0101
vn 0.9906 -0.1366 0.0101
vn 0.0021 1.0000 -0.0012
vn -0.0021 1.0000 -0.0012
vn -0.0021 1.0000 0.0012
vn 0.0021 1.0000 0.0012
vn -0.9906 -0.1366 0.0101
vn -0.9906 0.1366 0.0101
vn -0.9906 0.1366 -0.0101
vn -0.9906 -0.1366 -0.0101
vn -0.0280 -0.2184 -0.9754
vn -0.0280 0.2184 -0.9754
vn 0.0280 0.2184 -0.9754
vn 0.0280 -0.2184 -0.9754
vn -0.0021 -1.0000 0.0012
vn -0.0021 -1.0000 0.0049
vn -0.0085 -0.9999 0.0050
vn -0.0084 -0.9999 0.0013
vn -0.0021 -0.9999 0.0099
vn -0.0086 -0.9999 0.0102
vn -0.0022 -0.9999 0.0151
vn -0.0087 -0.9998 0.0154
vn -0.0022 -0.9998 0.0203
vn -0.0089 -0.9997 0.0208
vn -0.0022 -0.9997 0.0258
vn -0.0091 -0.9996 0.0263
vn -0.0023 -0.9995 0.0315
vn -0.0093 -0.9994 0.0321
vn -0.0024 -0.9993 0.0376
vn -0.0096 -0.9992 0.0382
vn -0.0024 -0.9990 0.0441
vn -0.0100 -0.9989 0.0446
vn -0.0026 -0.9987 0.0512
vn -0.0104 -0.9986 0.0517
vn -0.0027 -0.9982 0.0590
vn -0.0109 -0.9982 0.0593
vn -0.0029 -0.9977 0.0677
vn -0.0116 -0.9976 0.0678
vn -0.0031 -0.9970 0.0776
vn -0.0124 -0.9969 0.0775
vn -0.0170 -0.9998 0.0051
vn -0.0168 -0.9998 0.0013
vn -0.0173 -0.9998 0.0103
vn -0.0176 -0.9997 0.0157
vn -0.0179 -0.9996 0.0212
vn -0.0183 -0.9995 0.0268
vn -0.0189 -0.9993 0.0326
vn -0.0194 -0.9991 0.0387
vn -0.0201 -0.9987 0.0452
vn -0.0210 -0.9984 0.0521
vn -0.0220 -0.9980 0.0596
vn -0.0233 -0.9974 0.0679
vn -0.0248 -0.9967 0.0772
vn -0.0258 -0.9996 0.0052
vn -0.0254 -0.9997 0.0013
vn -0.0262 -0.9996 0.0106
vn -0.0267 -0.9995 0.0160
vn -0.0273 -0.9994 0.0216
vn -0.0279 -0.9992 0.0273
vn -0.0286 -0.9990 0.0332
vn -0.0295 -0.9988 0.0393
vn -0.0304 -0.9985 0.0457
vn -0.0316 -0.9981 0.0526
vn -0.0331 -0.9977 0.0599
vn -0.0349 -0.9971 0.0680
vn -0.0372 -0.9963 0.0770
vn -0.0348 -0.9994 0.0053
vn -0.0343 -0.9994 0.0013
vn -0.0354 -0.9993 0.0108
vn -0.0361 -0.9992 0.0164
vn -0.0368 -0.9991 0.0220
vn -0.0376 -0.9989 0.0278
vn -0.0385 -0.9987 0.0338
vn -0.0396 -0.9984 0.0399
vn -0.0408 -0.9981 0.0463
vn -0.0423 -0.9977 0.0530
vn -0.0442 -0.9972 0.0602
vn -0.0465 -0.9966 0.0681
vn -0.0494 -0.9958 0.0768
vn -0.0441 -0.9990 0.0054
vn -0.0435 -0.9990 0.0013
vn -0.0449 -0.9989 0.0110
vn -0.0457 -0.9988 0.0167
vn -0.0466 -0.9987 0.0225
vn -0.0475 -0.9984 0.0284
vn -0.0486 -0.9982 0.0344
vn -0.0498 -0.9979 0.0405
vn -0.0512 -0.9976 0.0468
vn -0.0529 -0.9972 0.0534
vn -0.0550 -0.9966 0.0605
vn -0.0578 -0.9960 0.0681
vn -0.0613 -0.9951 0.0766
vn -0.0539 -0.9985 0.0056
vn -0.0531 -0.9986 0.0014
vn -0.0548 -0.9984 0.0113
vn -0.0557 -0.9983 0.0171
vn -0.0566 -0.9981 0.0230
vn -0.0576 -0.9979 0.0290
vn -0.0587 -0.9977 0.0350
vn -0.0600 -0.9973 0.0411
vn -0.0615 -0.9970 0.0474
vn -0.0634 -0.9965 0.0539
vn -0.0657 -0.9960 0.0608
vn -0.0688 -0.9953 0.0682
vn -0.0728 -0.9944 0.0764
vn -0.0641 -0.9979 0.0057
vn -0.0633 -0.9980 0.0014
vn -0.0651 -0.9978 0.0116
vn -0.0660 -0.9977 0.0176
vn -0.0670 -0.9975 0.0236
vn -0.0680 -0.9972 0.0297
vn -0.0691 -0.9969 0.0357
vn -0.0703 -0.9966 0.0418
vn -0.0718 -0.9962 0.0480
vn -0.0736 -0.9958 0.0544
vn -0.0761 -0.9952 0.0611
vn -0.0794 -0.9945 0.0683
vn -0.0839 -0.9935 0.0762
vn -0.0750 -0.9972 0.0060
vn -0.0742 -0.9972 0.0015
vn -0.0759 -0.9970 0.0120
vn -0.0769 -0.9969 0.0182
vn -0.0778 -0.9966 0.0243
vn -0.0787 -0.9964 0.0305
vn -0.0797 -0.9961 0.0366
vn -0.0808 -0.9958 0.0427
vn -0.0821 -0.9954 0.0488
vn -0.0838 -0.9949 0.0550
vn -0.0862 -0.9944 0.0615
vn -0.0896 -0.9936 0.0684
vn -0.0944 -0.9926 0.0759
vn -0.0868 -0.9962 0.0062
vn -0.0861 -0.9963 0.0015
vn -0.0876 -0.9961 0.0125
vn -0.0884 -0.9959 0.0189
vn -0.0891 -0.9957 0.0252
vn -0.0898 -0.9955 0.0314
vn -0.0906 -0.9951 0.0376
vn -0.0915 -0.9948 0.0437
vn -0.0926 -0.9944 0.0498
vn -0.0940 -0.9940 0.0558
vn -0.0960 -0.9934 0.0620
vn -0.0993 -0.9927 0.0685
vn -0.1043 -0.9917 0.0756
vn -0.0996 -0.9950 0.0065
vn -0.0990 -0.9951 0.0016
vn -0.1001 -0.9949 0.0131
vn -0.1007 -0.9947 0.0197
vn -0.1012 -0.9945 0.0262
vn -0.1017 -0.9943 0.0327
vn -0.1022 -0.9940 0.0390
vn -0.1027 -0.9937 0.0451
vn -0.1034 -0.9933 0.0511
vn -0.1043 -0.9929 0.0570
vn -0.1057 -0.9924 0.0627
vn -0.1082 -0.9917 0.0687
vn -0.1132 -0.9907 0.0751
vn -0.1137 -0.9935 0.0068
vn -0.1135 -0.9935 0.0017
vn -0.1140 -0.9934 0.0138
vn -0.1141 -0.9932 0.0207
vn -0.1143 -0.9930 0.0275
vn -0.1144 -0.9928 0.0342
vn -0.1146 -0.9926 0.0407
vn -0.1147 -0.9923 0.0470
vn -0.1149 -0.9919 0.0531
vn -0.1152 -0.9916 0.0588
vn -0.1156 -0.9912 0.0641
vn -0.1162 -0.9908 0.0688
vn -0.1207 -0.9899 0.0743
vn -0.1096 -0.2185 0.9697
vn -0.0898 -0.6411 0.7622
vn -0.0223 -0.6420 0.7664
vn -0.2152 -0.2174 0.9520
vn -0.1782 -0.6389 0.7484
vn -0.3157 -0.2145 0.9243
vn -0.2625 -0.6332 0.7280
vn -0.4094 -0.2102 0.8878
vn -0.3410 -0.6251 0.7021
vn -0.4947 -0.2048 0.8445
vn -0.4130 -0.6149 0.6718
vn -0.5712 -0.1987 0.7964
vn -0.4780 -0.6035 0.6382
vn -0.6385 -0.1923 0.7451
vn -0.5363 -0.5912 0.6023
vn -0.6974 -0.1857 0.6922
vn -0.5882 -0.5784 0.5652
vn -0.7484 -0.1791 0.6386
vn -0.6340 -0.5656 0.5273
vn -0.7924 -0.1727 0.5850
vn -0.6741 -0.5533 0.4892
vn -0.8303 -0.1668 0.5317
vn -0.7089 -0.5419 0.4513
vn -0.8627 -0.1617 0.4791
vn -0.7391 -0.5317 0.4136
vn -0.0577 -0.8745 0.4816
vn -0.0144 -0.8744 0.4850
vn -0.1147 -0.8733 0.4735
vn -0.1701 -0.8698 0.4632
vn -0.2230 -0.8644 0.4506
vn -0.2730 -0.8575 0.4360
vn -0.3196 -0.8495 0.4196
vn -0.3631 -0.8406 0.4018
vn -0.4033 -0.8312 0.3826
vn -0.4400 -0.8216 0.3623
vn -0.4733 -0.8122 0.3409
vn -0.5031 -0.8033 0.3186
vn -0.5296 -0.7951 0.2954
vn -0.0406 -0.9419 0.3333
vn -0.0102 -0.9416 0.3366
vn -0.0806 -0.9414 0.3274
vn -0.1198 -0.9396 0.3207
vn -0.1576 -0.9366 0.3130
vn -0.1937 -0.9326 0.3044
vn -0.2281 -0.9279 0.2948
vn -0.2604 -0.9226 0.2844
vn -0.2908 -0.9170 0.2730
vn -0.3191 -0.9112 0.2607
vn -0.3450 -0.9054 0.2473
vn -0.3685 -0.9000 0.2328
vn -0.3894 -0.8950 0.2173
vn -0.0311 -0.9676 0.2507
vn -0.0078 -0.9672 0.2537
vn -0.0617 -0.9673 0.2461
vn -0.0918 -0.9661 0.2412
vn -0.1210 -0.9642 0.2358
vn -0.1490 -0.9617 0.2300
vn -0.1758 -0.9586 0.2236
vn -0.2013 -0.9552 0.2167
vn -0.2253 -0.9516 0.2091
vn -0.2477 -0.9478 0.2007
vn -0.2684 -0.9441 0.1914
vn -0.2871 -0.9406 0.1811
vn -0.3037 -0.9375 0.1697
vn -0.0252 -0.9797 0.1989
vn -0.0063 -0.9795 0.2015
vn -0.0501 -0.9794 0.1953
vn -0.0745 -0.9786 0.1916
vn -0.0982 -0.9773 0.1876
vn -0.1212 -0.9755 0.1834
vn -0.1431 -0.9734 0.1790
vn -0.1641 -0.9709 0.1741
vn -0.1839 -0.9683 0.1687
vn -0.2025 -0.9657 0.1626
vn -0.2196 -0.9631 0.1557
vn -0.2349 -0.9607 0.1479
vn -0.2484 -0.9586 0.1390
vn -0.0212 -0.9863 0.1635
vn -0.0053 -0.9862 0.1655
vn -0.0422 -0.9861 0.1606
vn -0.0629 -0.9854 0.1578
vn -0.0830 -0.9844 0.1549
vn -0.1025 -0.9831 0.1518
vn -0.1211 -0.9814 0.1486
vn -0.1390 -0.9796 0.1451
vn -0.1559 -0.9776 0.1412
vn -0.1717 -0.9756 0.1367
vn -0.1863 -0.9737 0.1314
vn -0.1993 -0.9719 0.1252
vn -0.2105 -0.9704 0.1180
vn -0.0184 -0.9903 0.1375
vn -0.0046 -0.9902 0.1391
vn -0.0367 -0.9901 0.1354
vn -0.0546 -0.9896 0.1333
vn -0.0721 -0.9887 0.1311
vn -0.0891 -0.9876 0.1289
vn -0.1054 -0.9863 0.1267
vn -0.1210 -0.9848 0.1241
vn -0.1358 -0.9832 0.1213
vn -0.1497 -0.9817 0.1179
vn -0.1624 -0.9801 0.1139
vn -0.1736 -0.9788 0.1089
vn -0.1832 -0.9777 0.1029
vn -0.0163 -0.9929 0.1176
vn -0.0041 -0.9929 0.1188
vn -0.0325 -0.9927 0.1161
vn -0.0485 -0.9922 0.1145
vn -0.0641 -0.9915 0.1130
vn -0.0792 -0.9906 0.1115
vn -0.0937 -0.9895 0.1099
vn -0.1077 -0.9883 0.1082
vn -0.1209 -0.9869 0.1062
vn -0.1333 -0.9856 0.1038
vn -0.1447 -0.9843 0.1007
vn -0.1545 -0.9832 0.0967
vn -0.1627 -0.9824 0.0916
vn -0.0146 -0.9947 0.1017
vn -0.0036 -0.9947 0.1025
vn -0.0293 -0.9945 0.1007
vn -0.0438 -0.9940 0.0996
vn -0.0579 -0.9934 0.0987
vn -0.0717 -0.9926 0.0977
vn -0.0849 -0.9917 0.0967
vn -0.0976 -0.9906 0.0956
vn -0.1097 -0.9895 0.0942
vn -0.1209 -0.9883 0.0926
vn -0.1312 -0.9872 0.0904
vn -0.1400 -0.9863 0.0873
vn -0.1470 -0.9856 0.0830
vn -0.0134 -0.9960 0.0885
vn -0.0033 -0.9960 0.0890
vn -0.0268 -0.9958 0.0880
vn -0.0401 -0.9954 0.0874
vn -0.0531 -0.9948 0.0869
vn -0.0658 -0.9941 0.0863
vn -0.0781 -0.9932 0.0858
vn -0.0898 -0.9923 0.0851
vn -0.1010 -0.9913 0.0844
vn -0.1114 -0.9903 0.0834
vn -0.1209 -0.9893 0.0822
vn -0.1289 -0.9884 0.0801
vn -0.1350 -0.9879 0.0765
vn -0.1255 -0.9895 0.0714
vn -0.8833 -0.4686 0.0091
vn -0.8806 -0.4724 0.0364
vn -0.9896 -0.1382 0.0399
vn -0.6753 -0.7374 0.0070
vn -0.6704 -0.7414 0.0280
vn -0.5126 -0.8586 0.0054
vn -0.5070 -0.8617 0.0215
vn -0.4023 -0.9155 0.0043
vn -0.3972 -0.9175 0.0172
vn -0.3262 -0.9453 0.0036
vn -0.3220 -0.9466 0.0142
vn -0.2712 -0.9625 0.0030
vn -0.2679 -0.9633 0.0121
vn -0.2296 -0.9733 0.0027
vn -0.2272 -0.9738 0.0106
vn -0.1970 -0.9804 0.0023
vn -0.1953 -0.9807 0.0095
vn -0.1706 -0.9853 0.0021
vn -0.1694 -0.9855 0.0086
vn -0.1485 -0.9889 0.0020
vn -0.1480 -0.9890 0.0079
vn -0.1298 -0.9915 0.0018
vn -0.1297 -0.9915 0.0073
vn -0.8755 -0.4775 0.0734
vn -0.9870 -0.1401 0.0791
vn -0.6628 -0.7467 0.0562
vn -0.4992 -0.8654 0.0428
vn -0.3904 -0.9200 0.0342
vn -0.3165 -0.9481 0.0283
vn -0.2636 -0.9643 0.0242
vn -0.2239 -0.9744 0.0212
vn -0.1930 -0.9810 0.0189
vn -0.1680 -0.9856 0.0172
vn -0.1472 -0.9890 0.0157
vn -0.1294 -0.9915 0.0146
vn -0.8692 -0.4819 0.1106
vn -0.9828 -0.1416 0.1187
vn -0.6544 -0.7514 0.0844
vn -0.4911 -0.8687 0.0642
vn -0.3835 -0.9221 0.0510
vn -0.3109 -0.9495 0.0422
vn -0.2593 -0.9651 0.0361
vn -0.2207 -0.9748 0.0316
vn -0.1907 -0.9812 0.0283
vn -0.1665 -0.9857 0.0256
vn -0.1464 -0.9889 0.0236
vn -0.1292 -0.9914 0.0220
vn -0.8612 -0.4862 0.1479
vn -0.9768 -0.1431 0.1590
vn -0.6450 -0.7558 0.1124
vn -0.4825 -0.8717 0.0853
vn -0.3764 -0.9240 0.0677
vn -0.3052 -0.9506 0.0560
vn -0.2548 -0.9658 0.0478
vn -0.2174 -0.9752 0.0419
vn -0.1883 -0.9814 0.0374
vn -0.1650 -0.9857 0.0340
vn -0.1455 -0.9888 0.0313
vn -0.1289 -0.9912 0.0292
vn -0.8515 -0.4905 0.1853
vn -0.9689 -0.1447 0.2004
vn -0.6343 -0.7602 0.1402
vn -0.4732 -0.8745 0.1061
vn -0.3689 -0.9257 0.0840
vn -0.2993 -0.9516 0.0694
vn -0.2503 -0.9663 0.0593
vn -0.2140 -0.9754 0.0519
vn -0.1859 -0.9814 0.0463
vn -0.1634 -0.9857 0.0421
vn -0.1446 -0.9887 0.0388
vn -0.1286 -0.9910 0.0362
vn -0.8395 -0.4954 0.2229
vn -0.9589 -0.1463 0.2430
vn -0.6220 -0.7648 0.1675
vn -0.4630 -0.8773 0.1263
vn -0.3608 -0.9272 0.0999
vn -0.2930 -0.9525 0.0824
vn -0.2456 -0.9668 0.0704
vn -0.2105 -0.9756 0.0616
vn -0.1835 -0.9815 0.0550
vn -0.1617 -0.9855 0.0500
vn -0.1437 -0.9885 0.0460
vn -0.1282 -0.9908 0.0430
vn -0.8252 -0.5011 0.2608
vn -0.9464 -0.1484 0.2869
vn -0.6079 -0.7698 0.1945
vn -0.4515 -0.8802 0.1460
vn -0.3520 -0.9289 0.1152
vn -0.2863 -0.9534 0.0950
vn -0.2405 -0.9673 0.0811
vn -0.2068 -0.9758 0.0709
vn -0.1808 -0.9814 0.0633
vn -0.1600 -0.9854 0.0575
vn -0.1427 -0.9883 0.0530
vn -0.1279 -0.9905 0.0496
vn -0.8082 -0.5073 0.2990
vn -0.9310 -0.1510 0.3321
vn -0.5918 -0.7752 0.2209
vn -0.4387 -0.8833 0.1651
vn -0.3421 -0.9306 0.1300
vn -0.2787 -0.9544 0.1071
vn -0.2347 -0.9677 0.0913
vn -0.2025 -0.9760 0.0798
vn -0.1777 -0.9815 0.0712
vn -0.1580 -0.9853 0.0647
vn -0.1416 -0.9881 0.0596
vn -0.1275 -0.9902 0.0558
vn -0.7884 -0.5144 0.3374
vn -0.9124 -0.1539 0.3792
vn -0.5735 -0.7812 0.2466
vn -0.4242 -0.8868 0.1834
vn -0.3310 -0.9326 0.1441
vn -0.2701 -0.9555 0.1185
vn -0.2280 -0.9684 0.1009
vn -0.1973 -0.9763 0.0882
vn -0.1740 -0.9816 0.0787
vn -0.1555 -0.9852 0.0714
vn -0.1402 -0.9879 0.0658
vn -0.1270 -0.9900 0.0617
vn -0.7654 -0.5225 0.3756
vn -0.8899 -0.1574 0.4281
vn -0.5529 -0.7878 0.2714
vn -0.4079 -0.8906 0.2008
vn -0.3183 -0.9348 0.1574
vn -0.2600 -0.9569 0.1292
vn -0.2200 -0.9693 0.1099
vn -0.1910 -0.9769 0.0960
vn -0.1691 -0.9818 0.0856
vn -0.1520 -0.9853 0.0776
vn -0.1383 -0.9878 0.0715
vn -0.1264 -0.9897 0.0670
vn -0.0222 0.6421 0.7663
vn -0.0887 0.6424 0.7612
vn -0.1103 0.2190 0.9695
vn -0.0143 0.8746 0.4846
vn -0.0568 0.8754 0.4799
vn -0.0100 0.9416 0.3364
vn -0.0399 0.9424 0.3322
vn -0.0077 0.9673 0.2536
vn -0.0306 0.9677 0.2501
vn -0.0062 0.9795 0.2015
vn -0.0249 0.9797 0.1986
vn -0.0052 0.9862 0.1655
vn -0.0210 0.9863 0.1634
vn -0.0045 0.9902 0.1391
vn -0.0183 0.9903 0.1375
vn -0.0040 0.9929 0.1188
vn -0.0162 0.9929 0.1176
vn -0.0036 0.9947 0.1025
vn -0.0146 0.9947 0.1017
vn -0.0033 0.9960 0.0890
vn -0.0134 0.9959 0.0887
vn -0.0031 0.9970 0.0776
vn -0.0124 0.9969 0.0775
vn -0.0029 0.9977 0.0677
vn -0.0116 0.9976 0.0679
vn -0.1761 0.6418 0.7463
vn -0.2162 0.2189 0.9515
vn -0.1128 0.8751 0.4707
vn -0.0792 0.9422 0.3255
vn -0.0608 0.9676 0.2450
vn -0.0494 0.9796 0.1948
vn -0.0418 0.9861 0.1605
vn -0.0363 0.9901 0.1354
vn -0.0323 0.9927 0.1162
vn -0.0292 0.9944 0.1008
vn -0.0268 0.9957 0.0881
vn -0.0248 0.9967 0.0774
vn -0.0233 0.9974 0.0681
vn -0.2600 0.6371 0.7255
vn -0.3165 0.2165 0.9235
vn -0.1675 0.8721 0.4597
vn -0.1178 0.9406 0.3183
vn -0.0904 0.9666 0.2398
vn -0.0735 0.9788 0.1909
vn -0.0623 0.9855 0.1576
vn -0.0542 0.9896 0.1333
vn -0.0482 0.9922 0.1147
vn -0.0436 0.9940 0.0999
vn -0.0400 0.9953 0.0876
vn -0.0372 0.9963 0.0772
vn -0.0350 0.9970 0.0681
vn -0.3385 0.6292 0.6996
vn -0.4097 0.2124 0.8871
vn -0.2201 0.8669 0.4471
vn -0.1553 0.9378 0.3105
vn -0.1194 0.9648 0.2343
vn -0.0972 0.9775 0.1869
vn -0.0823 0.9845 0.1546
vn -0.0717 0.9887 0.1311
vn -0.0638 0.9915 0.1132
vn -0.0578 0.9934 0.0988
vn -0.0531 0.9948 0.0870
vn -0.0494 0.9958 0.0770
vn -0.0465 0.9966 0.0682
vn -0.4108 0.6188 0.6695
vn -0.4948 0.2069 0.8440
vn -0.2702 0.8600 0.4328
vn -0.1915 0.9338 0.3020
vn -0.1475 0.9623 0.2285
vn -0.1202 0.9758 0.1827
vn -0.1018 0.9832 0.1515
vn -0.0887 0.9877 0.1289
vn -0.0789 0.9906 0.1116
vn -0.0715 0.9926 0.0978
vn -0.0658 0.9941 0.0865
vn -0.0613 0.9951 0.0768
vn -0.0578 0.9960 0.0683
vn -0.4762 0.6069 0.6362
vn -0.5710 0.2006 0.7960
vn -0.3173 0.8518 0.4169
vn -0.2261 0.9291 0.2927
vn -0.1744 0.9592 0.2223
vn -0.1422 0.9736 0.1782
vn -0.1205 0.9816 0.1483
vn -0.1051 0.9864 0.1265
vn -0.0935 0.9895 0.1100
vn -0.0848 0.9917 0.0967
vn -0.0780 0.9932 0.0858
vn -0.0728 0.9944 0.0765
vn -0.0688 0.9953 0.0683
vn -0.5350 0.5940 0.6007
vn -0.6383 0.1939 0.7449
vn -0.3612 0.8426 0.3994
vn -0.2589 0.9236 0.2826
vn -0.2002 0.9557 0.2156
vn -0.1634 0.9712 0.1734
vn -0.1386 0.9797 0.1448
vn -0.1208 0.9849 0.1240
vn -0.1075 0.9883 0.1082
vn -0.0975 0.9906 0.0956
vn -0.0898 0.9923 0.0852
vn -0.0839 0.9935 0.0762
vn -0.0794 0.9945 0.0684
vn -0.5874 0.5806 0.5638
vn -0.6971 0.1870 0.6922
vn -0.4019 0.8328 0.3807
vn -0.2897 0.9178 0.2715
vn -0.2245 0.9520 0.2081
vn -0.1834 0.9685 0.1681
vn -0.1556 0.9777 0.1409
vn -0.1357 0.9833 0.1212
vn -0.1209 0.9870 0.1062
vn -0.1096 0.9895 0.0943
vn -0.1010 0.9913 0.0844
vn -0.0944 0.9926 0.0759
vn -0.0896 0.9936 0.0684
vn -0.6336 0.5672 0.5261
vn -0.7480 0.1800 0.6388
vn -0.4391 0.8228 0.3608
vn -0.3184 0.9117 0.2595
vn -0.2472 0.9481 0.1999
vn -0.2022 0.9658 0.1621
vn -0.1715 0.9757 0.1364
vn -0.1496 0.9817 0.1178
vn -0.1333 0.9856 0.1037
vn -0.1209 0.9883 0.0926
vn -0.1114 0.9903 0.0834
vn -0.1043 0.9917 0.0756
vn -0.0993 0.9927 0.0685
vn -0.6741 0.5542 0.4882
vn -0.7920 0.1733 0.5854
vn -0.4730 0.8128 0.3398
vn -0.3448 0.9057 0.2465
vn -0.2682 0.9442 0.1909
vn -0.2194 0.9632 0.1554
vn -0.1862 0.9737 0.1312
vn -0.1624 0.9801 0.1138
vn -0.1446 0.9843 0.1007
vn -0.1312 0.9872 0.0904
vn -0.1209 0.9893 0.0822
vn -0.1132 0.9907 0.0751
vn -0.1082 0.9917 0.0687
vn -0.7094 0.5422 0.4504
vn -0.8299 0.1671 0.5323
vn -0.5035 0.8034 0.3179
vn -0.3687 0.9000 0.2323
vn -0.2872 0.9406 0.1808
vn -0.2350 0.9607 0.1477
vn -0.1993 0.9719 0.1251
vn -0.1737 0.9788 0.1088
vn -0.1546 0.9832 0.0967
vn -0.1400 0.9863 0.0873
vn -0.1289 0.9884 0.0801
vn -0.1207 0.9899 0.0743
vn -0.1162 0.9908 0.0688
vn -0.0084 0.9999 0.0013
vn -0.0085 0.9999 0.0050
vn -0.0021 1.0000 0.0050
vn -0.0168 0.9998 0.0013
vn -0.0171 0.9998 0.0051
vn -0.0255 0.9997 0.0013
vn -0.0259 0.9996 0.0052
vn -0.0343 0.9994 0.0013
vn -0.0349 0.9994 0.0052
vn -0.0435 0.9990 0.0013
vn -0.0442 0.9990 0.0054
vn -0.0531 0.9986 0.0014
vn -0.0539 0.9985 0.0055
vn -0.0633 0.9980 0.0014
vn -0.0641 0.9979 0.0057
vn -0.0742 0.9972 0.0015
vn -0.0750 0.9972 0.0059
vn -0.0860 0.9963 0.0015
vn -0.0867 0.9962 0.0062
vn -0.0990 0.9951 0.0016
vn -0.0994 0.9950 0.0065
vn -0.1134 0.9935 0.0017
vn -0.1136 0.9935 0.0068
vn -0.1297 0.9915 0.0018
vn -0.1295 0.9915 0.0073
vn -0.0086 0.9999 0.0101
vn -0.0021 0.9999 0.0100
vn -0.0174 0.9998 0.0103
vn -0.0264 0.9996 0.0104
vn -0.0356 0.9993 0.0107
vn -0.0450 0.9989 0.0109
vn -0.0548 0.9984 0.0112
vn -0.0650 0.9978 0.0115
vn -0.0758 0.9970 0.0119
vn -0.0874 0.9961 0.0124
vn -0.0999 0.9949 0.0130
vn -0.1137 0.9934 0.0138
vn -0.1292 0.9915 0.0146
vn -0.0088 0.9998 0.0153
vn -0.0022 0.9999 0.0151
vn -0.0178 0.9997 0.0156
vn -0.0269 0.9995 0.0159
vn -0.0363 0.9992 0.0162
vn -0.0459 0.9988 0.0166
vn -0.0558 0.9983 0.0170
vn -0.0660 0.9977 0.0175
vn -0.0768 0.9969 0.0180
vn -0.0882 0.9959 0.0187
vn -0.1004 0.9947 0.0196
vn -0.1139 0.9933 0.0207
vn -0.1289 0.9914 0.0220
vn -0.0090 0.9997 0.0207
vn -0.0022 0.9998 0.0203
vn -0.0181 0.9996 0.0211
vn -0.0275 0.9994 0.0215
vn -0.0371 0.9991 0.0219
vn -0.0468 0.9986 0.0223
vn -0.0567 0.9981 0.0229
vn -0.0670 0.9975 0.0235
vn -0.0777 0.9967 0.0242
vn -0.0889 0.9957 0.0251
vn -0.1010 0.9945 0.0261
vn -0.1141 0.9931 0.0275
vn -0.1286 0.9912 0.0291
vn -0.0092 0.9996 0.0262
vn -0.0023 0.9997 0.0258
vn -0.0186 0.9995 0.0267
vn -0.0281 0.9992 0.0272
vn -0.0379 0.9989 0.0277
vn -0.0478 0.9984 0.0283
vn -0.0578 0.9979 0.0289
vn -0.0681 0.9972 0.0295
vn -0.0786 0.9964 0.0304
vn -0.0898 0.9955 0.0313
vn -0.1015 0.9943 0.0326
vn -0.1143 0.9929 0.0342
vn -0.1284 0.9911 0.0362
vn -0.0094 0.9994 0.0320
vn -0.0023 0.9995 0.0315
vn -0.0190 0.9993 0.0326
vn -0.0288 0.9990 0.0331
vn -0.0388 0.9987 0.0337
vn -0.0488 0.9982 0.0343
vn -0.0589 0.9977 0.0349
vn -0.0692 0.9969 0.0356
vn -0.0797 0.9961 0.0365
vn -0.0906 0.9952 0.0376
vn -0.1021 0.9940 0.0389
vn -0.1145 0.9926 0.0407
vn -0.1281 0.9908 0.0430
vn -0.0097 0.9992 0.0382
vn -0.0024 0.9993 0.0376
vn -0.0196 0.9991 0.0387
vn -0.0297 0.9988 0.0393
vn -0.0398 0.9984 0.0399
vn -0.0500 0.9979 0.0405
vn -0.0602 0.9973 0.0411
vn -0.0704 0.9966 0.0418
vn -0.0808 0.9958 0.0426
vn -0.0915 0.9948 0.0437
vn -0.1027 0.9937 0.0451
vn -0.1147 0.9923 0.0470
vn -0.1278 0.9905 0.0496
vn -0.0100 0.9989 0.0447
vn -0.0025 0.9990 0.0441
vn -0.0203 0.9987 0.0452
vn -0.0306 0.9985 0.0458
vn -0.0410 0.9981 0.0463
vn -0.0514 0.9976 0.0468
vn -0.0616 0.9969 0.0474
vn -0.0719 0.9962 0.0480
vn -0.0821 0.9954 0.0488
vn -0.0926 0.9944 0.0498
vn -0.1034 0.9933 0.0511
vn -0.1149 0.9919 0.0530
vn -0.1274 0.9903 0.0558
vn -0.0105 0.9986 0.0517
vn -0.0026 0.9987 0.0512
vn -0.0211 0.9984 0.0522
vn -0.0318 0.9981 0.0526
vn -0.0425 0.9977 0.0531
vn -0.0530 0.9971 0.0535
vn -0.0634 0.9965 0.0540
vn -0.0737 0.9958 0.0544
vn -0.0839 0.9949 0.0550
vn -0.0940 0.9940 0.0558
vn -0.1043 0.9929 0.0570
vn -0.1152 0.9916 0.0588
vn -0.1270 0.9900 0.0617
vn -0.0110 0.9982 0.0594
vn -0.0027 0.9982 0.0590
vn -0.0221 0.9980 0.0597
vn -0.0332 0.9976 0.0601
vn -0.0443 0.9972 0.0603
vn -0.0551 0.9966 0.0606
vn -0.0658 0.9960 0.0609
vn -0.0761 0.9952 0.0612
vn -0.0862 0.9944 0.0615
vn -0.0961 0.9934 0.0620
vn -0.1057 0.9924 0.0627
vn -0.1156 0.9912 0.0641
vn -0.1264 0.9897 0.0670
vn -0.1254 0.9895 0.0714
vn -0.9897 0.1377 0.0394
vn -0.8813 0.4710 0.0370
vn -0.8834 0.4684 0.0091
vn -0.9872 0.1389 0.0784
vn -0.8771 0.4746 0.0742
vn -0.9831 0.1400 0.1180
vn -0.8712 0.4781 0.1115
vn -0.9771 0.1414 0.1586
vn -0.8634 0.4821 0.1487
vn -0.9692 0.1430 0.2003
vn -0.8535 0.4867 0.1860
vn -0.9591 0.1449 0.2430
vn -0.8414 0.4920 0.2235
vn -0.9465 0.1473 0.2870
vn -0.8267 0.4982 0.2612
vn -0.9311 0.1501 0.3324
vn -0.8096 0.5050 0.2992
vn -0.9124 0.1532 0.3796
vn -0.7895 0.5127 0.3372
vn -0.8896 0.1570 0.4288
vn -0.7664 0.5214 0.3752
vn -0.8623 0.1617 0.4799
vn -0.7399 0.5312 0.4128
vn -0.6719 0.7401 0.0285
vn -0.6757 0.7371 0.0071
vn -0.6656 0.7441 0.0571
vn -0.6580 0.7481 0.0857
vn -0.6489 0.7523 0.1138
vn -0.6380 0.7569 0.1415
vn -0.6254 0.7618 0.1686
vn -0.6109 0.7672 0.1953
vn -0.5943 0.7731 0.2214
vn -0.5755 0.7796 0.2468
vn -0.5544 0.7867 0.2714
vn -0.5305 0.7946 0.2951
vn -0.5083 0.8608 0.0218
vn -0.5129 0.8584 0.0055
vn -0.5016 0.8640 0.0436
vn -0.4942 0.8669 0.0653
vn -0.4858 0.8697 0.0865
vn -0.4765 0.8726 0.1072
vn -0.4660 0.8756 0.1273
vn -0.4542 0.8787 0.1468
vn -0.4410 0.8821 0.1656
vn -0.4260 0.8859 0.1837
vn -0.4092 0.8900 0.2009
vn -0.3901 0.8947 0.2171
vn -0.3981 0.9172 0.0174
vn -0.4025 0.9154 0.0044
vn -0.3919 0.9193 0.0347
vn -0.3854 0.9213 0.0518
vn -0.3785 0.9230 0.0685
vn -0.3710 0.9247 0.0848
vn -0.3629 0.9264 0.1006
vn -0.3538 0.9281 0.1158
vn -0.3437 0.9300 0.1304
vn -0.3322 0.9321 0.1444
vn -0.3191 0.9345 0.1575
vn -0.3042 0.9373 0.1696
vn -0.3224 0.9465 0.0144
vn -0.3263 0.9452 0.0036
vn -0.3172 0.9479 0.0287
vn -0.3118 0.9492 0.0428
vn -0.3063 0.9502 0.0566
vn -0.3005 0.9512 0.0700
vn -0.2942 0.9521 0.0829
vn -0.2874 0.9530 0.0954
vn -0.2797 0.9540 0.1074
vn -0.2708 0.9553 0.1187
vn -0.2606 0.9567 0.1293
vn -0.2487 0.9585 0.1390
vn -0.2680 0.9633 0.0123
vn -0.2712 0.9625 0.0031
vn -0.2638 0.9642 0.0244
vn -0.2596 0.9650 0.0365
vn -0.2553 0.9656 0.0482
vn -0.2508 0.9662 0.0597
vn -0.2461 0.9666 0.0707
vn -0.2410 0.9671 0.0813
vn -0.2352 0.9676 0.0915
vn -0.2284 0.9683 0.1010
vn -0.2203 0.9692 0.1100
vn -0.2107 0.9704 0.1180
vn -0.2271 0.9738 0.0107
vn -0.2296 0.9733 0.0027
vn -0.2239 0.9744 0.0214
vn -0.2206 0.9748 0.0319
vn -0.2174 0.9752 0.0421
vn -0.2141 0.9754 0.0521
vn -0.2107 0.9756 0.0618
vn -0.2070 0.9757 0.0710
vn -0.2027 0.9760 0.0799
vn -0.1975 0.9763 0.0883
vn -0.1912 0.9768 0.0960
vn -0.1833 0.9776 0.1029
vn -0.1951 0.9807 0.0095
vn -0.1970 0.9804 0.0024
vn -0.1928 0.9810 0.0190
vn -0.1904 0.9813 0.0284
vn -0.1881 0.9814 0.0376
vn -0.1858 0.9815 0.0465
vn -0.1834 0.9815 0.0551
vn -0.1809 0.9814 0.0634
vn -0.1778 0.9815 0.0713
vn -0.1740 0.9816 0.0787
vn -0.1692 0.9818 0.0856
vn -0.1628 0.9824 0.0916
vn -0.1693 0.9855 0.0086
vn -0.1705 0.9853 0.0021
vn -0.1677 0.9857 0.0172
vn -0.1661 0.9857 0.0257
vn -0.1646 0.9857 0.0341
vn -0.1632 0.9857 0.0422
vn -0.1616 0.9856 0.0500
vn -0.1600 0.9854 0.0575
vn -0.1580 0.9853 0.0647
vn -0.1555 0.9852 0.0714
vn -0.1520 0.9853 0.0777
vn -0.1471 0.9856 0.0830
vn -0.1478 0.9890 0.0079
vn -0.1485 0.9889 0.0020
vn -0.1469 0.9890 0.0158
vn -0.1460 0.9890 0.0236
vn -0.1452 0.9889 0.0313
vn -0.1444 0.9887 0.0388
vn -0.1436 0.9886 0.0461
vn -0.1427 0.9883 0.0530
vn -0.1416 0.9881 0.0596
vn -0.1402 0.9879 0.0658
vn -0.1383 0.9878 0.0715
vn -0.1350 0.9879 0.0765
vn -0.0021 -1.0000 -0.0012
vn -0.0084 -0.9999 -0.0013
vn -0.0085 -0.9999 -0.0050
vn -0.0021 -1.0000 -0.0050
vn -0.0168 -0.9998 -0.0013
vn -0.0171 -0.9998 -0.0051
vn -0.0255 -0.9997 -0.0013
vn -0.0259 -0.9996 -0.0052
vn -0.0343 -0.9994 -0.0013
vn -0.0349 -0.9994 -0.0052
vn -0.0435 -0.9990 -0.0013
vn -0.0442 -0.9990 -0.0054
vn -0.0531 -0.9986 -0.0014
vn -0.0539 -0.9985 -0.0055
vn -0.0633 -0.9980 -0.0014
vn -0.0641 -0.9979 -0.0057
vn -0.0742 -0.9972 -0.0015
vn -0.0750 -0.9972 -0.0059
vn -0.0860 -0.9963 -0.0015
vn -0.0867 -0.9962 -0.0062
vn -0.0990 -0.9951 -0.0016
vn -0.0994 -0.9950 -0.0065
vn -0.1134 -0.9935 -0.0017
vn -0.1136 -0.9935 -0.0068
vn -0.1297 -0.9915 -0.0018
vn -0.1295 -0.9915 -0.0073
vn -0.0086 -0.9999 -0.0101
vn -0.0021 -0.9999 -0.0100
vn -0.0174 -0.9998 -0.0103
vn -0.0264 -0.9996 -0.0104
vn -0.0356 -0.9993 -0.0107
vn -0.0450 -0.9989 -0.0109
vn -0.0548 -0.9984 -0.0112
vn -0.0650 -0.9978 -0.0115
vn -0.0758 -0.9970 -0.0119
vn -0.0874 -0.9961 -0.0124
vn -0.0999 -0.9949 -0.0130
vn -0.1137 -0.9934 -0.0138
vn -0.1292 -0.9915 -0.0146
vn -0.0088 -0.9998 -0.0153
vn -0.0022 -0.9999 -0.0151
vn -0.0178 -0.9997 -0.0156
vn -0.0269 -0.9995 -0.0159
vn -0.0363 -0.9992 -0.0162
vn -0.0459 -0.9988 -0.0166
vn -0.0558 -0.9983 -0.0170
vn -0.0660 -0.9977 -0.0175
vn -0.0768 -0.9969 -0.0180
vn -0.0882 -0.9959 -0.0187
vn -0.1004 -0.9947 -0.0196
vn -0.1139 -0.9933 -0.0207
vn -0.1289 -0.9914 -0.0220
vn -0.0090 -0.9997 -0.0207
vn -0.0022 -0.9998 -0.0203
vn -0.0181 -0.9996 -0.0211
vn -0.0275 -0.9994 -0.0215
vn -0.0371 -0.9991 -0.0219
vn -0.0468 -0.9986 -0.0223
vn -0.0567 -0.9981 -0.0229
vn -0.0670 -0.9975 -0.0235
vn -0.0777 -0.9967 -0.0242
vn -0.0889 -0.9957 -0.0251
vn -0.1010 -0.9945 -0.0261
vn -0.1141 -0.9931 -0.0275
vn -0.1286 -0.9912 -0.0291
vn -0.0092 -0.9996 -0.0262
vn -0.0023 -0.9997 -0.0258
vn -0.0186 -0.9995 -0.0267
vn -0.0281 -0.9992 -0.0272
vn -0.0379 -0.9989 -0.0277
vn -0.0478 -0.9984 -0.0283
vn -0.0578 -0.9979 -0.0289
vn -0.0681 -0.9972 -0.0295
vn -0.0786 -0.9964 -0.0304
vn -0.0898 -0.9955 -0.0313
vn -0.1015 -0.9943 -0.0326
vn -0.1143 -0.9929 -0.0342
vn -0.1284 -0.9911 -0.0362
vn -0.0094 -0.9994 -0.0320
vn -0.0023 -0.9995 -0.0315
vn -0.0190 -0.9993 -0.0326
vn -0.0288 -0.9990 -0.0331
vn -0.0388 -0.9987 -0.0337
vn -0.0488 -0.9982 -0.0343
vn -0.0589 -0.9977 -0.0349
vn -0.0692 -0.9969 -0.0356
vn -0.0797 -0.9961 -0.0365
vn -0.0906 -0.9952 -0.0376
vn -0.1021 -0.9940 -0.0389
vn -0.1145 -0.9926 -0.0407
vn -0.1281 -0.9908 -0.0430
vn -0.0097 -0.9992 -0.0382
vn -0.0024 -0.9993 -0.0376
vn -0.0196 -0.9991 -0.0387
vn -0.0297 -0.9988 -0.0393
vn -0.0398 -0.9984 -0.0399
vn -0.0500 -0.9979 -0.0405
vn -0.0602 -0.9973 -0.0411
vn -0.0704 -0.9966 -0.0418
vn -0.0808 -0.9958 -0.0426
vn -0.0915 -0.9948 -0.0437
vn -0.1027 -0.9937 -0.0451
vn -0.1147 -0.9923 -0.0470
vn -0.1278 -0.9905 -0.0496
vn -0.0100 -0.9989 -0.0447
vn -0.0025 -0.9990 -0.0441
vn -0.0203 -0.9987 -0.0452
vn -0.0306 -0.9985 -0.0458
vn -0.0410 -0.9981 -0.0463
vn -0.0514 -0.9976 -0.0468
vn -0.0616 -0.9969 -0.0474
vn -0.0719 -0.9962 -0.0480
vn -0.0821 -0.9954 -0.0488
vn -0.0926 -0.9944 -0.0498
vn -0.1034 -0.9933 -0.0511
vn -0.1149 -0.9919 -0.0530
vn -0.1274 -0.9903 -0.0558
vn -0.0105 -0.9986 -0.0517
vn -0.0026 -0.9987 -0.0512
vn -0.0211 -0.9984 -0.0522
vn -0.0318 -0.9981 -0.0526
vn -0.0425 -0.9977 -0.0531
vn -0.0530 -0.9971 -0.0535
vn -0.0634 -0.9965 -0.0540
vn -0.0737 -0.9958 -0.0544
vn -0.0839 -0.9949 -0.0550
vn -0.0940 -0.9940 -0.0558
vn -0.1043 -0.9929 -0.0570
vn -0.1152 -0.9916 -0.0588
vn -0.1270 -0.9900 -0.0617
vn -0.0110 -0.9982 -0.0594
vn -0.0027 -0.9982 -0.0590
vn -0.0221 -0.9980 -0.0597
vn -0.0332 -0.9976 -0.0601
vn -0.0443 -0.9972 -0.0603
vn -0.0551 -0.9966 -0.0606
vn -0.0658 -0.9960 -0.0609
vn -0.0761 -0.9952 -0.0612
vn -0.0862 -0.9944 -0.0615
vn -0.0961 -0.9934 -0.0620
vn -0.1057 -0.9924 -0.0627
vn -0.1156 -0.9912 -0.0641
vn -0.1264 -0.9897 -0.0670
vn -0.0116 -0.9976 -0.0679
vn -0.0029 -0.9977 -0.0677
vn -0.0233 -0.9974 -0.0681
vn -0.0350 -0.9970 -0.0681
vn -0.0465 -0.9966 -0.0682
vn -0.0578 -0.9960 -0.0683
vn -0.0688 -0.9953 -0.0683
vn -0.0794 -0.9945 -0.0684
vn -0.0896 -0.9936 -0.0684
vn -0.0993 -0.9927 -0.0685
vn -0.1082 -0.9917 -0.0687
vn -0.1162 -0.9908 -0.0688
vn -0.1254 -0.9895 -0.0714
vn -0.9897 -0.1377 -0.0394
vn -0.8813 -0.4710 -0.0370
vn -0.8834 -0.4684 -0.0091
vn -0.9872 -0.1389 -0.0784
vn -0.8771 -0.4746 -0.0742
vn -0.9831 -0.1400 -0.1180
vn -0.8712 -0.4781 -0.1115
vn -0.9771 -0.1414 -0.1586
vn -0.8634 -0.4821 -0.1487
vn -0.9692 -0.1430 -0.2003
vn -0.8535 -0.4867 -0.1860
vn -0.9591 -0.1449 -0.2430
vn -0.8414 -0.4920 -0.2235
vn -0.9465 -0.1473 -0.2870
vn -0.8267 -0.4982 -0.2612
vn -0.9311 -0.1501 -0.3324
vn -0.8096 -0.5050 -0.2992
vn -0.9124 -0.1532 -0.3796
vn -0.7895 -0.5127 -0.3372
vn -0.8896 -0.1571 -0.4288
vn -0.7664 -0.5214 -0.3752
vn -0.8623 -0.1617 -0.4799
vn -0.7399 -0.5312 -0.4128
vn -0.8299 -0.1671 -0.5323
vn -0.7094 -0.5422 -0.4504
vn -0.6719 -0.7401 -0.0285
vn -0.6757 -0.7371 -0.0071
vn -0.6656 -0.7441 -0.0571
vn -0.6580 -0.7481 -0.0857
vn -0.6489 -0.7523 -0.1138
vn -0.6380 -0.7569 -0.1415
vn -0.6254 -0.7619 -0.1686
vn -0.6109 -0.7672 -0.1953
vn -0.5943 -0.7731 -0.2214
vn -0.5755 -0.7796 -0.2468
vn -0.5544 -0.7867 -0.2714
vn -0.5305 -0.7946 -0.2951
vn -0.5034 -0.8034 -0.3179
vn -0.5083 -0.8608 -0.0218
vn -0.5129 -0.8584 -0.0055
vn -0.5016 -0.8640 -0.0436
vn -0.4942 -0.8669 -0.0653
vn -0.4858 -0.8697 -0.0865
vn -0.4765 -0.8726 -0.1072
vn -0.4660 -0.8756 -0.1273
vn -0.4542 -0.8787 -0.1468
vn -0.4410 -0.8821 -0.1656
vn -0.4260 -0.8859 -0.1837
vn -0.4092 -0.8900 -0.2009
vn -0.3901 -0.8947 -0.2171
vn -0.3687 -0.9000 -0.2323
vn -0.3981 -0.9172 -0.0174
vn -0.4025 -0.9154 -0.0044
vn -0.3919 -0.9193 -0.0347
vn -0.3854 -0.9213 -0.0518
vn -0.3785 -0.9230 -0.0685
vn -0.3710 -0.9247 -0.0848
vn -0.3629 -0.9264 -0.1006
vn -0.3538 -0.9281 -0.1158
vn -0.3437 -0.9300 -0.1304
vn -0.3322 -0.9321 -0.1444
vn -0.3191 -0.9345 -0.1575
vn -0.3042 -0.9373 -0.1696
vn -0.2872 -0.9406 -0.1808
vn -0.3224 -0.9465 -0.0144
vn -0.3263 -0.9452 -0.0036
vn -0.3172 -0.9479 -0.0287
vn -0.3118 -0.9492 -0.0428
vn -0.3063 -0.9502 -0.0566
vn -0.3005 -0.9512 -0.0700
vn -0.2942 -0.9521 -0.0829
vn -0.2874 -0.9530 -0.0954
vn -0.2797 -0.9540 -0.1074
vn -0.2708 -0.9553 -0.1187
vn -0.2606 -0.9567 -0.1293
vn -0.2487 -0.9585 -0.1390
vn -0.2350 -0.9607 -0.1477
vn -0.2680 -0.9633 -0.0123
vn -0.2712 -0.9625 -0.0031
vn -0.2638 -0.9642 -0.0244
vn -0.2596 -0.9650 -0.0365
vn -0.2553 -0.9656 -0.0482
vn -0.2508 -0.9662 -0.0597
vn -0.2461 -0.9666 -0.0707
vn -0.2410 -0.9671 -0.0813
vn -0.2352 -0.9676 -0.0915
vn -0.2284 -0.9683 -0.1010
vn -0.2203 -0.9692 -0.1100
vn -0.2107 -0.9704 -0.1180
vn -0.1993 -0.9719 -0.1251
vn -0.2271 -0.9738 -0.0107
vn -0.2296 -0.9733 -0.0027
vn -0.2239 -0.9744 -0.0214
vn -0.2206 -0.9748 -0.0319
vn -0.2174 -0.9752 -0.0421
vn -0.2141 -0.9754 -0.0521
vn -0.2107 -0.9756 -0.0618
vn -0.2070 -0.9757 -0.0710
vn -0.2027 -0.9760 -0.0799
vn -0.1975 -0.9763 -0.0883
vn -0.1912 -0.9768 -0.0960
vn -0.1833 -0.9776 -0.1029
vn -0.1737 -0.9788 -0.1088
vn -0.1951 -0.9807 -0.0095
vn -0.1970 -0.9804 -0.0024
vn -0.1928 -0.9810 -0.0190
vn -0.1904 -0.9813 -0.0284
vn -0.1881 -0.9814 -0.0376
vn -0.1858 -0.9815 -0.0465
vn -0.1834 -0.9815 -0.0551
vn -0.1809 -0.9814 -0.0634
vn -0.1778 -0.9815 -0.0713
vn -0.1740 -0.9816 -0.0787
vn -0.1692 -0.9818 -0.0856
vn -0.1628 -0.9824 -0.0916
vn -0.1546 -0.9832 -0.0967
vn -0.1693 -0.9855 -0.0086
vn -0.1705 -0.9853 -0.0021
vn -0.1677 -0.9857 -0.0172
vn -0.1661 -0.9857 -0.0257
vn -0.1646 -0.9857 -0.0341
vn -0.1632 -0.9857 -0.0422
vn -0.1616 -0.9856 -0.0500
vn -0.1600 -0.9854 -0.0575
vn -0.1580 -0.9853 -0.0647
vn -0.1555 -0.9852 -0.0714
vn -0.1520 -0.9853 -0.0777
vn -0.1471 -0.9856 -0.0830
vn -0.1400 -0.9863 -0.0873
vn -0.1478 -0.9890 -0.0079
vn -0.1485 -0.9889 -0.0020
vn -0.1469 -0.9890 -0.0158
vn -0.1460 -0.9890 -0.0236
vn -0.1452 -0.9889 -0.0313
vn -0.1444 -0.9887 -0.0388
vn -0.1436 -0.9886 -0.0461
vn -0.1427 -0.9883 -0.0530
vn -0.1416 -0.9881 -0.0596
vn -0.1402 -0.9879 -0.0658
vn -0.1383 -0.9878 -0.0715
vn -0.1350 -0.9879 -0.0765
vn -0.1289 -0.9884 -0.0801
vn -0.1207 -0.9899 -0.0743
vn -0.0222 -0.6421 -0.7663
vn -0.0887 -0.6424 -0.7612
vn -0.1103 -0.2190 -0.9695
vn -0.0143 -0.8746 -0.4846
vn -0.0569 -0.8754 -0.4799
vn -0.0100 -0.9416 -0.3364
vn -0.0399 -0.9424 -0.3322
vn -0.0077 -0.9673 -0.2536
vn -0.0306 -0.9677 -0.2501
vn -0.0062 -0.9795 -0.2015
vn -0.0249 -0.9797 -0.1986
vn -0.0052 -0.9862 -0.1655
vn -0.0210 -0.9863 -0.1634
vn -0.0045 -0.9902 -0.1391
vn -0.0183 -0.9903 -0.1375
vn -0.0040 -0.9929 -0.1188
vn -0.0162 -0.9929 -0.1176
vn -0.0036 -0.9947 -0.1025
vn -0.0146 -0.9947 -0.1017
vn -0.0033 -0.9960 -0.0890
vn -0.0134 -0.9959 -0.0887
vn -0.0031 -0.9970 -0.0776
vn -0.0124 -0.9969 -0.0775
vn -0.1761 -0.6418 -0.7463
vn -0.2162 -0.2189 -0.9515
vn -0.1128 -0.8751 -0.4707
vn -0.0792 -0.9422 -0.3255
vn -0.0608 -0.9676 -0.2450
vn -0.0494 -0.9796 -0.1948
vn -0.0418 -0.9861 -0.1605
vn -0.0363 -0.9901 -0.1354
vn -0.0323 -0.9927 -0.1162
vn -0.0292 -0.9944 -0.1008
vn -0.0268 -0.9957 -0.0881
vn -0.0248 -0.9967 -0.0774
vn -0.2600 -0.6371 -0.7255
vn -0.3165 -0.2165 -0.9235
vn -0.1675 -0.8721 -0.4597
vn -0.1178 -0.9406 -0.3183
vn -0.0904 -0.9666 -0.2398
vn -0.0735 -0.9788 -0.1909
vn -0.0623 -0.9855 -0.1576
vn -0.0542 -0.9896 -0.1333
vn -0.0482 -0.9922 -0.1147
vn -0.0436 -0.9940 -0.0999
vn -0.0400 -0.9953 -0.0876
vn -0.0372 -0.9963 -0.0772
vn -0.3385 -0.6292 -0.6996
vn -0.4097 -0.2124 -0.8871
vn -0.2201 -0.8669 -0.4471
vn -0.1553 -0.9378 -0.3105
vn -0.1194 -0.9648 -0.2343
vn -0.0972 -0.9775 -0.1869
vn -0.0823 -0.9845 -0.1546
vn -0.0717 -0.9887 -0.1311
vn -0.0638 -0.9915 -0.1132
vn -0.0578 -0.9934 -0.0988
vn -0.0531 -0.9948 -0.0870
vn -0.0494 -0.9958 -0.0770
vn -0.4108 -0.6188 -0.6695
vn -0.4948 -0.2069 -0.8440
vn -0.2702 -0.8600 -0.4328
vn -0.1915 -0.9338 -0.3020
vn -0.1475 -0.9623 -0.2285
vn -0.1202 -0.9758 -0.1827
vn -0.1018 -0.9832 -0.1515
vn -0.0887 -0.9877 -0.1289
vn -0.0789 -0.9906 -0.1116
vn -0.0715 -0.9926 -0.0978
vn -0.0658 -0.9941 -0.0865
vn -0.0613 -0.9951 -0.0768
vn -0.4763 -0.6069 -0.6362
vn -0.5710 -0.2006 -0.7960
vn -0.3173 -0.8518 -0.4169
vn -0.2261 -0.9291 -0.2927
vn -0.1744 -0.9592 -0.2223
vn -0.1422 -0.9736 -0.1782
vn -0.1205 -0.9816 -0.1483
vn -0.1051 -0.9864 -0.1265
vn -0.0935 -0.9895 -0.1100
vn -0.0848 -0.9917 -0.0967
vn -0.0780 -0.9932 -0.0858
vn -0.0728 -0.9944 -0.0765
vn -0.5350 -0.5940 -0.6007
vn -0.6383 -0.1939 -0.7449
vn -0.3612 -0.8426 -0.3994
vn -0.2589 -0.9236 -0.2826
vn -0.2002 -0.9557 -0.2156
vn -0.1634 -0.9712 -0.1734
vn -0.1386 -0.9797 -0.1448
vn -0.1208 -0.9849 -0.1240
vn -0.1075 -0.9883 -0.1082
vn -0.0975 -0.9906 -0.0956
vn -0.0898 -0.9923 -0.0852
vn -0.0839 -0.9935 -0.0762
vn -0.5874 -0.5806 -0.5638
vn -0.6970 -0.1870 -0.6922
vn -0.4019 -0.8328 -0.3807
vn -0.2897 -0.9178 -0.2715
vn -0.2245 -0.9520 -0.2081
vn -0.1834 -0.9685 -0.1681
vn -0.1556 -0.9777 -0.1409
vn -0.1357 -0.9833 -0.1212
vn -0.1209 -0.9870 -0.1062
vn -0.1096 -0.9895 -0.0943
vn -0.1010 -0.9913 -0.0844
vn -0.0944 -0.9926 -0.0759
vn -0.6336 -0.5672 -0.5261
vn -0.7480 -0.1800 -0.6388
vn -0.4391 -0.8228 -0.3608
vn -0.3184 -0.9117 -0.2595
vn -0.2472 -0.9481 -0.1999
vn -0.2022 -0.9658 -0.1621
vn -0.1715 -0.9757 -0.1364
vn -0.1496 -0.9817 -0.1178
vn -0.1333 -0.9856 -0.1037
vn -0.1209 -0.9883 -0.0926
vn -0.1114 -0.9903 -0.0834
vn -0.1043 -0.9917 -0.0756
vn -0.6741 -0.5542 -0.4882
vn -0.7920 -0.1733 -0.5854
vn -0.4730 -0.8128 -0.3398
vn -0.3448 -0.9057 -0.2465
vn -0.2682 -0.9442 -0.1909
vn -0.2194 -0.9632 -0.1554
vn -0.1862 -0.9737 -0.1312
vn -0.1624 -0.9801 -0.1138
vn -0.1446 -0.9843 -0.1007
vn -0.1312 -0.9872 -0.0904
vn -0.1209 -0.9893 -0.0822
vn -0.1132 -0.9907 -0.0751
vn -0.0021 1.0000 -0.0049
vn -0.0085 0.9999 -0.0050
vn -0.0084 0.9999 -0.0013
vn -0.0021 0.9999 -0.0099
vn -0.0086 0.9999 -0.0102
vn -0.0022 0.9999 -0.0151
vn -0.0087 0.9998 -0.0154
vn -0.0022 0.9998 -0.0203
vn -0.0089 0.9997 -0.0208
vn -0.0022 0.9997 -0.0258
vn -0.0091 0.9996 -0.0263
vn -0.0023 0.9995 -0.0315
vn -0.0093 0.9994 -0.0321
vn -0.0024 0.9993 -0.0376
vn -0.0096 0.9992 -0.0382
vn -0.0024 0.9990 -0.0441
vn -0.0100 0.9989 -0.0446
vn -0.0026 0.9987 -0.0512
vn -0.0104 0.9986 -0.0517
vn -0.0027 0.9982 -0.0590
vn -0.0109 0.9982 -0.0593
vn -0.0029 0.9977 -0.0677
vn -0.0116 0.9976 -0.0678
vn -0.0031 0.9970 -0.0776
vn -0.0124 0.9969 -0.0775
vn -0.0170 0.9998 -0.0051
vn -0.0168 0.9998 -0.0013
vn -0.0173 0.9998 -0.0103
vn -0.0176 0.9997 -0.0157
vn -0.0179 0.9996 -0.0212
vn -0.0183 0.9995 -0.0268
vn -0.0189 0.9993 -0.0326
vn -0.0194 0.9991 -0.0387
vn -0.0201 0.9987 -0.0452
vn -0.0210 0.9984 -0.0521
vn -0.0220 0.9980 -0.0596
vn -0.0233 0.9974 -0.0679
vn -0.0248 0.9967 -0.0772
vn -0.0258 0.9996 -0.0052
vn -0.0254 0.9997 -0.0013
vn -0.0262 0.9996 -0.0106
vn -0.0267 0.9995 -0.0160
vn -0.0273 0.9994 -0.0216
vn -0.0279 0.9992 -0.0273
vn -0.0286 0.9990 -0.0332
vn -0.0295 0.9988 -0.0393
vn -0.0304 0.9985 -0.0457
vn -0.0316 0.9981 -0.0526
vn -0.0331 0.9977 -0.0599
vn -0.0349 0.9971 -0.0680
vn -0.0372 0.9963 -0.0770
vn -0.0348 0.9994 -0.0053
vn -0.0343 0.9994 -0.0013
vn -0.0354 0.9993 -0.0108
vn -0.0361 0.9992 -0.0164
vn -0.0368 0.9991 -0.0220
vn -0.0376 0.9989 -0.0278
vn -0.0385 0.9987 -0.0338
vn -0.0396 0.9984 -0.0399
vn -0.0408 0.9981 -0.0463
vn -0.0423 0.9977 -0.0530
vn -0.0442 0.9972 -0.0602
vn -0.0465 0.9966 -0.0681
vn -0.0494 0.9958 -0.0768
vn -0.0441 0.9990 -0.0054
vn -0.0435 0.9990 -0.0013
vn -0.0449 0.9989 -0.0110
vn -0.0457 0.9988 -0.0167
vn -0.0466 0.9987 -0.0225
vn -0.0475 0.9984 -0.0284
vn -0.0486 0.9982 -0.0344
vn -0.0498 0.9979 -0.0405
vn -0.0512 0.9976 -0.0468
vn -0.0529 0.9972 -0.0534
vn -0.0550 0.9966 -0.0605
vn -0.0578 0.9960 -0.0681
vn -0.0613 0.9951 -0.0766
vn -0.0539 0.9985 -0.0056
vn -0.0531 0.9986 -0.0014
vn -0.0548 0.9984 -0.0113
vn -0.0557 0.9983 -0.0171
vn -0.0566 0.9981 -0.0230
vn -0.0576 0.9979 -0.0290
vn -0.0587 0.9977 -0.0350
vn -0.0600 0.9973 -0.0411
vn -0.0615 0.9970 -0.0474
vn -0.0634 0.9965 -0.0539
vn -0.0657 0.9960 -0.0608
vn -0.0688 0.9953 -0.0682
vn -0.0728 0.9944 -0.0764
vn -0.0641 0.9979 -0.0057
vn -0.0633 0.9980 -0.0014
vn -0.0651 0.9978 -0.0116
vn -0.0660 0.9977 -0.0176
vn -0.0670 0.9975 -0.0236
vn -0.0680 0.9972 -0.0297
vn -0.0691 0.9969 -0.0357
vn -0.0703 0.9966 -0.0418
vn -0.0718 0.9962 -0.0480
vn -0.0736 0.9958 -0.0544
vn -0.0761 0.9952 -0.0611
vn -0.0794 0.9945 -0.0683
vn -0.0839 0.9935 -0.0762
vn -0.0750 0.9972 -0.0060
vn -0.0742 0.9972 -0.0015
vn -0.0759 0.9970 -0.0120
vn -0.0769 0.9969 -0.0182
vn -0.0778 0.9966 -0.0243
vn -0.0787 0.9964 -0.0305
vn -0.0797 0.9961 -0.0366
vn -0.0808 0.9958 -0.0427
vn -0.0821 0.9954 -0.0488
vn -0.0838 0.9949 -0.0550
vn -0.0862 0.9944 -0.0615
vn -0.0896 0.9936 -0.0684
vn -0.0944 0.9926 -0.0759
vn -0.0868 0.9962 -0.0062
vn -0.0861 0.9963 -0.0015
vn -0.0876 0.9961 -0.0125
vn -0.0884 0.9959 -0.0189
vn -0.0891 0.9957 -0.0252
vn -0.0898 0.9955 -0.0314
vn -0.0906 0.9951 -0.0376
vn -0.0915 0.9948 -0.0437
vn -0.0926 0.9944 -0.0498
vn -0.0940 0.9940 -0.0558
vn -0.0960 0.9934 -0.0620
vn -0.0993 0.9927 -0.0685
vn -0.1043 0.9917 -0.0756
vn -0.0996 0.9950 -0.0065
vn -0.0990 0.9951 -0.0016
vn -0.1001 0.9949 -0.0131
vn -0.1007 0.9947 -0.0197
vn -0.1012 0.9945 -0.0262
vn -0.1017 0.9943 -0.0327
vn -0.1022 0.9940 -0.0390
vn -0.1027 0.9937 -0.0451
vn -0.1034 0.9933 -0.0511
vn -0.1043 0.9929 -0.0570
vn -0.1057 0.9924 -0.0627
vn -0.1082 0.9917 -0.0687
vn -0.1132 0.9907 -0.0751
vn -0.1137 0.9935 -0.0068
vn -0.1135 0.9935 -0.0017
vn -0.1140 0.9934 -0.0138
vn -0.1141 0.9932 -0.0207
vn -0.1143 0.9930 -0.0275
vn -0.1144 0.9928 -0.0342
vn -0.1146 0.9926 -0.0407
vn -0.1147 0.9923 -0.0470
vn -0.1149 0.9919 -0.0531
vn -0.1152 0.9916 -0.0588
vn -0.1156 0.9912 -0.0641
vn -0.1162 0.9908 -0.0688
vn -0.1207 0.9899 -0.0743
vn -0.1096 0.2185 -0.9697
vn -0.0898 0.6411 -0.7622
vn -0.0223 0.6420 -0.7664
vn -0.2152 0.2174 -0.9520
vn -0.1782 0.6389 -0.7484
vn -0.3157 0.2145 -0.9243
vn -0.2625 0.6332 -0.7280
vn -0.4094 0.2102 -0.8878
vn -0.3410 0.6251 -0.7021
vn -0.4947 0.2048 -0.8445
vn -0.4130 0.6149 -0.6718
vn -0.5712 0.1987 -0.7964
vn -0.4780 0.6035 -0.6382
vn -0.6385 0.1923 -0.7451
vn -0.5363 0.5912 -0.6023
vn -0.6974 0.1857 -0.6922
vn -0.5882 0.5784 -0.5652
vn -0.7484 0.1791 -0.6386
vn -0.6340 0.5656 -0.5273
vn -0.7924 0.1727 -0.5850
vn -0.6741 0.5533 -0.4892
vn -0.8303 0.1668 -0.5317
vn -0.7089 0.5419 -0.4513
vn -0.8627 0.1617 -0.4791
vn -0.7391 0.5317 -0.4136
vn -0.0577 0.8745 -0.4816
vn -0.0144 0.8744 -0.4850
vn -0.1147 0.8733 -0.4735
vn -0.1701 0.8698 -0.4632
vn -0.2230 0.8644 -0.4506
vn -0.2730 0.8575 -0.4360
vn -0.3197 0.8495 -0.4196
vn -0.3631 0.8406 -0.4018
vn -0.4033 0.8312 -0.3826
vn -0.4400 0.8216 -0.3623
vn -0.4733 0.8122 -0.3409
vn -0.5031 0.8033 -0.3186
vn -0.5296 0.7951 -0.2954
vn -0.0406 0.9419 -0.3333
vn -0.0102 0.9416 -0.3366
vn -0.0806 0.9414 -0.3274
vn -0.1198 0.9396 -0.3207
vn -0.1576 0.9366 -0.3130
vn -0.1937 0.9326 -0.3044
vn -0.2280 0.9279 -0.2948
vn -0.2604 0.9226 -0.2844
vn -0.2908 0.9170 -0.2730
vn -0.3191 0.9112 -0.2607
vn -0.3450 0.9054 -0.2473
vn -0.3685 0.9000 -0.2328
vn -0.3894 0.8950 -0.2173
vn -0.0311 0.9676 -0.2507
vn -0.0078 0.9672 -0.2537
vn -0.0617 0.9673 -0.2461
vn -0.0918 0.9661 -0.2412
vn -0.1210 0.9642 -0.2358
vn -0.1490 0.9617 -0.2300
vn -0.1758 0.9586 -0.2236
vn -0.2013 0.9552 -0.2167
vn -0.2253 0.9516 -0.2091
vn -0.2477 0.9478 -0.2007
vn -0.2684 0.9441 -0.1914
vn -0.2871 0.9406 -0.1811
vn -0.3037 0.9375 -0.1697
vn -0.0252 0.9797 -0.1989
vn -0.0063 0.9795 -0.2015
vn -0.0501 0.9794 -0.1953
vn -0.0745 0.9786 -0.1916
vn -0.0983 0.9773 -0.1876
vn -0.1212 0.9755 -0.1834
vn -0.1431 0.9734 -0.1790
vn -0.1641 0.9709 -0.1741
vn -0.1839 0.9683 -0.1687
vn -0.2025 0.9657 -0.1626
vn -0.2196 0.9631 -0.1557
vn -0.2349 0.9607 -0.1479
vn -0.2484 0.9586 -0.1390
vn -0.0212 0.9863 -0.1635
vn -0.0053 0.9862 -0.1655
vn -0.0422 0.9861 -0.1606
vn -0.0629 0.9854 -0.1578
vn -0.0830 0.9844 -0.1549
vn -0.1025 0.9831 -0.1518
vn -0.1211 0.9814 -0.1486
vn -0.1390 0.9796 -0.1451
vn -0.1559 0.9776 -0.1412
vn -0.1717 0.9756 -0.1367
vn -0.1863 0.9737 -0.1314
vn -0.1993 0.9719 -0.1252
vn -0.2105 0.9704 -0.1180
vn -0.0184 0.9903 -0.1375
vn -0.0046 0.9902 -0.1391
vn -0.0367 0.9901 -0.1354
vn -0.0546 0.9896 -0.1333
vn -0.0721 0.9887 -0.1311
vn -0.0891 0.9876 -0.1289
vn -0.1054 0.9863 -0.1267
vn -0.1210 0.9848 -0.1241
vn -0.1358 0.9832 -0.1213
vn -0.1497 0.9817 -0.1179
vn -0.1624 0.9801 -0.1139
vn -0.1736 0.9788 -0.1089
vn -0.1832 0.9777 -0.1029
vn -0.0163 0.9929 -0.1176
vn -0.0041 0.9929 -0.1188
vn -0.0325 0.9927 -0.1161
vn -0.0485 0.9922 -0.1145
vn -0.0641 0.9915 -0.1130
vn -0.0792 0.9906 -0.1115
vn -0.0937 0.9895 -0.1099
vn -0.1077 0.9883 -0.1082
vn -0.1209 0.9869 -0.1062
vn -0.1333 0.9856 -0.1038
vn -0.1447 0.9843 -0.1007
vn -0.1545 0.9832 -0.0967
vn -0.1627 0.9824 -0.0916
vn -0.0146 0.9947 -0.1017
vn -0.0036 0.9947 -0.1025
vn -0.0293 0.9945 -0.1007
vn -0.0438 0.9940 -0.0996
vn -0.0579 0.9934 -0.0987
vn -0.0717 0.9926 -0.0977
vn -0.0849 0.9917 -0.0967
vn -0.0976 0.9906 -0.0956
vn -0.1097 0.9895 -0.0942
vn -0.1209 0.9883 -0.0926
vn -0.1312 0.9872 -0.0904
vn -0.1400 0.9863 -0.0873
vn -0.1470 0.9856 -0.0830
vn -0.0134 0.9960 -0.0885
vn -0.0033 0.9960 -0.0890
vn -0.0268 0.9958 -0.0880
vn -0.0401 0.9954 -0.0874
vn -0.0531 0.9948 -0.0869
vn -0.0658 0.9941 -0.0863
vn -0.0781 0.9932 -0.0858
vn -0.0898 0.9923 -0.0851
vn -0.1010 0.9913 -0.0844
vn -0.1114 0.9903 -0.0834
vn -0.1209 0.9893 -0.0822
vn -0.1289 0.9884 -0.0801
vn -0.1350 0.9879 -0.0765
vn -0.1254 0.9895 -0.0714
vn -0.8833 0.4686 -0.0091
vn -0.8806 0.4724 -0.0364
vn -0.9896 0.1382 -0.0399
vn -0.6753 0.7374 -0.0070
vn -0.6704 0.7414 -0.0280
vn -0.5126 0.8586 -0.0054
vn -0.5070 0.8617 -0.0215
vn -0.4023 0.9155 -0.0043
vn -0.3972 0.9175 -0.0172
vn -0.3262 0.9453 -0.0036
vn -0.3220 0.9466 -0.0142
vn -0.2712 0.9625 -0.0030
vn -0.2679 0.9633 -0.0121
vn -0.2296 0.9733 -0.0027
vn -0.2272 0.9738 -0.0106
vn -0.1970 0.9804 -0.0023
vn -0.1953 0.9807 -0.0095
vn -0.1706 0.9853 -0.0021
vn -0.1694 0.9855 -0.0086
vn -0.1485 0.9889 -0.0020
vn -0.1480 0.9890 -0.0079
vn -0.1298 0.9915 -0.0018
vn -0.1297 0.9915 -0.0073
vn -0.8755 0.4775 -0.0734
vn -0.9870 0.1401 -0.0791
vn -0.6628 0.7467 -0.0562
vn -0.4992 0.8654 -0.0428
vn -0.3904 0.9200 -0.0342
vn -0.3165 0.9481 -0.0283
vn -0.2636 0.9643 -0.0242
vn -0.2239 0.9744 -0.0212
vn -0.1930 0.9810 -0.0189
vn -0.1680 0.9856 -0.0172
vn -0.1472 0.9890 -0.0157
vn -0.1294 0.9915 -0.0146
vn -0.8692 0.4819 -0.1106
vn -0.9828 0.1416 -0.1187
vn -0.6544 0.7514 -0.0844
vn -0.4911 0.8687 -0.0642
vn -0.3835 0.9221 -0.0510
vn -0.3109 0.9495 -0.0422
vn -0.2593 0.9651 -0.0361
vn -0.2207 0.9748 -0.0316
vn -0.1907 0.9812 -0.0283
vn -0.1665 0.9857 -0.0256
vn -0.1464 0.9889 -0.0236
vn -0.1292 0.9914 -0.0220
vn -0.8612 0.4862 -0.1479
vn -0.9768 0.1431 -0.1590
vn -0.6450 0.7558 -0.1124
vn -0.4825 0.8717 -0.0853
vn -0.3764 0.9240 -0.0677
vn -0.3052 0.9506 -0.0560
vn -0.2548 0.9658 -0.0478
vn -0.2174 0.9752 -0.0419
vn -0.1883 0.9814 -0.0374
vn -0.1650 0.9857 -0.0340
vn -0.1455 0.9888 -0.0313
vn -0.1289 0.9912 -0.0292
vn -0.8515 0.4905 -0.1853
vn -0.9689 0.1447 -0.2004
vn -0.6343 0.7602 -0.1402
vn -0.4732 0.8745 -0.1061
vn -0.3689 0.9257 -0.0840
vn -0.2993 0.9516 -0.0694
vn -0.2503 0.9663 -0.0593
vn -0.2141 0.9754 -0.0519
vn -0.1859 0.9814 -0.0463
vn -0.1634 0.9857 -0.0421
vn -0.1446 0.9887 -0.0388
vn -0.1286 0.9910 -0.0362
vn -0.8395 0.4954 -0.2229
vn -0.9589 0.1463 -0.2430
vn -0.6220 0.7648 -0.1675
vn -0.4630 0.8773 -0.1263
vn -0.3608 0.9272 -0.0999
vn -0.2930 0.9525 -0.0824
vn -0.2456 0.9668 -0.0704
vn -0.2105 0.9756 -0.0616
vn -0.1835 0.9815 -0.0550
vn -0.1617 0.9855 -0.0500
vn -0.1437 0.9885 -0.0460
vn -0.1282 0.9908 -0.0430
vn -0.8252 0.5011 -0.2608
vn -0.9464 0.1484 -0.2869
vn -0.6079 0.7698 -0.1945
vn -0.4515 0.8802 -0.1460
vn -0.3520 0.9289 -0.1152
vn -0.2863 0.9534 -0.0950
vn -0.2405 0.9673 -0.0811
vn -0.2068 0.9758 -0.0709
vn -0.1808 0.9814 -0.0633
vn -0.1600 0.9854 -0.0575
vn -0.1427 0.9883 -0.0530
vn -0.1279 0.9905 -0.0496
vn -0.8082 0.5073 -0.2990
vn -0.9310 0.1510 -0.3321
vn -0.5918 0.7752 -0.2209
vn -0.4387 0.8833 -0.1651
vn -0.3421 0.9306 -0.1300
vn -0.2787 0.9544 -0.1071
vn -0.2347 0.9677 -0.0913
vn -0.2025 0.9760 -0.0798
vn -0.1777 0.9815 -0.0712
vn -0.1580 0.9853 -0.0647
vn -0.1416 0.9881 -0.0596
vn -0.1275 0.9902 -0.0558
vn -0.7884 0.5144 -0.3374
vn -0.9124 0.1539 -0.3792
vn -0.5735 0.7812 -0.2466
vn -0.4242 0.8868 -0.1834
vn -0.3310 0.9326 -0.1441
vn -0.2701 0.9555 -0.1185
vn -0.2280 0.9684 -0.1009
vn -0.1973 0.9763 -0.0882
vn -0.1740 0.9816 -0.0787
vn -0.1555 0.9852 -0.0714
vn -0.1402 0.9879 -0.0658
vn -0.1270 0.9900 -0.0617
vn -0.7654 0.5225 -0.3756
vn -0.8899 0.1574 -0.4281
vn -0.5529 0.7878 -0.2714
vn -0.4079 0.8906 -0.2008
vn -0.3183 0.9348 -0.1574
vn -0.2600 0.9569 -0.1292
vn -0.2200 0.9693 -0.1099
vn -0.1910 0.9769 -0.0960
vn -0.1691 0.9818 -0.0856
vn -0.1520 0.9853 -0.0776
vn -0.1383 0.9878 -0.0715
vn -0.1264 0.9897 -0.0670
vn 0.0021 -1.0000 0.0012
vn 0.0084 -0.9999 0.0013
vn 0.0085 -0.9999 0.0050
vn 0.0021 -1.0000 0.0050
vn 0.0168 -0.9998 0.0013
vn 0.0171 -0.9998 0.0051
vn 0.0255 -0.9997 0.0013
vn 0.0259 -0.9996 0.0052
vn 0.0343 -0.9994 0.0013
vn 0.0349 -0.9994 0.0052
vn 0.0435 -0.9990 0.0013
vn 0.0442 -0.9990 0.0054
vn 0.0531 -0.9986 0.0014
vn 0.0539 -0.9985 0.0055
vn 0.0633 -0.9980 0.0014
vn 0.0641 -0.9979 0.0057
vn 0.0742 -0.9972 0.0015
vn 0.0750 -0.9972 0.0059
vn 0.0860 -0.9963 0.0015
vn 0.0867 -0.9962 0.0062
vn 0.0990 -0.9951 0.0016
vn 0.0994 -0.9950 0.0065
vn 0.1134 -0.9935 0.0017
vn 0.1136 -0.9935 0.0068
vn 0.1297 -0.9915 0.0018
vn 0.1295 -0.9915 0.0073
vn 0.0086 -0.9999 0.0101
vn 0.0021 -0.9999 0.0100
vn 0.0174 -0.9998 0.0103
vn 0.0264 -0.9996 0.0104
vn 0.0356 -0.9993 0.0107
vn 0.0450 -0.9989 0.0109
vn 0.0548 -0.9984 0.0112
vn 0.0650 -0.9978 0.0115
vn 0.0758 -0.9970 0.0119
vn 0.0874 -0.9961 0.0124
vn 0.0999 -0.9949 0.0130
vn 0.1137 -0.9934 0.0138
vn 0.1292 -0.9915 0.0146
vn 0.0088 -0.9998 0.0153
vn 0.0022 -0.9999 0.0151
vn 0.0178 -0.9997 0.0156
vn 0.0269 -0.9995 0.0159
vn 0.0363 -0.9992 0.0162
vn 0.0459 -0.9988 0.0166
vn 0.0558 -0.9983 0.0170
vn 0.0660 -0.9977 0.0175
vn 0.0768 -0.9969 0.0180
vn 0.0882 -0.9959 0.0187
vn 0.1004 -0.9947 0.0196
vn 0.1139 -0.9933 0.0207
vn 0.1289 -0.9914 0.0220
vn 0.0090 -0.9997 0.0207
vn 0.0022 -0.9998 0.0203
vn 0.0181 -0.9996 0.0211
vn 0.0275 -0.9994 0.0215
vn 0.0371 -0.9991 0.0219
vn 0.0468 -0.9986 0.0223
vn 0.0567 -0.9981 0.0229
vn 0.0670 -0.9975 0.0235
vn 0.0777 -0.9967 0.0242
vn 0.0889 -0.9957 0.0251
vn 0.1010 -0.9945 0.0261
vn 0.1141 -0.9931 0.0275
vn 0.1286 -0.9912 0.0291
vn 0.0092 -0.9996 0.0262
vn 0.0023 -0.9997 0.0258
vn 0.0186 -0.9995 0.0267
vn 0.0281 -0.9992 0.0272
vn 0.0379 -0.9989 0.0277
vn 0.0478 -0.9984 0.0283
vn 0.0578 -0.9979 0.0289
vn 0.0681 -0.9972 0.0295
vn 0.0786 -0.9964 0.0304
vn 0.0898 -0.9955 0.0313
vn 0.1015 -0.9943 0.0326
vn 0.1143 -0.9929 0.0342
vn 0.1284 -0.9911 0.0362
vn 0.0094 -0.9994 0.0320
vn 0.0023 -0.9995 0.0315
vn 0.0190 -0.9993 0.0326
vn 0.0288 -0.9990 0.0331
vn 0.0388 -0.9987 0.0337
vn 0.0488 -0.9982 0.0343
vn 0.0589 -0.9977 0.0349
vn 0.0692 -0.9969 0.0356
vn 0.0797 -0.9961 0.0365
vn 0.0906 -0.9952 0.0376
vn 0.1021 -0.9940 0.0389
vn 0.1145 -0.9926 0.0407
vn 0.1281 -0.9908 0.0430
vn 0.0097 -0.9992 0.0382
vn 0.0024 -0.9993 0.0376
vn 0.0196 -0.9991 0.0387
vn 0.0297 -0.9988 0.0393
vn 0.0398 -0.9984 0.0399
vn 0.0500 -0.9979 0.0405
vn 0.0602 -0.9973 0.0411
vn 0.0704 -0.9966 0.0418
vn 0.0808 -0.9958 0.0426
vn 0.0915 -0.9948 0.0437
vn 0.1027 -0.9937 0.0451
vn 0.1147 -0.9923 0.0470
vn 0.1278 -0.9905 0.0496
vn 0.0100 -0.9989 0.0447
vn 0.0025 -0.9990 0.0441
vn 0.0203 -0.9987 0.0452
vn 0.0306 -0.9985 0.0458
vn 0.0410 -0.9981 0.0463
vn 0.0514 -0.9976 0.0468
vn 0.0616 -0.9969 0.0474
vn 0.0719 -0.9962 0.0480
vn 0.0821 -0.9954 0.0488
vn 0.0926 -0.9944 0.0498
vn 0.1034 -0.9933 0.0511
vn 0.1149 -0.9919 0.0530
vn 0.1275 -0.9903 0.0558
vn 0.0105 -0.9986 0.0517
vn 0.0026 -0.9987 0.0512
vn 0.0211 -0.9984 0.0522
vn 0.0318 -0.9981 0.0526
vn 0.0425 -0.9977 0.0531
vn 0.0530 -0.9971 0.0535
vn 0.0634 -0.9965 0.0540
vn 0.0737 -0.9958 0.0544
vn 0.0839 -0.9949 0.0550
vn 0.0940 -0.9940 0.0558
vn 0.1043 -0.9929 0.0570
vn 0.1152 -0.9916 0.0588
vn 0.1270 -0.9900 0.0617
vn 0.0110 -0.9982 0.0594
vn 0.0027 -0.9982 0.0590
vn 0.0221 -0.9980 0.0597
vn 0.0332 -0.9976 0.0601
vn 0.0443 -0.9972 0.0603
vn 0.0551 -0.9966 0.0606
vn 0.0658 -0.9960 0.0609
vn 0.0761 -0.9952 0.0612
vn 0.0862 -0.9944 0.0615
vn 0.0961 -0.9934 0.0620
vn 0.1057 -0.9924 0.0627
vn 0.1156 -0.9912 0.0641
vn 0.1264 -0.9897 0.0670
vn 0.0116 -0.9976 0.0679
vn 0.0029 -0.9977 0.0677
vn 0.0233 -0.9974 0.0681
vn 0.0350 -0.9970 0.0681
vn 0.0465 -0.9966 0.0682
vn 0.0578 -0.9960 0.0683
vn 0.0688 -0.9953 0.0683
vn 0.0794 -0.9945 0.0684
vn 0.0896 -0.9936 0.0684
vn 0.0993 -0.9927 0.0685
vn 0.1082 -0.9917 0.0687
vn 0.1162 -0.9908 0.0688
vn 0.1254 -0.9895 0.0714
vn 0.9897 -0.1377 0.0394
vn 0.8813 -0.4710 0.0370
vn 0.8834 -0.4684 0.0091
vn 0.9872 -0.1390 0.0784
vn 0.8771 -0.4745 0.0742
vn 0.9831 -0.1401 0.1180
vn 0.8712 -0.4781 0.1115
vn 0.9771 -0.1414 0.1586
vn 0.8634 -0.4821 0.1487
vn 0.9692 -0.1430 0.2003
vn 0.8535 -0.4867 0.1860
vn 0.9591 -0.1449 0.2430
vn 0.8414 -0.4920 0.2235
vn 0.9465 -0.1472 0.2870
vn 0.8268 -0.4982 0.2612
vn 0.9311 -0.1500 0.3324
vn 0.8096 -0.5050 0.2992
vn 0.9124 -0.1532 0.3796
vn 0.7895 -0.5127 0.3372
vn 0.8896 -0.1570 0.4288
vn 0.7664 -0.5213 0.3752
vn 0.8623 -0.1617 0.4799
vn 0.7399 -0.5311 0.4128
vn 0.8299 -0.1672 0.5323
vn 0.7094 -0.5422 0.4504
vn 0.6719 -0.7400 0.0285
vn 0.6757 -0.7371 0.0071
vn 0.6656 -0.7441 0.0571
vn 0.6580 -0.7481 0.0857
vn 0.6489 -0.7523 0.1138
vn 0.6380 -0.7569 0.1415
vn 0.6254 -0.7619 0.1686
vn 0.6109 -0.7672 0.1953
vn 0.5943 -0.7731 0.2214
vn 0.5755 -0.7796 0.2468
vn 0.5544 -0.7867 0.2714
vn 0.5305 -0.7947 0.2951
vn 0.5034 -0.8034 0.3179
vn 0.5083 -0.8609 0.0218
vn 0.5129 -0.8584 0.0055
vn 0.5016 -0.8640 0.0436
vn 0.4942 -0.8669 0.0653
vn 0.4858 -0.8697 0.0865
vn 0.4765 -0.8726 0.1072
vn 0.4660 -0.8756 0.1273
vn 0.4542 -0.8787 0.1468
vn 0.4409 -0.8821 0.1656
vn 0.4260 -0.8859 0.1837
vn 0.4092 -0.8900 0.2009
vn 0.3901 -0.8948 0.2171
vn 0.3687 -0.9000 0.2323
vn 0.3981 -0.9172 0.0174
vn 0.4025 -0.9154 0.0044
vn 0.3919 -0.9193 0.0347
vn 0.3854 -0.9213 0.0518
vn 0.3785 -0.9230 0.0685
vn 0.3710 -0.9247 0.0848
vn 0.3629 -0.9264 0.1006
vn 0.3538 -0.9281 0.1158
vn 0.3437 -0.9300 0.1304
vn 0.3322 -0.9321 0.1444
vn 0.3191 -0.9345 0.1575
vn 0.3042 -0.9373 0.1696
vn 0.2872 -0.9406 0.1808
vn 0.3224 -0.9465 0.0144
vn 0.3263 -0.9452 0.0036
vn 0.3172 -0.9479 0.0287
vn 0.3119 -0.9492 0.0428
vn 0.3063 -0.9502 0.0566
vn 0.3005 -0.9512 0.0700
vn 0.2942 -0.9521 0.0829
vn 0.2874 -0.9530 0.0954
vn 0.2797 -0.9540 0.1074
vn 0.2708 -0.9553 0.1187
vn 0.2606 -0.9567 0.1293
vn 0.2487 -0.9585 0.1390
vn 0.2350 -0.9607 0.1477
vn 0.2680 -0.9633 0.0123
vn 0.2712 -0.9625 0.0031
vn 0.2638 -0.9642 0.0244
vn 0.2596 -0.9650 0.0365
vn 0.2553 -0.9656 0.0482
vn 0.2508 -0.9662 0.0597
vn 0.2461 -0.9666 0.0707
vn 0.2410 -0.9671 0.0813
vn 0.2352 -0.9676 0.0915
vn 0.2284 -0.9683 0.1010
vn 0.2203 -0.9692 0.1100
vn 0.2107 -0.9704 0.1180
vn 0.1993 -0.9719 0.1251
vn 0.2271 -0.9738 0.0107
vn 0.2296 -0.9733 0.0027
vn 0.2239 -0.9744 0.0214
vn 0.2206 -0.9748 0.0319
vn 0.2174 -0.9752 0.0421
vn 0.2141 -0.9754 0.0521
vn 0.2107 -0.9756 0.0618
vn 0.2070 -0.9757 0.0711
vn 0.2027 -0.9760 0.0799
vn 0.1975 -0.9763 0.0883
vn 0.1912 -0.9768 0.0960
vn 0.1833 -0.9776 0.1029
vn 0.1737 -0.9788 0.1088
vn 0.1951 -0.9807 0.0095
vn 0.1970 -0.9804 0.0024
vn 0.1928 -0.9810 0.0190
vn 0.1904 -0.9813 0.0284
vn 0.1881 -0.9814 0.0376
vn 0.1858 -0.9815 0.0465
vn 0.1834 -0.9815 0.0551
vn 0.1809 -0.9814 0.0634
vn 0.1778 -0.9815 0.0713
vn 0.1740 -0.9816 0.0787
vn 0.1692 -0.9818 0.0856
vn 0.1628 -0.9824 0.0916
vn 0.1546 -0.9832 0.0967
vn 0.1693 -0.9855 0.0086
vn 0.1705 -0.9853 0.0021
vn 0.1677 -0.9857 0.0172
vn 0.1661 -0.9857 0.0257
vn 0.1646 -0.9857 0.0341
vn 0.1632 -0.9857 0.0422
vn 0.1616 -0.9856 0.0500
vn 0.1600 -0.9854 0.0575
vn 0.1580 -0.9853 0.0647
vn 0.1555 -0.9852 0.0714
vn 0.1520 -0.9853 0.0777
vn 0.1471 -0.9856 0.0830
vn 0.1400 -0.9863 0.0873
vn 0.1478 -0.9890 0.0079
vn 0.1485 -0.9889 0.0020
vn 0.1469 -0.9890 0.0158
vn 0.1460 -0.9890 0.0236
vn 0.1452 -0.9889 0.0313
vn 0.1444 -0.9887 0.0388
vn 0.1436 -0.9886 0.0461
vn 0.1427 -0.9883 0.0530
vn 0.1416 -0.9881 0.0596
vn 0.1402 -0.9879 0.0658
vn 0.1383 -0.9878 0.0715
vn 0.1350 -0.9879 0.0765
vn 0.1289 -0.9884 0.0801
vn 0.1207 -0.9899 0.0743
vn 0.0222 -0.6421 0.7663
vn 0.0887 -0.6424 0.7612
vn 0.1103 -0.2190 0.9695
vn 0.0143 -0.8746 0.4846
vn 0.0569 -0.8754 0.4799
vn 0.0100 -0.9416 0.3364
vn 0.0399 -0.9424 0.3322
vn 0.0077 -0.9673 0.2536
vn 0.0306 -0.9677 0.2501
vn 0.0062 -0.9795 0.2015
vn 0.0249 -0.9797 0.1986
vn 0.0052 -0.9862 0.1655
vn 0.0210 -0.9863 0.1634
vn 0.0045 -0.9902 0.1391
vn 0.0183 -0.9903 0.1375
vn 0.0040 -0.9929 0.1188
vn 0.0162 -0.9929 0.1176
vn 0.0036 -0.9947 0.1025
vn 0.0146 -0.9947 0.1017
vn 0.0033 -0.9960 0.0890
vn 0.0134 -0.9959 0.0887
vn 0.0031 -0.9970 0.0776
vn 0.0124 -0.9969 0.0775
vn 0.1761 -0.6419 0.7463
vn 0.2162 -0.2189 0.9515
vn 0.1128 -0.8751 0.4707
vn 0.0792 -0.9422 0.3255
vn 0.0608 -0.9676 0.2450
vn 0.0494 -0.9796 0.1948
vn 0.0418 -0.9861 0.1605
vn 0.0363 -0.9901 0.1354
vn 0.0323 -0.9927 0.1162
vn 0.0292 -0.9944 0.1008
vn 0.0268 -0.9957 0.0881
vn 0.0248 -0.9967 0.0774
vn 0.2600 -0.6371 0.7255
vn 0.3165 -0.2165 0.9235
vn 0.1675 -0.8721 0.4597
vn 0.1178 -0.9406 0.3183
vn 0.0904 -0.9666 0.2398
vn 0.0735 -0.9788 0.1909
vn 0.0623 -0.9855 0.1576
vn 0.0542 -0.9896 0.1333
vn 0.0482 -0.9922 0.1147
vn 0.0436 -0.9940 0.0999
vn 0.0400 -0.9953 0.0876
vn 0.0372 -0.9963 0.0772
vn 0.3385 -0.6292 0.6996
vn 0.4097 -0.2124 0.8871
vn 0.2201 -0.8669 0.4471
vn 0.1553 -0.9378 0.3105
vn 0.1194 -0.9648 0.2343
vn 0.0972 -0.9775 0.1869
vn 0.0823 -0.9845 0.1546
vn 0.0717 -0.9887 0.1311
vn 0.0638 -0.9915 0.1132
vn 0.0578 -0.9934 0.0988
vn 0.0531 -0.9948 0.0870
vn 0.0494 -0.9958 0.0770
vn 0.4108 -0.6188 0.6695
vn 0.4948 -0.2069 0.8440
vn 0.2702 -0.8600 0.4328
vn 0.1915 -0.9338 0.3020
vn 0.1475 -0.9623 0.2285
vn 0.1202 -0.9758 0.1827
vn 0.1018 -0.9832 0.1515
vn 0.0887 -0.9877 0.1289
vn 0.0790 -0.9906 0.1116
vn 0.0715 -0.9926 0.0978
vn 0.0658 -0.9941 0.0865
vn 0.0613 -0.9951 0.0768
vn 0.4763 -0.6069 0.6362
vn 0.5710 -0.2006 0.7960
vn 0.3173 -0.8518 0.4169
vn 0.2261 -0.9291 0.2927
vn 0.1744 -0.9592 0.2223
vn 0.1422 -0.9736 0.1782
vn 0.1205 -0.9816 0.1483
vn 0.1051 -0.9864 0.1265
vn 0.0935 -0.9895 0.1100
vn 0.0848 -0.9917 0.0967
vn 0.0780 -0.9932 0.0858
vn 0.0728 -0.9944 0.0765
vn 0.5350 -0.5940 0.6007
vn 0.6383 -0.1939 0.7449
vn 0.3612 -0.8426 0.3995
vn 0.2589 -0.9236 0.2826
vn 0.2002 -0.9557 0.2156
vn 0.1634 -0.9712 0.1734
vn 0.1386 -0.9797 0.1448
vn 0.1208 -0.9849 0.1240
vn 0.1075 -0.9883 0.1082
vn 0.0975 -0.9906 0.0956
vn 0.0898 -0.9923 0.0852
vn 0.0839 -0.9935 0.0762
vn 0.5874 -0.5806 0.5638
vn 0.6970 -0.1870 0.6922
vn 0.4019 -0.8328 0.3807
vn 0.2897 -0.9178 0.2715
vn 0.2245 -0.9520 0.2081
vn 0.1834 -0.9685 0.1681
vn 0.1556 -0.9777 0.1409
vn 0.1357 -0.9833 0.1212
vn 0.1209 -0.9870 0.1062
vn 0.1096 -0.9895 0.0943
vn 0.1010 -0.9913 0.0844
vn 0.0944 -0.9926 0.0759
vn 0.6336 -0.5672 0.5261
vn 0.7480 -0.1801 0.6388
vn 0.4392 -0.8227 0.3608
vn 0.3183 -0.9117 0.2595
vn 0.2472 -0.9481 0.1999
vn 0.2022 -0.9658 0.1621
vn 0.1715 -0.9757 0.1364
vn 0.1496 -0.9817 0.1178
vn 0.1333 -0.9856 0.1037
vn 0.1209 -0.9883 0.0926
vn 0.1114 -0.9903 0.0834
vn 0.1043 -0.9917 0.0756
vn 0.6741 -0.5543 0.4882
vn 0.7920 -0.1734 0.5854
vn 0.4730 -0.8128 0.3399
vn 0.3448 -0.9057 0.2465
vn 0.2682 -0.9442 0.1909
vn 0.2194 -0.9632 0.1554
vn 0.1862 -0.9737 0.1312
vn 0.1624 -0.9801 0.1138
vn 0.1446 -0.9843 0.1007
vn 0.1312 -0.9872 0.0904
vn 0.1209 -0.9893 0.0822
vn 0.1132 -0.9907 0.0751
vn 0.0021 1.0000 0.0049
vn 0.0085 0.9999 0.0050
vn 0.0084 0.9999 0.0013
vn 0.0021 0.9999 0.0099
vn 0.0086 0.9999 0.0102
vn 0.0022 0.9999 0.0151
vn 0.0087 0.9998 0.0154
vn 0.0022 0.9998 0.0203
vn 0.0089 0.9997 0.0208
vn 0.0022 0.9997 0.0258
vn 0.0091 0.9996 0.0263
vn 0.0023 0.9995 0.0315
vn 0.0093 0.9994 0.0321
vn 0.0024 0.9993 0.0376
vn 0.0096 0.9992 0.0382
vn 0.0024 0.9990 0.0441
vn 0.0100 0.9989 0.0446
vn 0.0026 0.9987 0.0512
vn 0.0104 0.9986 0.0517
vn 0.0027 0.9982 0.0590
vn 0.0109 0.9982 0.0593
vn 0.0029 0.9977 0.0677
vn 0.0116 0.9976 0.0678
vn 0.0031 0.9970 0.0776
vn 0.0124 0.9969 0.0775
vn 0.0170 0.9998 0.0051
vn 0.0168 0.9998 0.0013
vn 0.0173 0.9998 0.0103
vn 0.0176 0.9997 0.0157
vn 0.0179 0.9996 0.0212
vn 0.0183 0.9995 0.0268
vn 0.0189 0.9993 0.0326
vn 0.0194 0.9991 0.0387
vn 0.0201 0.9987 0.0452
vn 0.0210 0.9984 0.0521
vn 0.0220 0.9980 0.0596
vn 0.0233 0.9974 0.0679
vn 0.0248 0.9967 0.0772
vn 0.0258 0.9996 0.0052
vn 0.0254 0.9997 0.0013
vn 0.0262 0.9996 0.0106
vn 0.0267 0.9995 0.0160
vn 0.0273 0.9994 0.0216
vn 0.0279 0.9992 0.0273
vn 0.0286 0.9990 0.0332
vn 0.0295 0.9988 0.0393
vn 0.0304 0.9985 0.0457
vn 0.0316 0.9981 0.0526
vn 0.0331 0.9977 0.0599
vn 0.0349 0.9971 0.0680
vn 0.0372 0.9963 0.0770
vn 0.0348 0.9994 0.0053
vn 0.0343 0.9994 0.0013
vn 0.0354 0.9993 0.0108
vn 0.0361 0.9992 0.0164
vn 0.0368 0.9991 0.0220
vn 0.0376 0.9989 0.0278
vn 0.0385 0.9987 0.0338
vn 0.0396 0.9984 0.0399
vn 0.0408 0.9981 0.0463
vn 0.0423 0.9977 0.0530
vn 0.0442 0.9972 0.0602
vn 0.0465 0.9966 0.0681
vn 0.0494 0.9958 0.0768
vn 0.0441 0.9990 0.0054
vn 0.0435 0.9990 0.0013
vn 0.0449 0.9989 0.0110
vn 0.0457 0.9988 0.0167
vn 0.0466 0.9987 0.0225
vn 0.0475 0.9984 0.0284
vn 0.0486 0.9982 0.0344
vn 0.0498 0.9979 0.0405
vn 0.0512 0.9976 0.0468
vn 0.0529 0.9972 0.0534
vn 0.0550 0.9966 0.0605
vn 0.0578 0.9960 0.0681
vn 0.0613 0.9951 0.0766
vn 0.0539 0.9985 0.0056
vn 0.0531 0.9986 0.0014
vn 0.0548 0.9984 0.0113
vn 0.0557 0.9983 0.0171
vn 0.0566 0.9981 0.0230
vn 0.0576 0.9979 0.0290
vn 0.0587 0.9977 0.0350
vn 0.0600 0.9973 0.0411
vn 0.0615 0.9970 0.0474
vn 0.0634 0.9965 0.0539
vn 0.0657 0.9960 0.0608
vn 0.0688 0.9953 0.0682
vn 0.0728 0.9944 0.0764
vn 0.0641 0.9979 0.0057
vn 0.0633 0.9980 0.0014
vn 0.0651 0.9978 0.0116
vn 0.0660 0.9977 0.0176
vn 0.0670 0.9975 0.0236
vn 0.0680 0.9972 0.0297
vn 0.0691 0.9969 0.0357
vn 0.0703 0.9966 0.0418
vn 0.0718 0.9962 0.0480
vn 0.0736 0.9958 0.0544
vn 0.0761 0.9952 0.0611
vn 0.0794 0.9945 0.0683
vn 0.0839 0.9935 0.0762
vn 0.0750 0.9972 0.0060
vn 0.0742 0.9972 0.0015
vn 0.0759 0.9970 0.0120
vn 0.0769 0.9969 0.0182
vn 0.0778 0.9966 0.0243
vn 0.0787 0.9964 0.0305
vn 0.0797 0.9961 0.0366
vn 0.0808 0.9958 0.0427
vn 0.0821 0.9954 0.0488
vn 0.0838 0.9949 0.0550
vn 0.0862 0.9944 0.0615
vn 0.0896 0.9936 0.0684
vn 0.0944 0.9926 0.0759
vn 0.0868 0.9962 0.0062
vn 0.0861 0.9963 0.0015
vn 0.0876 0.9961 0.0125
vn 0.0884 0.9959 0.0189
vn 0.0891 0.9957 0.0252
vn 0.0898 0.9955 0.0314
vn 0.0906 0.9951 0.0376
vn 0.0915 0.9948 0.0437
vn 0.0926 0.9944 0.0498
vn 0.0940 0.9940 0.0558
vn 0.0960 0.9934 0.0620
vn 0.0993 0.9927 0.0685
vn 0.1043 0.9917 0.0756
vn 0.0996 0.9950 0.0065
vn 0.0990 0.9951 0.0016
vn 0.1001 0.9949 0.0131
vn 0.1007 0.9947 0.0197
vn 0.1012 0.9945 0.0262
vn 0.1017 0.9943 0.0327
vn 0.1022 0.9940 0.0390
vn 0.1027 0.9937 0.0451
vn 0.1034 0.9933 0.0511
vn 0.1043 0.9929 0.0570
vn 0.1057 0.9924 0.0627
vn 0.1082 0.9917 0.0687
vn 0.1132 0.9907 0.0751
vn 0.1137 0.9935 0.0068
vn 0.1135 0.9935 0.0017
vn 0.1140 0.9934 0.0138
vn 0.1141 0.9932 0.0207
vn 0.1143 0.9930 0.0275
vn 0.1144 0.9928 0.0342
vn 0.1146 0.9926 0.0407
vn 0.1147 0.9923 0.0470
vn 0.1149 0.9919 0.0531
vn 0.1152 0.9916 0.0588
vn 0.1156 0.9912 0.0641
vn 0.1162 0.9908 0.0688
vn 0.1207 0.9899 0.0743
vn 0.1096 0.2185 0.9697
vn 0.0898 0.6411 0.7622
vn 0.0223 0.6420 0.7664
vn 0.2152 0.2174 0.9520
vn 0.1782 0.6389 0.7484
vn 0.3157 0.2145 0.9243
vn 0.2625 0.6332 0.7280
vn 0.4094 0.2102 0.8878
vn 0.3410 0.6251 0.7021
vn 0.4947 0.2048 0.8445
vn 0.4130 0.6149 0.6718
vn 0.5712 0.1987 0.7964
vn 0.4780 0.6035 0.6382
vn 0.6386 0.1923 0.7451
vn 0.5363 0.5912 0.6024
vn 0.6974 0.1856 0.6922
vn 0.5882 0.5784 0.5652
vn 0.7484 0.1791 0.6386
vn 0.6340 0.5657 0.5273
vn 0.7924 0.1728 0.5850
vn 0.6741 0.5533 0.4892
vn 0.8303 0.1668 0.5317
vn 0.7089 0.5419 0.4513
vn 0.8627 0.1617 0.4791
vn 0.7391 0.5316 0.4136
vn 0.0577 0.8745 0.4816
vn 0.0144 0.8744 0.4850
vn 0.1147 0.8733 0.4735
vn 0.1701 0.8698 0.4632
vn 0.2230 0.8644 0.4506
vn 0.2730 0.8575 0.4360
vn 0.3197 0.8495 0.4196
vn 0.3631 0.8406 0.4018
vn 0.4033 0.8312 0.3826
vn 0.4400 0.8216 0.3623
vn 0.4733 0.8122 0.3409
vn 0.5031 0.8033 0.3186
vn 0.5296 0.7951 0.2954
vn 0.0406 0.9419 0.3333
vn 0.0102 0.9416 0.3366
vn 0.0806 0.9414 0.3274
vn 0.1198 0.9396 0.3207
vn 0.1576 0.9366 0.3130
vn 0.1937 0.9326 0.3044
vn 0.2280 0.9279 0.2948
vn 0.2604 0.9226 0.2844
vn 0.2909 0.9170 0.2730
vn 0.3191 0.9112 0.2607
vn 0.3450 0.9054 0.2473
vn 0.3685 0.9000 0.2328
vn 0.3894 0.8950 0.2173
vn 0.0311 0.9676 0.2507
vn 0.0078 0.9672 0.2537
vn 0.0617 0.9673 0.2461
vn 0.0918 0.9661 0.2412
vn 0.1210 0.9642 0.2358
vn 0.1490 0.9617 0.2300
vn 0.1758 0.9586 0.2236
vn 0.2013 0.9552 0.2167
vn 0.2253 0.9516 0.2091
vn 0.2477 0.9478 0.2007
vn 0.2684 0.9441 0.1914
vn 0.2871 0.9406 0.1811
vn 0.3037 0.9375 0.1697
vn 0.0252 0.9797 0.1989
vn 0.0063 0.9795 0.2015
vn 0.0501 0.9794 0.1953
vn 0.0745 0.9786 0.1916
vn 0.0982 0.9773 0.1876
vn 0.1212 0.9755 0.1834
vn 0.1431 0.9734 0.1790
vn 0.1641 0.9709 0.1741
vn 0.1839 0.9683 0.1687
vn 0.2025 0.9657 0.1626
vn 0.2196 0.9631 0.1557
vn 0.2349 0.9607 0.1479
vn 0.2484 0.9586 0.1390
vn 0.0212 0.9863 0.1635
vn 0.0053 0.9862 0.1655
vn 0.0422 0.9861 0.1607
vn 0.0629 0.9854 0.1578
vn 0.0830 0.9844 0.1549
vn 0.1025 0.9831 0.1518
vn 0.1211 0.9814 0.1486
vn 0.1390 0.9796 0.1451
vn 0.1559 0.9776 0.1412
vn 0.1717 0.9756 0.1367
vn 0.1863 0.9737 0.1314
vn 0.1993 0.9719 0.1252
vn 0.2105 0.9704 0.1180
vn 0.0184 0.9903 0.1375
vn 0.0046 0.9902 0.1391
vn 0.0367 0.9901 0.1354
vn 0.0546 0.9896 0.1333
vn 0.0721 0.9887 0.1311
vn 0.0891 0.9876 0.1289
vn 0.1054 0.9863 0.1267
vn 0.1210 0.9848 0.1241
vn 0.1358 0.9832 0.1213
vn 0.1497 0.9817 0.1179
vn 0.1624 0.9801 0.1139
vn 0.1736 0.9788 0.1089
vn 0.1832 0.9777 0.1029
vn 0.0163 0.9929 0.1176
vn 0.0041 0.9929 0.1188
vn 0.0325 0.9927 0.1161
vn 0.0485 0.9922 0.1145
vn 0.0641 0.9915 0.1130
vn 0.0792 0.9906 0.1115
vn 0.0937 0.9895 0.1099
vn 0.1077 0.9883 0.1082
vn 0.1209 0.9869 0.1062
vn 0.1333 0.9856 0.1038
vn 0.1447 0.9843 0.1007
vn 0.1545 0.9832 0.0967
vn 0.1627 0.9824 0.0916
vn 0.0146 0.9947 0.1017
vn 0.0036 0.9947 0.1025
vn 0.0293 0.9945 0.1007
vn 0.0438 0.9940 0.0996
vn 0.0579 0.9934 0.0987
vn 0.0717 0.9926 0.0977
vn 0.0849 0.9917 0.0967
vn 0.0976 0.9906 0.0956
vn 0.1097 0.9895 0.0942
vn 0.1209 0.9883 0.0926
vn 0.1312 0.9872 0.0904
vn 0.1400 0.9863 0.0873
vn 0.1470 0.9856 0.0830
vn 0.0134 0.9960 0.0885
vn 0.0033 0.9960 0.0890
vn 0.0268 0.9958 0.0880
vn 0.0401 0.9954 0.0874
vn 0.0531 0.9948 0.0869
vn 0.0658 0.9941 0.0863
vn 0.0781 0.9932 0.0858
vn 0.0898 0.9923 0.0851
vn 0.1010 0.9913 0.0844
vn 0.1114 0.9903 0.0834
vn 0.1209 0.9893 0.0822
vn 0.1289 0.9884 0.0801
vn 0.1350 0.9879 0.0765
vn 0.1254 0.9895 0.0714
vn 0.8833 0.4686 0.0091
vn 0.8806 0.4724 0.0364
vn 0.9896 0.1382 0.0399
vn 0.6753 0.7375 0.0070
vn 0.6704 0.7415 0.0280
vn 0.5126 0.8586 0.0054
vn 0.5070 0.8617 0.0215
vn 0.4023 0.9155 0.0043
vn 0.3973 0.9175 0.0172
vn 0.3262 0.9453 0.0035
vn 0.3220 0.9466 0.0142
vn 0.2712 0.9625 0.0030
vn 0.2679 0.9633 0.0121
vn 0.2296 0.9733 0.0027
vn 0.2272 0.9738 0.0106
vn 0.1970 0.9804 0.0023
vn 0.1953 0.9807 0.0095
vn 0.1706 0.9853 0.0021
vn 0.1694 0.9855 0.0086
vn 0.1485 0.9889 0.0020
vn 0.1480 0.9890 0.0078
vn 0.1298 0.9915 0.0018
vn 0.1297 0.9915 0.0073
vn 0.8755 0.4775 0.0734
vn 0.9870 0.1401 0.0791
vn 0.6628 0.7467 0.0562
vn 0.4992 0.8654 0.0428
vn 0.3904 0.9200 0.0342
vn 0.3165 0.9481 0.0283
vn 0.2636 0.9643 0.0242
vn 0.2239 0.9744 0.0212
vn 0.1930 0.9810 0.0189
vn 0.1680 0.9856 0.0172
vn 0.1472 0.9890 0.0157
vn 0.1294 0.9915 0.0146
vn 0.8692 0.4819 0.1106
vn 0.9828 0.1416 0.1187
vn 0.6544 0.7514 0.0844
vn 0.4911 0.8687 0.0642
vn 0.3835 0.9221 0.0510
vn 0.3109 0.9495 0.0422
vn 0.2593 0.9651 0.0361
vn 0.2207 0.9748 0.0316
vn 0.1907 0.9812 0.0283
vn 0.1665 0.9857 0.0256
vn 0.1464 0.9889 0.0236
vn 0.1292 0.9914 0.0220
vn 0.8612 0.4862 0.1479
vn 0.9768 0.1431 0.1590
vn 0.6450 0.7558 0.1124
vn 0.4825 0.8717 0.0853
vn 0.3764 0.9240 0.0677
vn 0.3052 0.9506 0.0560
vn 0.2548 0.9658 0.0478
vn 0.2174 0.9752 0.0419
vn 0.1883 0.9814 0.0374
vn 0.1650 0.9857 0.0340
vn 0.1455 0.9888 0.0313
vn 0.1289 0.9912 0.0292
vn 0.8514 0.4906 0.1853
vn 0.9689 0.1447 0.2004
vn 0.6344 0.7602 0.1402
vn 0.4732 0.8745 0.1061
vn 0.3689 0.9257 0.0840
vn 0.2993 0.9516 0.0694
vn 0.2503 0.9663 0.0593
vn 0.2140 0.9754 0.0519
vn 0.1859 0.9814 0.0464
vn 0.1634 0.9857 0.0421
vn 0.1446 0.9887 0.0388
vn 0.1286 0.9910 0.0362
vn 0.8395 0.4955 0.2229
vn 0.9589 0.1464 0.2430
vn 0.6220 0.7648 0.1675
vn 0.4630 0.8773 0.1263
vn 0.3608 0.9272 0.0999
vn 0.2930 0.9525 0.0824
vn 0.2456 0.9668 0.0704
vn 0.2105 0.9756 0.0616
vn 0.1835 0.9815 0.0550
vn 0.1617 0.9855 0.0500
vn 0.1437 0.9885 0.0460
vn 0.1282 0.9908 0.0430
vn 0.8252 0.5011 0.2608
vn 0.9464 0.1485 0.2869
vn 0.6079 0.7698 0.1945
vn 0.4515 0.8802 0.1460
vn 0.3520 0.9289 0.1152
vn 0.2863 0.9534 0.0950
vn 0.2405 0.9673 0.0811
vn 0.2068 0.9758 0.0709
vn 0.1808 0.9814 0.0633
vn 0.1600 0.9854 0.0575
vn 0.1427 0.9883 0.0530
vn 0.1279 0.9905 0.0496
vn 0.8082 0.5073 0.2990
vn 0.9310 0.1510 0.3322
vn 0.5918 0.7752 0.2209
vn 0.4387 0.8833 0.1651
vn 0.3421 0.9306 0.1300
vn 0.2787 0.9544 0.1071
vn 0.2347 0.9677 0.0913
vn 0.2025 0.9760 0.0798
vn 0.1777 0.9815 0.0712
vn 0.1580 0.9853 0.0647
vn 0.1416 0.9881 0.0596
vn 0.1275 0.9902 0.0558
vn 0.7884 0.5144 0.3374
vn 0.9124 0.1539 0.3792
vn 0.5735 0.7812 0.2466
vn 0.4242 0.8868 0.1834
vn 0.3310 0.9326 0.1441
vn 0.2701 0.9555 0.1185
vn 0.2280 0.9684 0.1009
vn 0.1973 0.9763 0.0882
vn 0.1740 0.9816 0.0787
vn 0.1555 0.9852 0.0714
vn 0.1402 0.9879 0.0658
vn 0.1270 0.9900 0.0617
vn 0.7654 0.5224 0.3757
vn 0.8899 0.1574 0.4281
vn 0.5529 0.7878 0.2714
vn 0.4079 0.8907 0.2008
vn 0.3183 0.9348 0.1574
vn 0.2601 0.9569 0.1292
vn 0.2200 0.9693 0.1099
vn 0.1910 0.9769 0.0960
vn 0.1691 0.9818 0.0856
vn 0.1520 0.9853 0.0776
vn 0.1383 0.9878 0.0715
vn 0.1264 0.9897 0.0670
vn 0.0021 -1.0000 -0.0012
vn 0.0021 -1.0000 -0.0049
vn 0.0085 -0.9999 -0.0050
vn 0.0084 -0.9999 -0.0013
vn 0.0021 -0.9999 -0.0099
vn 0.0086 -0.9999 -0.0102
vn 0.0022 -0.9999 -0.0151
vn 0.0087 -0.9998 -0.0154
vn 0.0022 -0.9998 -0.0203
vn 0.0089 -0.9997 -0.0208
vn 0.0022 -0.9997 -0.0258
vn 0.0091 -0.9996 -0.0263
vn 0.0023 -0.9995 -0.0315
vn 0.0093 -0.9994 -0.0321
vn 0.0024 -0.9993 -0.0376
vn 0.0096 -0.9992 -0.0382
vn 0.0024 -0.9990 -0.0441
vn 0.0100 -0.9989 -0.0446
vn 0.0026 -0.9987 -0.0512
vn 0.0104 -0.9986 -0.0517
vn 0.0027 -0.9982 -0.0590
vn 0.0109 -0.9982 -0.0593
vn 0.0029 -0.9977 -0.0677
vn 0.0116 -0.9976 -0.0678
vn 0.0031 -0.9970 -0.0776
vn 0.0124 -0.9969 -0.0775
vn 0.0170 -0.9998 -0.0051
vn 0.0168 -0.9998 -0.0013
vn 0.0173 -0.9998 -0.0103
vn 0.0176 -0.9997 -0.0157
vn 0.0179 -0.9996 -0.0212
vn 0.0183 -0.9995 -0.0268
vn 0.0189 -0.9993 -0.0326
vn 0.0194 -0.9991 -0.0387
vn 0.0201 -0.9987 -0.0452
vn 0.0210 -0.9984 -0.0521
vn 0.0220 -0.9980 -0.0596
vn 0.0233 -0.9974 -0.0679
vn 0.0248 -0.9967 -0.0772
vn 0.0258 -0.9996 -0.0052
vn 0.0254 -0.9997 -0.0013
vn 0.0262 -0.9996 -0.0106
vn 0.0267 -0.9995 -0.0160
vn 0.0273 -0.9994 -0.0216
vn 0.0279 -0.9992 -0.0273
vn 0.0286 -0.9990 -0.0332
vn 0.0295 -0.9988 -0.0393
vn 0.0304 -0.9985 -0.0457
vn 0.0316 -0.9981 -0.0526
vn 0.0331 -0.9977 -0.0599
vn 0.0349 -0.9971 -0.0680
vn 0.0372 -0.9963 -0.0770
vn 0.0348 -0.9994 -0.0053
vn 0.0343 -0.9994 -0.0013
vn 0.0354 -0.9993 -0.0108
vn 0.0361 -0.9992 -0.0164
vn 0.0368 -0.9991 -0.0220
vn 0.0376 -0.9989 -0.0278
vn 0.0385 -0.9987 -0.0338
vn 0.0396 -0.9984 -0.0399
vn 0.0408 -0.9981 -0.0463
vn 0.0423 -0.9977 -0.0530
vn 0.0442 -0.9972 -0.0602
vn 0.0465 -0.9966 -0.0681
vn 0.0494 -0.9958 -0.0768
vn 0.0441 -0.9990 -0.0054
vn 0.0435 -0.9990 -0.0013
vn 0.0449 -0.9989 -0.0110
vn 0.0457 -0.9988 -0.0167
vn 0.0466 -0.9987 -0.0225
vn 0.0475 -0.9984 -0.0284
vn 0.0486 -0.9982 -0.0344
vn 0.0498 -0.9979 -0.0405
vn 0.0512 -0.9976 -0.0468
vn 0.0529 -0.9972 -0.0534
vn 0.0550 -0.9966 -0.0605
vn 0.0578 -0.9960 -0.0681
vn 0.0613 -0.9951 -0.0766
vn 0.0539 -0.9985 -0.0056
vn 0.0531 -0.9986 -0.0014
vn 0.0548 -0.9984 -0.0113
vn 0.0557 -0.9983 -0.0171
vn 0.0566 -0.9981 -0.0230
vn 0.0576 -0.9979 -0.0290
vn 0.0587 -0.9977 -0.0350
vn 0.0600 -0.9973 -0.0411
vn 0.0615 -0.9970 -0.0474
vn 0.0634 -0.9965 -0.0539
vn 0.0657 -0.9960 -0.0608
vn 0.0688 -0.9953 -0.0682
vn 0.0728 -0.9944 -0.0764
vn 0.0641 -0.9979 -0.0057
vn 0.0633 -0.9980 -0.0014
vn 0.0651 -0.9978 -0.0116
vn 0.0660 -0.9977 -0.0176
vn 0.0670 -0.9975 -0.0236
vn 0.0680 -0.9972 -0.0297
vn 0.0691 -0.9969 -0.0357
vn 0.0703 -0.9966 -0.0418
vn 0.0718 -0.9962 -0.0480
vn 0.0736 -0.9958 -0.0544
vn 0.0761 -0.9952 -0.0611
vn 0.0794 -0.9945 -0.0683
vn 0.0839 -0.9935 -0.0762
vn 0.0750 -0.9972 -0.0060
vn 0.0742 -0.9972 -0.0015
vn 0.0759 -0.9970 -0.0120
vn 0.0769 -0.9969 -0.0182
vn 0.0778 -0.9966 -0.0243
vn 0.0787 -0.9964 -0.0305
vn 0.0797 -0.9961 -0.0366
vn 0.0808 -0.9958 -0.0427
vn 0.0821 -0.9954 -0.0488
vn 0.0838 -0.9949 -0.0550
vn 0.0862 -0.9944 -0.0615
vn 0.0896 -0.9936 -0.0684
vn 0.0944 -0.9926 -0.0759
vn 0.0868 -0.9962 -0.0062
vn 0.0861 -0.9963 -0.0015
vn 0.0876 -0.9961 -0.0125
vn 0.0884 -0.9959 -0.0189
vn 0.0891 -0.9957 -0.0252
vn 0.0898 -0.9955 -0.0314
vn 0.0906 -0.9951 -0.0376
vn 0.0915 -0.9948 -0.0437
vn 0.0926 -0.9944 -0.0498
vn 0.0940 -0.9940 -0.0558
vn 0.0960 -0.9934 -0.0620
vn 0.0993 -0.9927 -0.0685
vn 0.1043 -0.9917 -0.0756
vn 0.0996 -0.9950 -0.0065
vn 0.0990 -0.9951 -0.0016
vn 0.1001 -0.9949 -0.0131
vn 0.1007 -0.9947 -0.0197
vn 0.1012 -0.9945 -0.0262
vn 0.1017 -0.9943 -0.0327
vn 0.1022 -0.9940 -0.0390
vn 0.1028 -0.9937 -0.0451
vn 0.1034 -0.9933 -0.0511
vn 0.1043 -0.9929 -0.0570
vn 0.1057 -0.9924 -0.0627
vn 0.1082 -0.9917 -0.0687
vn 0.1132 -0.9907 -0.0751
vn 0.1137 -0.9935 -0.0068
vn 0.1135 -0.9935 -0.0017
vn 0.1140 -0.9934 -0.0138
vn 0.1141 -0.9932 -0.0207
vn 0.1143 -0.9930 -0.0275
vn 0.1144 -0.9928 -0.0342
vn 0.1146 -0.9926 -0.0407
vn 0.1147 -0.9923 -0.0470
vn 0.1149 -0.9919 -0.0531
vn 0.1152 -0.9916 -0.0588
vn 0.1156 -0.9912 -0.0641
vn 0.1162 -0.9908 -0.0688
vn 0.1207 -0.9899 -0.0743
vn 0.1096 -0.2185 -0.9697
vn 0.0898 -0.6411 -0.7622
vn 0.0223 -0.6420 -0.7664
vn 0.2152 -0.2174 -0.9520
vn 0.1782 -0.6389 -0.7484
vn 0.3157 -0.2145 -0.9243
vn 0.2625 -0.6332 -0.7280
vn 0.4094 -0.2102 -0.8878
vn 0.3410 -0.6251 -0.7021
vn 0.4947 -0.2048 -0.8445
vn 0.4130 -0.6149 -0.6718
vn 0.5712 -0.1987 -0.7964
vn 0.4780 -0.6035 -0.6382
vn 0.6386 -0.1923 -0.7451
vn 0.5363 -0.5912 -0.6024
vn 0.6974 -0.1856 -0.6922
vn 0.5882 -0.5784 -0.5652
vn 0.7484 -0.1791 -0.6386
vn 0.6340 -0.5657 -0.5273
vn 0.7924 -0.1728 -0.5850
vn 0.6741 -0.5533 -0.4892
vn 0.8303 -0.1668 -0.5317
vn 0.7089 -0.5419 -0.4513
vn 0.8627 -0.1617 -0.4791
vn 0.7391 -0.5316 -0.4136
vn 0.0577 -0.8745 -0.4816
vn 0.0144 -0.8744 -0.4850
vn 0.1147 -0.8733 -0.4735
vn 0.1701 -0.8698 -0.4632
vn 0.2230 -0.8644 -0.4506
vn 0.2730 -0.8575 -0.4360
vn 0.3197 -0.8495 -0.4196
vn 0.3631 -0.8406 -0.4018
vn 0.4033 -0.8312 -0.3826
vn 0.4400 -0.8216 -0.3623
vn 0.4733 -0.8122 -0.3409
vn 0.5031 -0.8033 -0.3186
vn 0.5296 -0.7951 -0.2954
vn 0.0406 -0.9419 -0.3333
vn 0.0102 -0.9416 -0.3366
vn 0.0806 -0.9414 -0.3274
vn 0.1198 -0.9396 -0.3207
vn 0.1576 -0.9366 -0.3130
vn 0.1937 -0.9326 -0.3044
vn 0.2280 -0.9279 -0.2948
vn 0.2604 -0.9226 -0.2844
vn 0.2909 -0.9170 -0.2730
vn 0.3191 -0.9112 -0.2607
vn 0.3450 -0.9054 -0.2473
vn 0.3685 -0.9000 -0.2328
vn 0.3894 -0.8950 -0.2173
vn 0.0311 -0.9676 -0.2507
vn 0.0078 -0.9672 -0.2537
vn 0.0617 -0.9673 -0.2461
vn 0.0918 -0.9661 -0.2412
vn 0.1210 -0.9642 -0.2358
vn 0.1490 -0.9617 -0.2300
vn 0.1758 -0.9586 -0.2236
vn 0.2013 -0.9552 -0.2167
vn 0.2253 -0.9516 -0.2091
vn 0.2477 -0.9478 -0.2007
vn 0.2684 -0.9441 -0.1914
vn 0.2871 -0.9406 -0.1811
vn 0.3037 -0.9375 -0.1697
vn 0.0252 -0.9797 -0.1989
vn 0.0063 -0.9795 -0.2015
vn 0.0501 -0.9794 -0.1953
vn 0.0745 -0.9786 -0.1916
vn 0.0982 -0.9773 -0.1876
vn 0.1212 -0.9755 -0.1834
vn 0.1431 -0.9734 -0.1790
vn 0.1641 -0.9709 -0.1741
vn 0.1839 -0.9683 -0.1687
vn 0.2025 -0.9657 -0.1626
vn 0.2196 -0.9631 -0.1557
vn 0.2349 -0.9607 -0.1479
vn 0.2484 -0.9586 -0.1390
vn 0.0212 -0.9863 -0.1635
vn 0.0053 -0.9862 -0.1655
vn 0.0422 -0.9861 -0.1607
vn 0.0629 -0.9854 -0.1578
vn 0.0830 -0.9844 -0.1549
vn 0.1025 -0.9831 -0.1518
vn 0.1211 -0.9814 -0.1486
vn 0.1390 -0.9796 -0.1451
vn 0.1559 -0.9776 -0.1412
vn 0.1717 -0.9756 -0.1367
vn 0.1863 -0.9737 -0.1314
vn 0.1993 -0.9719 -0.1252
vn 0.2105 -0.9704 -0.1180
vn 0.0184 -0.9903 -0.1375
vn 0.0046 -0.9902 -0.1391
vn 0.0367 -0.9901 -0.1354
vn 0.0546 -0.9896 -0.1333
vn 0.0721 -0.9887 -0.1311
vn 0.0891 -0.9876 -0.1289
vn 0.1054 -0.9863 -0.1267
vn 0.1210 -0.9848 -0.1241
vn 0.1358 -0.9832 -0.1213
vn 0.1497 -0.9817 -0.1179
vn 0.1624 -0.9801 -0.1139
vn 0.1736 -0.9788 -0.1089
vn 0.1832 -0.9777 -0.1029
vn 0.0163 -0.9929 -0.1176
vn 0.0041 -0.9929 -0.1188
vn 0.0325 -0.9927 -0.1161
vn 0.0485 -0.9922 -0.1145
vn 0.0641 -0.9915 -0.1130
vn 0.0792 -0.9906 -0.1115
vn 0.0937 -0.9895 -0.1099
vn 0.1077 -0.9883 -0.1082
vn 0.1209 -0.9869 -0.1062
vn 0.1333 -0.9856 -0.1038
vn 0.1447 -0.9843 -0.1007
vn 0.1545 -0.9832 -0.0967
vn 0.1627 -0.9824 -0.0916
vn 0.0146 -0.9947 -0.1017
vn 0.0036 -0.9947 -0.1025
vn 0.0293 -0.9945 -0.1007
vn 0.0438 -0.9940 -0.0996
vn 0.0579 -0.9934 -0.0987
vn 0.0717 -0.9926 -0.0977
vn 0.0849 -0.9917 -0.0967
vn 0.0976 -0.9906 -0.0956
vn 0.1097 -0.9895 -0.0942
vn 0.1209 -0.9883 -0.0926
vn 0.1312 -0.9872 -0.0904
vn 0.1400 -0.9863 -0.0873
vn 0.1470 -0.9856 -0.0830
vn 0.0134 -0.9960 -0.0885
vn 0.0033 -0.9960 -0.0890
vn 0.0268 -0.9958 -0.0880
vn 0.0401 -0.9954 -0.0874
vn 0.0531 -0.9948 -0.0869
vn 0.0658 -0.9941 -0.0863
vn 0.0781 -0.9932 -0.0858
vn 0.0898 -0.9923 -0.0851
vn 0.1010 -0.9913 -0.0844
vn 0.1114 -0.9903 -0.0834
vn 0.1209 -0.9893 -0.0822
vn 0.1289 -0.9884 -0.0801
vn 0.1350 -0.9879 -0.0765
vn 0.1254 -0.9895 -0.0714
vn 0.8833 -0.4686 -0.0091
vn 0.8806 -0.4724 -0.0364
vn 0.9896 -0.1382 -0.0399
vn 0.6753 -0.7375 -0.0070
vn 0.6704 -0.7415 -0.0280
vn 0.5126 -0.8586 -0.0054
vn 0.5070 -0.8617 -0.0215
vn 0.4023 -0.9155 -0.0043
vn 0.3973 -0.9175 -0.0172
vn 0.3262 -0.9453 -0.0035
vn 0.3220 -0.9466 -0.0142
vn 0.2712 -0.9625 -0.0030
vn 0.2679 -0.9633 -0.0121
vn 0.2296 -0.9733 -0.0027
vn 0.2272 -0.9738 -0.0106
vn 0.1970 -0.9804 -0.0023
vn 0.1953 -0.9807 -0.0095
vn 0.1706 -0.9853 -0.0021
vn 0.1694 -0.9855 -0.0086
vn 0.1485 -0.9889 -0.0020
vn 0.1480 -0.9890 -0.0078
vn 0.1298 -0.9915 -0.0018
vn 0.1297 -0.9915 -0.0073
vn 0.8755 -0.4775 -0.0734
vn 0.9870 -0.1401 -0.0791
vn 0.6628 -0.7467 -0.0562
vn 0.4992 -0.8654 -0.0428
vn 0.3904 -0.9200 -0.0342
vn 0.3165 -0.9481 -0.0283
vn 0.2636 -0.9643 -0.0242
vn 0.2239 -0.9744 -0.0212
vn 0.1930 -0.9810 -0.0189
vn 0.1680 -0.9856 -0.0172
vn 0.1472 -0.9890 -0.0157
vn 0.1294 -0.9915 -0.0146
vn 0.8692 -0.4819 -0.1106
vn 0.9828 -0.1416 -0.1187
vn 0.6544 -0.7514 -0.0844
vn 0.4911 -0.8687 -0.0642
vn 0.3835 -0.9221 -0.0510
vn 0.3109 -0.9495 -0.0422
vn 0.2593 -0.9651 -0.0361
vn 0.2207 -0.9748 -0.0316
vn 0.1907 -0.9812 -0.0283
vn 0.1665 -0.9857 -0.0256
vn 0.1464 -0.9889 -0.0236
vn 0.1292 -0.9914 -0.0220
vn 0.8612 -0.4862 -0.1479
vn 0.9768 -0.1431 -0.1590
vn 0.6450 -0.7558 -0.1124
vn 0.4825 -0.8717 -0.0853
vn 0.3764 -0.9240 -0.0677
vn 0.3052 -0.9506 -0.0560
vn 0.2548 -0.9658 -0.0478
vn 0.2174 -0.9752 -0.0419
vn 0.1883 -0.9814 -0.0374
vn 0.1650 -0.9857 -0.0340
vn 0.1455 -0.9888 -0.0313
vn 0.1289 -0.9912 -0.0292
vn 0.8514 -0.4906 -0.1853
vn 0.9689 -0.1447 -0.2004
vn 0.6344 -0.7602 -0.1402
vn 0.4732 -0.8745 -0.1061
vn 0.3689 -0.9257 -0.0840
vn 0.2993 -0.9516 -0.0694
vn 0.2503 -0.9663 -0.0593
vn 0.2140 -0.9754 -0.0519
vn 0.1859 -0.9814 -0.0464
vn 0.1634 -0.9857 -0.0421
vn 0.1446 -0.9887 -0.0388
vn 0.1286 -0.9910 -0.0362
vn 0.8395 -0.4955 -0.2229
vn 0.9589 -0.1464 -0.2430
vn 0.6220 -0.7648 -0.1675
vn 0.4630 -0.8773 -0.1263
vn 0.3608 -0.9272 -0.0999
vn 0.2930 -0.9525 -0.0824
vn 0.2456 -0.9668 -0.0704
vn 0.2105 -0.9756 -0.0616
vn 0.1835 -0.9815 -0.0550
vn 0.1617 -0.9855 -0.0500
vn 0.1437 -0.9885 -0.0460
vn 0.1282 -0.9908 -0.0430
vn 0.8252 -0.5011 -0.2608
vn 0.9464 -0.1485 -0.2869
vn 0.6079 -0.7698 -0.1945
vn 0.4515 -0.8802 -0.1460
vn 0.3520 -0.9289 -0.1152
vn 0.2863 -0.9534 -0.0950
vn 0.2405 -0.9673 -0.0811
vn 0.2068 -0.9758 -0.0709
vn 0.1808 -0.9814 -0.0633
vn 0.1600 -0.9854 -0.0575
vn 0.1427 -0.9883 -0.0530
vn 0.1279 -0.9905 -0.0496
vn 0.8082 -0.5073 -0.2990
vn 0.9310 -0.1510 -0.3322
vn 0.5918 -0.7752 -0.2209
vn 0.4387 -0.8833 -0.1651
vn 0.3421 -0.9306 -0.1300
vn 0.2787 -0.9544 -0.1071
vn 0.2347 -0.9677 -0.0913
vn 0.2025 -0.9760 -0.0798
vn 0.1777 -0.9815 -0.0712
vn 0.1580 -0.9853 -0.0647
vn 0.1416 -0.9881 -0.0596
vn 0.1275 -0.9902 -0.0558
vn 0.7884 -0.5144 -0.3374
vn 0.9124 -0.1539 -0.3792
vn 0.5735 -0.7812 -0.2466
vn 0.4242 -0.8868 -0.1834
vn 0.3310 -0.9326 -0.1441
vn 0.2701 -0.9555 -0.1185
vn 0.2280 -0.9684 -0.1009
vn 0.1973 -0.9763 -0.0882
vn 0.1740 -0.9816 -0.0787
vn 0.1555 -0.9852 -0.0714
vn 0.1402 -0.9879 -0.0658
vn 0.1270 -0.9900 -0.0617
vn 0.7654 -0.5224 -0.3757
vn 0.8899 -0.1574 -0.4281
vn 0.5529 -0.7878 -0.2714
vn 0.4079 -0.8907 -0.2008
vn 0.3183 -0.9348 -0.1574
vn 0.2601 -0.9569 -0.1292
vn 0.2200 -0.9693 -0.1099
vn 0.1910 -0.9769 -0.0960
vn 0.1691 -0.9818 -0.0856
vn 0.1520 -0.9853 -0.0776
vn 0.1382 -0.9878 -0.0715
vn 0.1264 -0.9897 -0.0670
vn 0.0084 0.9999 -0.0013
vn 0.0085 0.9999 -0.0050
vn 0.0021 1.0000 -0.0050
vn 0.0168 0.9998 -0.0013
vn 0.0171 0.9998 -0.0051
vn 0.0255 0.9997 -0.0013
vn 0.0259 0.9996 -0.0052
vn 0.0343 0.9994 -0.0013
vn 0.0349 0.9994 -0.0052
vn 0.0435 0.9990 -0.0013
vn 0.0442 0.9990 -0.0054
vn 0.0531 0.9986 -0.0014
vn 0.0539 0.9985 -0.0055
vn 0.0633 0.9980 -0.0014
vn 0.0641 0.9979 -0.0057
vn 0.0742 0.9972 -0.0015
vn 0.0750 0.9972 -0.0059
vn 0.0860 0.9963 -0.0015
vn 0.0867 0.9962 -0.0062
vn 0.0990 0.9951 -0.0016
vn 0.0994 0.9950 -0.0065
vn 0.1134 0.9935 -0.0017
vn 0.1136 0.9935 -0.0068
vn 0.1297 0.9915 -0.0018
vn 0.1295 0.9915 -0.0073
vn 0.0086 0.9999 -0.0101
vn 0.0021 0.9999 -0.0100
vn 0.0174 0.9998 -0.0103
vn 0.0264 0.9996 -0.0104
vn 0.0356 0.9993 -0.0107
vn 0.0450 0.9989 -0.0109
vn 0.0548 0.9984 -0.0112
vn 0.0650 0.9978 -0.0115
vn 0.0758 0.9970 -0.0119
vn 0.0874 0.9961 -0.0124
vn 0.0999 0.9949 -0.0130
vn 0.1137 0.9934 -0.0138
vn 0.1292 0.9915 -0.0146
vn 0.0088 0.9998 -0.0153
vn 0.0022 0.9999 -0.0151
vn 0.0178 0.9997 -0.0156
vn 0.0269 0.9995 -0.0159
vn 0.0363 0.9992 -0.0162
vn 0.0459 0.9988 -0.0166
vn 0.0558 0.9983 -0.0170
vn 0.0660 0.9977 -0.0175
vn 0.0768 0.9969 -0.0180
vn 0.0882 0.9959 -0.0187
vn 0.1004 0.9947 -0.0196
vn 0.1139 0.9933 -0.0207
vn 0.1289 0.9914 -0.0220
vn 0.0090 0.9997 -0.0207
vn 0.0022 0.9998 -0.0203
vn 0.0181 0.9996 -0.0211
vn 0.0275 0.9994 -0.0215
vn 0.0371 0.9991 -0.0219
vn 0.0468 0.9986 -0.0223
vn 0.0567 0.9981 -0.0229
vn 0.0670 0.9975 -0.0235
vn 0.0777 0.9967 -0.0242
vn 0.0889 0.9957 -0.0251
vn 0.1010 0.9945 -0.0261
vn 0.1141 0.9931 -0.0275
vn 0.1286 0.9912 -0.0291
vn 0.0092 0.9996 -0.0262
vn 0.0023 0.9997 -0.0258
vn 0.0186 0.9995 -0.0267
vn 0.0281 0.9992 -0.0272
vn 0.0379 0.9989 -0.0277
vn 0.0478 0.9984 -0.0283
vn 0.0578 0.9979 -0.0289
vn 0.0681 0.9972 -0.0295
vn 0.0786 0.9964 -0.0304
vn 0.0898 0.9955 -0.0313
vn 0.1015 0.9943 -0.0326
vn 0.1143 0.9929 -0.0342
vn 0.1284 0.9911 -0.0362
vn 0.0094 0.9994 -0.0320
vn 0.0023 0.9995 -0.0315
vn 0.0190 0.9993 -0.0326
vn 0.0288 0.9990 -0.0331
vn 0.0388 0.9987 -0.0337
vn 0.0488 0.9982 -0.0343
vn 0.0589 0.9977 -0.0349
vn 0.0692 0.9969 -0.0356
vn 0.0797 0.9961 -0.0365
vn 0.0906 0.9952 -0.0376
vn 0.1021 0.9940 -0.0389
vn 0.1145 0.9926 -0.0407
vn 0.1281 0.9908 -0.0430
vn 0.0097 0.9992 -0.0382
vn 0.0024 0.9993 -0.0376
vn 0.0196 0.9991 -0.0387
vn 0.0297 0.9988 -0.0393
vn 0.0398 0.9984 -0.0399
vn 0.0500 0.9979 -0.0405
vn 0.0602 0.9973 -0.0411
vn 0.0704 0.9966 -0.0418
vn 0.0808 0.9958 -0.0426
vn 0.0915 0.9948 -0.0437
vn 0.1027 0.9937 -0.0451
vn 0.1147 0.9923 -0.0470
vn 0.1278 0.9905 -0.0496
vn 0.0100 0.9989 -0.0447
vn 0.0025 0.9990 -0.0441
vn 0.0203 0.9987 -0.0452
vn 0.0306 0.9985 -0.0458
vn 0.0410 0.9981 -0.0463
vn 0.0514 0.9976 -0.0468
vn 0.0616 0.9969 -0.0474
vn 0.0719 0.9962 -0.0480
vn 0.0821 0.9954 -0.0488
vn 0.0926 0.9944 -0.0498
vn 0.1034 0.9933 -0.0511
vn 0.1149 0.9919 -0.0530
vn 0.1275 0.9903 -0.0558
vn 0.0105 0.9986 -0.0517
vn 0.0026 0.9987 -0.0512
vn 0.0211 0.9984 -0.0522
vn 0.0318 0.9981 -0.0526
vn 0.0425 0.9977 -0.0531
vn 0.0530 0.9971 -0.0535
vn 0.0634 0.9965 -0.0540
vn 0.0737 0.9958 -0.0544
vn 0.0839 0.9949 -0.0550
vn 0.0940 0.9940 -0.0558
vn 0.1043 0.9929 -0.0570
vn 0.1152 0.9916 -0.0588
vn 0.1270 0.9900 -0.0617
vn 0.0110 0.9982 -0.0594
vn 0.0027 0.9982 -0.0590
vn 0.0221 0.9980 -0.0597
vn 0.0332 0.9976 -0.0601
vn 0.0443 0.9972 -0.0603
vn 0.0551 0.9966 -0.0606
vn 0.0658 0.9960 -0.0609
vn 0.0761 0.9952 -0.0612
vn 0.0862 0.9944 -0.0615
vn 0.0961 0.9934 -0.0620
vn 0.1057 0.9924 -0.0627
vn 0.1156 0.9912 -0.0641
vn 0.1264 0.9897 -0.0670
vn 0.0116 0.9976 -0.0679
vn 0.0029 0.9977 -0.0677
vn 0.0233 0.9974 -0.0681
vn 0.0350 0.9970 -0.0681
vn 0.0465 0.9966 -0.0682
vn 0.0578 0.9960 -0.0683
vn 0.0688 0.9953 -0.0683
vn 0.0794 0.9945 -0.0684
vn 0.0896 0.9936 -0.0684
vn 0.0993 0.9927 -0.0685
vn 0.1082 0.9917 -0.0687
vn 0.1162 0.9908 -0.0688
vn 0.1254 0.9895 -0.0714
vn 0.9897 0.1377 -0.0394
vn 0.8813 0.4710 -0.0370
vn 0.8834 0.4684 -0.0091
vn 0.9872 0.1390 -0.0784
vn 0.8771 0.4745 -0.0742
vn 0.9831 0.1401 -0.1180
vn 0.8712 0.4781 -0.1115
vn 0.9771 0.1414 -0.1586
vn 0.8634 0.4821 -0.1487
vn 0.9692 0.1430 -0.2003
vn 0.8535 0.4867 -0.1860
vn 0.9591 0.1449 -0.2430
vn 0.8414 0.4921 -0.2235
vn 0.9465 0.1472 -0.2870
vn 0.8268 0.4982 -0.2612
vn 0.9311 0.1500 -0.3324
vn 0.8096 0.5050 -0.2992
vn 0.9124 0.1532 -0.3796
vn 0.7895 0.5127 -0.3372
vn 0.8896 0.1570 -0.4288
vn 0.7664 0.5213 -0.3752
vn 0.8623 0.1617 -0.4799
vn 0.7399 0.5311 -0.4128
vn 0.8299 0.1672 -0.5323
vn 0.7094 0.5421 -0.4504
vn 0.6719 0.7400 -0.0285
vn 0.6757 0.7371 -0.0071
vn 0.6656 0.7441 -0.0571
vn 0.6580 0.7481 -0.0857
vn 0.6489 0.7523 -0.1138
vn 0.6380 0.7569 -0.1415
vn 0.6254 0.7619 -0.1686
vn 0.6109 0.7672 -0.1953
vn 0.5943 0.7731 -0.2214
vn 0.5755 0.7796 -0.2468
vn 0.5544 0.7868 -0.2714
vn 0.5305 0.7947 -0.2951
vn 0.5034 0.8034 -0.3179
vn 0.5083 0.8609 -0.0218
vn 0.5129 0.8584 -0.0055
vn 0.5016 0.8640 -0.0436
vn 0.4942 0.8669 -0.0653
vn 0.4858 0.8697 -0.0865
vn 0.4765 0.8726 -0.1072
vn 0.4660 0.8756 -0.1273
vn 0.4542 0.8787 -0.1468
vn 0.4409 0.8821 -0.1656
vn 0.4260 0.8859 -0.1837
vn 0.4092 0.8900 -0.2009
vn 0.3901 0.8948 -0.2171
vn 0.3687 0.9000 -0.2323
vn 0.3981 0.9172 -0.0174
vn 0.4025 0.9154 -0.0044
vn 0.3919 0.9193 -0.0347
vn 0.3854 0.9213 -0.0518
vn 0.3785 0.9230 -0.0685
vn 0.3710 0.9247 -0.0848
vn 0.3629 0.9264 -0.1006
vn 0.3538 0.9281 -0.1158
vn 0.3437 0.9300 -0.1304
vn 0.3322 0.9321 -0.1444
vn 0.3192 0.9345 -0.1575
vn 0.3042 0.9373 -0.1696
vn 0.2872 0.9406 -0.1808
vn 0.3224 0.9465 -0.0144
vn 0.3263 0.9452 -0.0036
vn 0.3172 0.9479 -0.0287
vn 0.3118 0.9492 -0.0428
vn 0.3063 0.9502 -0.0566
vn 0.3005 0.9512 -0.0700
vn 0.2942 0.9521 -0.0829
vn 0.2874 0.9530 -0.0954
vn 0.2797 0.9540 -0.1074
vn 0.2708 0.9553 -0.1187
vn 0.2606 0.9567 -0.1293
vn 0.2487 0.9585 -0.1390
vn 0.2350 0.9607 -0.1477
vn 0.2680 0.9633 -0.0123
vn 0.2712 0.9625 -0.0031
vn 0.2638 0.9642 -0.0244
vn 0.2596 0.9650 -0.0365
vn 0.2553 0.9656 -0.0482
vn 0.2508 0.9662 -0.0597
vn 0.2461 0.9666 -0.0707
vn 0.2410 0.9671 -0.0813
vn 0.2352 0.9676 -0.0915
vn 0.2284 0.9683 -0.1010
vn 0.2203 0.9692 -0.1100
vn 0.2107 0.9704 -0.1180
vn 0.1993 0.9719 -0.1251
vn 0.2271 0.9738 -0.0107
vn 0.2296 0.9733 -0.0027
vn 0.2239 0.9744 -0.0214
vn 0.2206 0.9748 -0.0319
vn 0.2174 0.9752 -0.0421
vn 0.2141 0.9754 -0.0521
vn 0.2107 0.9756 -0.0618
vn 0.2070 0.9757 -0.0711
vn 0.2027 0.9760 -0.0799
vn 0.1975 0.9763 -0.0883
vn 0.1912 0.9768 -0.0960
vn 0.1833 0.9776 -0.1029
vn 0.1737 0.9788 -0.1088
vn 0.1951 0.9807 -0.0095
vn 0.1970 0.9804 -0.0024
vn 0.1928 0.9810 -0.0190
vn 0.1904 0.9813 -0.0284
vn 0.1881 0.9814 -0.0376
vn 0.1858 0.9815 -0.0465
vn 0.1834 0.9815 -0.0551
vn 0.1809 0.9814 -0.0634
vn 0.1778 0.9815 -0.0713
vn 0.1740 0.9816 -0.0787
vn 0.1692 0.9818 -0.0856
vn 0.1628 0.9824 -0.0916
vn 0.1546 0.9832 -0.0967
vn 0.1693 0.9855 -0.0086
vn 0.1705 0.9853 -0.0021
vn 0.1677 0.9857 -0.0172
vn 0.1661 0.9857 -0.0257
vn 0.1646 0.9857 -0.0341
vn 0.1632 0.9857 -0.0422
vn 0.1616 0.9856 -0.0500
vn 0.1600 0.9854 -0.0575
vn 0.1580 0.9853 -0.0647
vn 0.1555 0.9852 -0.0714
vn 0.1520 0.9853 -0.0777
vn 0.1471 0.9856 -0.0830
vn 0.1400 0.9863 -0.0873
vn 0.1478 0.9890 -0.0079
vn 0.1485 0.9889 -0.0020
vn 0.1469 0.9890 -0.0158
vn 0.1460 0.9890 -0.0236
vn 0.1452 0.9889 -0.0313
vn 0.1444 0.9887 -0.0388
vn 0.1436 0.9886 -0.0461
vn 0.1427 0.9883 -0.0530
vn 0.1416 0.9881 -0.0596
vn 0.1402 0.9879 -0.0658
vn 0.1382 0.9878 -0.0715
vn 0.1350 0.9879 -0.0765
vn 0.1289 0.9884 -0.0801
vn 0.1207 0.9899 -0.0743
vn 0.0222 0.6421 -0.7663
vn 0.0887 0.6424 -0.7612
vn 0.1103 0.2190 -0.9695
vn 0.0143 0.8746 -0.4846
vn 0.0569 0.8754 -0.4799
vn 0.0100 0.9416 -0.3364
vn 0.0399 0.9424 -0.3322
vn 0.0077 0.9673 -0.2536
vn 0.0306 0.9677 -0.2501
vn 0.0062 0.9795 -0.2015
vn 0.0249 0.9797 -0.1986
vn 0.0052 0.9862 -0.1655
vn 0.0210 0.9863 -0.1634
vn 0.0045 0.9902 -0.1391
vn 0.0183 0.9903 -0.1375
vn 0.0040 0.9929 -0.1188
vn 0.0162 0.9929 -0.1176
vn 0.0036 0.9947 -0.1025
vn 0.0146 0.9947 -0.1017
vn 0.0033 0.9960 -0.0890
vn 0.0134 0.9959 -0.0887
vn 0.0031 0.9970 -0.0776
vn 0.0124 0.9969 -0.0775
vn 0.1761 0.6419 -0.7463
vn 0.2162 0.2189 -0.9515
vn 0.1128 0.8751 -0.4707
vn 0.0792 0.9422 -0.3255
vn 0.0608 0.9676 -0.2450
vn 0.0494 0.9796 -0.1948
vn 0.0418 0.9861 -0.1605
vn 0.0363 0.9901 -0.1354
vn 0.0323 0.9927 -0.1162
vn 0.0292 0.9944 -0.1008
vn 0.0268 0.9957 -0.0881
vn 0.0248 0.9967 -0.0774
vn 0.2600 0.6371 -0.7255
vn 0.3165 0.2165 -0.9235
vn 0.1675 0.8721 -0.4597
vn 0.1178 0.9406 -0.3183
vn 0.0904 0.9666 -0.2398
vn 0.0735 0.9788 -0.1909
vn 0.0623 0.9855 -0.1576
vn 0.0542 0.9896 -0.1333
vn 0.0482 0.9922 -0.1147
vn 0.0436 0.9940 -0.0999
vn 0.0400 0.9953 -0.0876
vn 0.0372 0.9963 -0.0772
vn 0.3385 0.6292 -0.6996
vn 0.4097 0.2124 -0.8871
vn 0.2201 0.8669 -0.4471
vn 0.1553 0.9378 -0.3105
vn 0.1194 0.9648 -0.2343
vn 0.0972 0.9775 -0.1869
vn 0.0823 0.9845 -0.1546
vn 0.0717 0.9887 -0.1311
vn 0.0638 0.9915 -0.1132
vn 0.0578 0.9934 -0.0988
vn 0.0531 0.9948 -0.0870
vn 0.0494 0.9958 -0.0770
vn 0.4108 0.6188 -0.6695
vn 0.4948 0.2069 -0.8440
vn 0.2702 0.8600 -0.4328
vn 0.1915 0.9338 -0.3020
vn 0.1475 0.9623 -0.2285
vn 0.1202 0.9758 -0.1827
vn 0.1018 0.9832 -0.1515
vn 0.0887 0.9877 -0.1289
vn 0.0790 0.9906 -0.1116
vn 0.0715 0.9926 -0.0978
vn 0.0658 0.9941 -0.0865
vn 0.0613 0.9951 -0.0768
vn 0.4763 0.6069 -0.6362
vn 0.5710 0.2006 -0.7960
vn 0.3173 0.8518 -0.4169
vn 0.2261 0.9291 -0.2927
vn 0.1744 0.9592 -0.2223
vn 0.1422 0.9736 -0.1782
vn 0.1205 0.9816 -0.1483
vn 0.1051 0.9864 -0.1265
vn 0.0935 0.9895 -0.1100
vn 0.0848 0.9917 -0.0967
vn 0.0780 0.9932 -0.0858
vn 0.0728 0.9944 -0.0765
vn 0.5350 0.5940 -0.6007
vn 0.6383 0.1939 -0.7449
vn 0.3612 0.8426 -0.3995
vn 0.2589 0.9236 -0.2826
vn 0.2002 0.9557 -0.2156
vn 0.1634 0.9712 -0.1734
vn 0.1386 0.9797 -0.1448
vn 0.1208 0.9849 -0.1240
vn 0.1075 0.9883 -0.1082
vn 0.0975 0.9906 -0.0956
vn 0.0898 0.9923 -0.0852
vn 0.0839 0.9935 -0.0762
vn 0.5874 0.5806 -0.5638
vn 0.6970 0.1870 -0.6922
vn 0.4019 0.8328 -0.3807
vn 0.2897 0.9178 -0.2715
vn 0.2245 0.9520 -0.2081
vn 0.1834 0.9685 -0.1681
vn 0.1556 0.9777 -0.1409
vn 0.1357 0.9833 -0.1212
vn 0.1209 0.9870 -0.1062
vn 0.1096 0.9895 -0.0943
vn 0.1010 0.9913 -0.0844
vn 0.0944 0.9926 -0.0759
vn 0.6336 0.5672 -0.5261
vn 0.7480 0.1801 -0.6388
vn 0.4392 0.8227 -0.3608
vn 0.3183 0.9117 -0.2595
vn 0.2472 0.9481 -0.1999
vn 0.2022 0.9658 -0.1621
vn 0.1715 0.9757 -0.1364
vn 0.1496 0.9817 -0.1178
vn 0.1333 0.9856 -0.1037
vn 0.1209 0.9883 -0.0926
vn 0.1114 0.9903 -0.0834
vn 0.1043 0.9917 -0.0756
vn 0.6741 0.5543 -0.4881
vn 0.7920 0.1734 -0.5854
vn 0.4730 0.8128 -0.3399
vn 0.3448 0.9057 -0.2465
vn 0.2682 0.9442 -0.1909
vn 0.2194 0.9632 -0.1554
vn 0.1862 0.9737 -0.1312
vn 0.1624 0.9801 -0.1138
vn 0.1446 0.9843 -0.1007
vn 0.1312 0.9872 -0.0904
vn 0.1209 0.9893 -0.0822
vn 0.1132 0.9907 -0.0751
usemtl None
s 1
f 1731/1/1 2162/2/2 433/3/3 2/4/4
f 2595/5/5 3026/6/6 2163/7/7 1730/8/8
f 3025/9/9 1297/10/10 434/11/11 2161/12/12
f 3/13/13 435/14/14 1299/15/15 866/16/16
f 867/17/17 1298/18/18 3027/19/19 2594/20/20
f 1/21/21 4/22/22 16/23/23 15/24/24
f 4/22/22 5/25/25 17/26/26 16/23/23
f 5/25/25 6/27/27 18/28/28 17/26/26
f 6/27/27 7/29/29 19/30/30 18/28/28
f 7/29/29 8/31/31 20/32/32 19/30/30
f 8/31/31 9/33/33 21/34/34 20/32/32
f 9/33/33 10/35/35 22/36/36 21/34/34
f 10/35/35 11/37/37 23/38/38 22/36/36
f 11/37/37 12/39/39 24/40/40 23/38/38
f 12/39/39 13/41/41 25/42/42 24/40/40
f 13/41/41 14/43/43 26/44/44 25/42/42
f 14/43/43 278/45/45 279/46/46 26/44/44
f 15/24/24 16/23/23 28/47/47 27/48/48
f 16/23/23 17/26/26 29/49/49 28/47/47
f 17/26/26 18/28/28 30/50/50 29/49/49
f 18/28/28 19/30/30 31/51/51 30/50/50
f 19/30/30 20/32/32 32/52/52 31/51/51
f 20/32/32 21/34/34 33/53/53 32/52/52
f 21/34/34 22/36/36 34/54/54 33/53/53
f 22/36/36 23/38/38 35/55/55 34/54/54
f 23/38/38 24/40/40 36/56/56 35/55/55
f 24/40/40 25/42/42 37/57/57 36/56/56
f 25/42/42 26/44/44 38/58/58 37/57/57
f 26/44/44 279/46/46 280/59/59 38/58/58
f 27/48/48 28/47/47 40/60/60 39/61/61
f 28/47/47 29/49/49 41/62/62 40/60/60
f 29/49/49 30/50/50 42/63/63 41/62/62
f 30/50/50 31/51/51 43/64/64 42/63/63
f 31/51/51 32/52/52 44/65/65 43/64/64
f 32/52/52 33/53/53 45/66/66 44/65/65
f 33/53/53 34/54/54 46/67/67 45/66/66
f 34/54/54 35/55/55 47/68/68 46/67/67
f 35/55/55 36/56/56 48/69/69 47/68/68
f 36/56/56 37/57/57 49/70/70 48/69/69
f 37/57/57 38/58/58 50/71/71 49/70/70
f 38/58/58 280/59/59 281/72/72 50/71/71
f 39/61/61 40/60/60 52/73/73 51/74/74
f 40/60/60 41/62/62 53/75/75 52/73/73
f 41/62/62 42/63/63 54/76/76 53/75/75
f 42/63/63 43/64/64 55/77/77 54/76/76
f 43/64/64 44/65/65 56/78/78 55/77/77
f 44/65/65 45/66/66 57/79/79 56/78/78
f 45/66/66 46/67/67 58/80/80 57/79/79
f 46/67/67 47/68/68 59/81/81 58/80/80
f 47/68/68 48/69/69 60/82/82 59/81/81
f 48/69/69 49/70/70 61/83/83 60/82/82
f 49/70/70 50/71/71 62/84/84 61/83/83
f 50/71/71 281/72/72 282/85/85 62/84/84
f 51/74/74 52/73/73 64/86/86 63/87/87
f 52/73/73 53/75/75 65/88/88 64/86/86
f 53/75/75 54/76/76 66/89/89 65/88/88
f 54/76/76 55/77/77 67/90/90 66/89/89
f 55/77/77 56/78/78 68/91/91 67/90/90
f 56/78/78 57/79/79 69/92/92 68/91/91
f 57/79/79 58/80/80 70/93/93 69/92/92
f 58/80/80 59/81/81 71/94/94 70/93/93
f 59/81/81 60/82/82 72/95/95 71/94/94
f 60/82/82 61/83/83 73/96/96 72/95/95
f 61/83/83 62/84/84 74/97/97 73/96/96
f 62/84/84 282/85/85 283/98/98 74/97/97
f 63/87/87 64/86/86 76/99/99 75/100/100
f 64/86/86 65/88/88 77/101/101 76/99/99
f 65/88/88 66/89/89 78/102/102 77/101/101
f 66/89/89 67/90/90 79/103/103 78/102/102
f 67/90/90 68/91/91 80/104/104 79/103/103
f 68/91/91 69/92/92 81/105/105 80/104/104
f 69/92/92 70/93/93 82/106/106 81/105/105
f 70/93/93 71/94/94 83/107/107 82/106/106
f 71/94/94 72/95/95 84/108/108 83/107/107
f 72/95/95 73/96/96 85/109/109 84/108/108
f 73/96/96 74/97/97 86/110/110 85/109/109
f 74/97/97 283/98/98 284/111/111 86/110/110
f 75/100/100 76/99/99 88/112/112 87/113/113
f 76/99/99 77/101/101 89/114/114 88/112/112
f 77/101/101 78/102/102 90/115/115 89/114/114
f 78/102/102 79/103/103 91/116/116 90/115/115
f 79/103/103 80/104/104 92/117/117 91/116/116
f 80/104/104 81/105/105 93/118/118 92/117/117
f 81/105/105 82/106/106 94/119/119 93/118/118
f 82/106/106 83/107/107 95/120/120 94/119/119
f 83/107/107 84/108/108 96/121/121 95/120/120
f 84/108/108 85/109/109 97/122/122 96/121/121
f 85/109/109 86/110/110 98/123/123 97/122/122
f 86/110/110 284/111/111 285/124/124 98/123/123
f 87/113/113 88/112/112 100/125/125 99/126/126
f 88/112/112 89/114/114 101/127/127 100/125/125
f 89/114/114 90/115/115 102/128/128 101/127/127
f 90/115/115 91/116/116 103/129/129 102/128/128
f 91/116/116 92/117/117 104/130/130 103/129/129
f 92/117/117 93/118/118 105/131/131 104/130/130
f 93/118/118 94/119/119 106/132/132 105/131/131
f 94/119/119 95/120/120 107/133/133 106/132/132
f 95/120/120 96/121/121 108/134/134 107/133/133
f 96/121/121 97/122/122 109/135/135 108/134/134
f 97/122/122 98/123/123 110/136/136 109/135/135
f 98/123/123 285/124/124 286/137/137 110/136/136
f 99/126/126 100/125/125 112/138/138 111/139/139
f 100/125/125 101/127/127 113/140/140 112/138/138
f 101/127/127 102/128/128 114/141/141 113/140/140
f 102/128/128 103/129/129 115/142/142 114/141/141
f 103/129/129 104/130/130 116/143/143 115/142/142
f 104/130/130 105/131/131 117/144/144 116/143/143
f 105/131/131 106/132/132 118/145/145 117/144/144
f 106/132/132 107/133/133 119/146/146 118/145/145
f 107/133/133 108/134/134 120/147/147 119/146/146
f 108/134/134 109/135/135 121/148/148 120/147/147
f 109/135/135 110/136/136 122/149/149 121/148/148
f 110/136/136 286/137/137 287/150/150 122/149/149
f 111/139/139 112/138/138 124/151/151 123/152/152
f 112/138/138 113/140/140 125/153/153 124/151/151
f 113/140/140 114/141/141 126/154/154 125/153/153
f 114/141/141 115/142/142 127/155/155 126/154/154
f 115/142/142 116/143/143 128/156/156 127/155/155
f 116/143/143 117/144/144 129/157/157 128/156/156
f 117/144/144 118/145/145 130/158/158 129/157/157
f 118/145/145 119/146/146 131/159/159 130/158/158
f 119/146/146 120/147/147 132/160/160 131/159/159
f 120/147/147 121/148/148 133/161/161 132/160/160
f 121/148/148 122/149/149 134/162/162 133/161/161
f 122/149/149 287/150/150 288/163/163 134/162/162
f 123/152/152 124/151/151 136/164/164 135/165/165
f 124/151/151 125/153/153 137/166/166 136/164/164
f 125/153/153 126/154/154 138/167/167 137/166/166
f 126/154/154 127/155/155 139/168/168 138/167/167
f 127/155/155 128/156/156 140/169/169 139/168/168
f 128/156/156 129/157/157 141/170/170 140/169/169
f 129/157/157 130/158/158 142/171/171 141/170/170
f 130/158/158 131/159/159 143/172/172 142/171/171
f 131/159/159 132/160/160 144/173/173 143/172/172
f 132/160/160 133/161/161 145/174/174 144/173/173
f 133/161/161 134/162/162 146/175/175 145/174/174
f 134/162/162 288/163/163 289/176/176 146/175/175
f 2/4/4 147/177/177 159/178/178 158/179/179
f 147/177/177 148/180/180 160/181/181 159/178/178
f 148/180/180 149/182/182 161/183/183 160/181/181
f 149/182/182 150/184/184 162/185/185 161/183/183
f 150/184/184 151/186/186 163/187/187 162/185/185
f 151/186/186 152/188/188 164/189/189 163/187/187
f 152/188/188 153/190/190 165/191/191 164/189/189
f 153/190/190 154/192/192 166/193/193 165/191/191
f 154/192/192 155/194/194 167/195/195 166/193/193
f 155/194/194 156/196/196 168/197/197 167/195/195
f 156/196/196 157/198/198 169/199/199 168/197/197
f 157/198/198 421/200/200 422/201/201 169/199/199
f 158/179/179 159/178/178 171/202/202 170/203/203
f 159/178/178 160/181/181 172/204/204 171/202/202
f 160/181/181 161/183/183 173/205/205 172/204/204
f 161/183/183 162/185/185 174/206/206 173/205/205
f 162/185/185 163/187/187 175/207/207 174/206/206
f 163/187/187 164/189/189 176/208/208 175/207/207
f 164/189/189 165/191/191 177/209/209 176/208/208
f 165/191/191 166/193/193 178/210/210 177/209/209
f 166/193/193 167/195/195 179/211/211 178/210/210
f 167/195/195 168/197/197 180/212/212 179/211/211
f 168/197/197 169/199/199 181/213/213 180/212/212
f 169/199/199 422/201/201 423/214/214 181/213/213
f 170/203/203 171/202/202 183/215/215 182/216/216
f 171/202/202 172/204/204 184/217/217 183/215/215
f 172/204/204 173/205/205 185/218/218 184/217/217
f 173/205/205 174/206/206 186/219/219 185/218/218
f 174/206/206 175/207/207 187/220/220 186/219/219
f 175/207/207 176/208/208 188/221/221 187/220/220
f 176/208/208 177/209/209 189/222/222 188/221/221
f 177/209/209 178/210/210 190/223/223 189/222/222
f 178/210/210 179/211/211 191/224/224 190/223/223
f 179/211/211 180/212/212 192/225/225 191/224/224
f 180/212/212 181/213/213 193/226/226 192/225/225
f 181/213/213 423/214/214 424/227/227 193/226/226
f 182/216/216 183/215/215 195/228/228 194/229/229
f 183/215/215 184/217/217 196/230/230 195/228/228
f 184/217/217 185/218/218 197/231/231 196/230/230
f 185/218/218 186/219/219 198/232/232 197/231/231
f 186/219/219 187/220/220 199/233/233 198/232/232
f 187/220/220 188/221/221 200/234/234 199/233/233
f 188/221/221 189/222/222 201/235/235 200/234/234
f 189/222/222 190/223/223 202/236/236 201/235/235
f 190/223/223 191/224/224 203/237/237 202/236/236
f 191/224/224 192/225/225 204/238/238 203/237/237
f 192/225/225 193/226/226 205/239/239 204/238/238
f 193/226/226 424/227/227 425/240/240 205/239/239
f 194/229/229 195/228/228 207/241/241 206/242/242
f 195/228/228 196/230/230 208/243/243 207/241/241
f 196/230/230 197/231/231 209/244/244 208/243/243
f 197/231/231 198/232/232 210/245/245 209/244/244
f 198/232/232 199/233/233 211/246/246 210/245/245
f 199/233/233 200/234/234 212/247/247 211/246/246
f 200/234/234 201/235/235 213/248/248 212/247/247
f 201/235/235 202/236/236 214/249/249 213/248/248
f 202/236/236 203/237/237 215/250/250 214/249/249
f 203/237/237 204/238/238 216/251/251 215/250/250
f 204/238/238 205/239/239 217/252/252 216/251/251
f 205/239/239 425/240/240 426/253/253 217/252/252
f 206/242/242 207/241/241 219/254/254 218/255/255
f 207/241/241 208/243/243 220/256/256 219/254/254
f 208/243/243 209/244/244 221/257/257 220/256/256
f 209/244/244 210/245/245 222/258/258 221/257/257
f 210/245/245 211/246/246 223/259/259 222/258/258
f 211/246/246 212/247/247 224/260/260 223/259/259
f 212/247/247 213/248/248 225/261/261 224/260/260
f 213/248/248 214/249/249 226/262/262 225/261/261
f 214/249/249 215/250/250 227/263/263 226/262/262
f 215/250/250 216/251/251 228/264/264 227/263/263
f 216/251/251 217/252/252 229/265/265 228/264/264
f 217/252/252 426/253/253 427/266/266 229/265/265
f 218/255/255 219/254/254 231/267/267 230/268/268
f 219/254/254 220/256/256 232/269/269 231/267/267
f 220/256/256 221/257/257 233/270/270 232/269/269
f 221/257/257 222/258/258 234/271/271 233/270/270
f 222/258/258 223/259/259 235/272/272 234/271/271
f 223/259/259 224/260/260 236/273/273 235/272/272
f 224/260/260 225/261/261 237/274/274 236/273/273
f 225/261/261 226/262/262 238/275/275 237/274/274
f 226/262/262 227/263/263 239/276/276 238/275/275
f 227/263/263 228/264/264 240/277/277 239/276/276
f 228/264/264 229/265/265 241/278/278 240/277/277
f 229/265/265 427/266/266 428/279/279 241/278/278
f 230/268/268 231/267/267 243/280/280 242/281/281
f 231/267/267 232/269/269 244/282/282 243/280/280
f 232/269/269 233/270/270 245/283/283 244/282/282
f 233/270/270 234/271/271 246/284/284 245/283/283
f 234/271/271 235/272/272 247/285/285 246/284/284
f 235/272/272 236/273/273 248/286/286 247/285/285
f 236/273/273 237/274/274 249/287/287 248/286/286
f 237/274/274 238/275/275 250/288/288 249/287/287
f 238/275/275 239/276/276 251/289/289 250/288/288
f 239/276/276 240/277/277 252/290/290 251/289/289
f 240/277/277 241/278/278 253/291/291 252/290/290
f 241/278/278 428/279/279 429/292/292 253/291/291
f 242/281/281 243/280/280 255/293/293 254/294/294
f 243/280/280 244/282/282 256/295/295 255/293/293
f 244/282/282 245/283/283 257/296/296 256/295/295
f 245/283/283 246/284/284 258/297/297 257/296/296
f 246/284/284 247/285/285 259/298/298 258/297/297
f 247/285/285 248/286/286 260/299/299 259/298/298
f 248/286/286 249/287/287 261/300/300 260/299/299
f 249/287/287 250/288/288 262/301/301 261/300/300
f 250/288/288 251/289/289 263/302/302 262/301/301
f 251/289/289 252/290/290 264/303/303 263/302/302
f 252/290/290 253/291/291 265/304/304 264/303/303
f 253/291/291 429/292/292 430/305/305 265/304/304
f 254/294/294 255/293/293 267/306/306 266/307/307
f 255/293/293 256/295/295 268/308/308 267/306/306
f 256/295/295 257/296/296 269/309/309 268/308/308
f 257/296/296 258/297/297 270/310/310 269/309/309
f 258/297/297 259/298/298 271/311/311 270/310/310
f 259/298/298 260/299/299 272/312/312 271/311/311
f 260/299/299 261/300/300 273/313/313 272/312/312
f 261/300/300 262/301/301 274/314/314 273/313/313
f 262/301/301 263/302/302 275/315/315 274/314/314
f 263/302/302 264/303/303 276/316/316 275/315/315
f 264/303/303 265/304/304 277/317/317 276/316/316
f 265/304/304 430/305/305 431/318/318 277/317/317
f 266/307/307 267/306/306 279/319/46 278/320/45
f 267/306/306 268/308/308 280/321/59 279/319/46
f 268/308/308 269/309/309 281/322/72 280/321/59
f 269/309/309 270/310/310 282/323/85 281/322/72
f 270/310/310 271/311/311 283/324/98 282/323/85
f 271/311/311 272/312/312 284/325/111 283/324/98
f 272/312/312 273/313/313 285/326/124 284/325/111
f 273/313/313 274/314/314 286/327/137 285/326/124
f 274/314/314 275/315/315 287/328/150 286/327/137
f 275/315/315 276/316/316 288/329/163 287/328/150
f 276/316/316 277/317/317 289/330/176 288/329/163
f 277/317/317 431/318/318 432/331/319 289/330/176
f 3/13/13 290/332/320 302/333/321 301/334/322
f 290/332/320 291/335/323 303/336/324 302/333/321
f 291/335/323 292/337/325 304/338/326 303/336/324
f 292/337/325 293/339/327 305/340/328 304/338/326
f 293/339/327 294/341/329 306/342/330 305/340/328
f 294/341/329 295/343/331 307/344/332 306/342/330
f 295/343/331 296/345/333 308/346/334 307/344/332
f 296/345/333 297/347/335 309/348/336 308/346/334
f 297/347/335 298/349/337 310/350/338 309/348/336
f 298/349/337 299/351/339 311/352/340 310/350/338
f 299/351/339 300/353/341 312/354/342 311/352/340
f 300/353/341 135/355/165 136/356/164 312/354/342
f 301/334/322 302/333/321 314/357/343 313/358/344
f 302/333/321 303/336/324 315/359/345 314/357/343
f 303/336/324 304/338/326 316/360/346 315/359/345
f 304/338/326 305/340/328 317/361/347 316/360/346
f 305/340/328 306/342/330 318/362/348 317/361/347
f 306/342/330 307/344/332 319/363/349 318/362/348
f 307/344/332 308/346/334 320/364/350 319/363/349
f 308/346/334 309/348/336 321/365/351 320/364/350
f 309/348/336 310/350/338 322/366/352 321/365/351
f 310/350/338 311/352/340 323/367/353 322/366/352
f 311/352/340 312/354/342 324/368/354 323/367/353
f 312/354/342 136/356/164 137/369/166 324/368/354
f 313/358/344 314/357/343 326/370/355 325/371/356
f 314/357/343 315/359/345 327/372/357 326/370/355
f 315/359/345 316/360/346 328/373/358 327/372/357
f 316/360/346 317/361/347 329/374/359 328/373/358
f 317/361/347 318/362/348 330/375/360 329/374/359
f 318/362/348 319/363/349 331/376/361 330/375/360
f 319/363/349 320/364/350 332/377/362 331/376/361
f 320/364/350 321/365/351 333/378/363 332/377/362
f 321/365/351 322/366/352 334/379/364 333/378/363
f 322/366/352 323/367/353 335/380/365 334/379/364
f 323/367/353 324/368/354 336/381/366 335/380/365
f 324/368/354 137/369/166 138/382/167 336/381/366
f 325/371/356 326/370/355 338/383/367 337/384/368
f 326/370/355 327/372/357 339/385/369 338/383/367
f 327/372/357 328/373/358 340/386/370 339/385/369
f 328/373/358 329/374/359 341/387/371 340/386/370
f 329/374/359 330/375/360 342/388/372 341/387/371
f 330/375/360 331/376/361 343/389/373 342/388/372
f 331/376/361 332/377/362 344/390/374 343/389/373
f 332/377/362 333/378/363 345/391/375 344/390/374
f 333/378/363 334/379/364 346/392/376 345/391/375
f 334/379/364 335/380/365 347/393/377 346/392/376
f 335/380/365 336/381/366 348/394/378 347/393/377
f 336/381/366 138/382/167 139/395/168 348/394/378
f 337/384/368 338/383/367 350/396/379 349/397/380
f 338/383/367 339/385/369 351/398/381 350/396/379
f 339/385/369 340/386/370 352/399/382 351/398/381
f 340/386/370 341/387/371 353/400/383 352/399/382
f 341/387/371 342/388/372 354/401/384 353/400/383
f 342/388/372 343/389/373 355/402/385 354/401/384
f 343/389/373 344/390/374 356/403/386 355/402/385
f 344/390/374 345/391/375 357/404/387 356/403/386
f 345/391/375 346/392/376 358/405/388 357/404/387
f 346/392/376 347/393/377 359/406/389 358/405/388
f 347/393/377 348/394/378 360/407/390 359/406/389
f 348/394/378 139/395/168 140/408/169 360/407/390
f 349/397/380 350/396/379 362/409/391 361/410/392
f 350/396/379 351/398/381 363/411/393 362/409/391
f 351/398/381 352/399/382 364/412/394 363/411/393
f 352/399/382 353/400/383 365/413/395 364/412/394
f 353/400/383 354/401/384 366/414/396 365/413/395
f 354/401/384 355/402/385 367/415/397 366/414/396
f 355/402/385 356/403/386 368/416/398 367/415/397
f 356/403/386 357/404/387 369/417/399 368/416/398
f 357/404/387 358/405/388 370/418/400 369/417/399
f 358/405/388 359/406/389 371/419/401 370/418/400
f 359/406/389 360/407/390 372/420/402 371/419/401
f 360/407/390 140/408/169 141/421/170 372/420/402
f 361/410/392 362/409/391 374/422/403 373/423/404
f 362/409/391 363/411/393 375/424/405 374/422/403
f 363/411/393 364/412/394 376/425/406 375/424/405
f 364/412/394 365/413/395 377/426/407 376/425/406
f 365/413/395 366/414/396 378/427/408 377/426/407
f 366/414/396 367/415/397 379/428/409 378/427/408
f 367/415/397 368/416/398 380/429/410 379/428/409
f 368/416/398 369/417/399 381/430/411 380/429/410
f 369/417/399 370/418/400 382/431/412 381/430/411
f 370/418/400 371/419/401 383/432/413 382/431/412
f 371/419/401 372/420/402 384/433/414 383/432/413
f 372/420/402 141/421/170 142/434/171 384/433/414
f 373/423/404 374/422/403 386/435/415 385/436/416
f 374/422/403 375/424/405 387/437/417 386/435/415
f 375/424/405 376/425/406 388/438/418 387/437/417
f 376/425/406 377/426/407 389/439/419 388/438/418
f 377/426/407 378/427/408 390/440/420 389/439/419
f 378/427/408 379/428/409 391/441/421 390/440/420
f 379/428/409 380/429/410 392/442/422 391/441/421
f 380/429/410 381/430/411 393/443/423 392/442/422
f 381/430/411 382/431/412 394/444/424 393/443/423
f 382/431/412 383/432/413 395/445/425 394/444/424
f 383/432/413 384/433/414 396/446/426 395/445/425
f 384/433/414 142/434/171 143/447/172 396/446/426
f 385/436/416 386/435/415 398/448/427 397/449/428
f 386/435/415 387/437/417 399/450/429 398/448/427
f 387/437/417 388/438/418 400/451/430 399/450/429
f 388/438/418 389/439/419 401/452/431 400/451/430
f 389/439/419 390/440/420 402/453/432 401/452/431
f 390/440/420 391/441/421 403/454/433 402/453/432
f 391/441/421 392/442/422 404/455/434 403/454/433
f 392/442/422 393/443/423 405/456/435 404/455/434
f 393/443/423 394/444/424 406/457/436 405/456/435
f 394/444/424 395/445/425 407/458/437 406/457/436
f 395/445/425 396/446/426 408/459/438 407/458/437
f 396/446/426 143/447/172 144/460/173 408/459/438
f 397/449/428 398/448/427 410/461/439 409/462/440
f 398/448/427 399/450/429 411/463/441 410/461/439
f 399/450/429 400/451/430 412/464/442 411/463/441
f 400/451/430 401/452/431 413/465/443 412/464/442
f 401/452/431 402/453/432 414/466/444 413/465/443
f 402/453/432 403/454/433 415/467/445 414/466/444
f 403/454/433 404/455/434 416/468/446 415/467/445
f 404/455/434 405/456/435 417/469/447 416/468/446
f 405/456/435 406/457/436 418/470/448 417/469/447
f 406/457/436 407/458/437 419/471/449 418/470/448
f 407/458/437 408/459/438 420/472/450 419/471/449
f 408/459/438 144/460/173 145/473/174 420/472/450
f 409/462/440 410/461/439 422/474/201 421/475/200
f 410/461/439 411/463/441 423/476/214 422/474/201
f 411/463/441 412/464/442 424/477/227 423/476/214
f 412/464/442 413/465/443 425/478/240 424/477/227
f 413/465/443 414/466/444 426/479/253 425/478/240
f 414/466/444 415/467/445 427/480/266 426/479/253
f 415/467/445 416/468/446 428/481/279 427/480/266
f 416/468/446 417/469/447 429/482/292 428/481/279
f 417/469/447 418/470/448 430/483/305 429/482/292
f 418/470/448 419/471/449 431/484/318 430/483/305
f 419/471/449 420/472/450 432/485/319 431/484/318
f 420/472/450 145/473/174 146/486/175 432/485/319
f 146/175/175 289/176/176 432/487/319
f 433/3/3 436/488/451 448/489/452 447/490/453
f 436/488/451 437/491/454 449/492/455 448/489/452
f 437/491/454 438/493/456 450/494/457 449/492/455
f 438/493/456 439/495/458 451/496/459 450/494/457
f 439/495/458 440/497/460 452/498/461 451/496/459
f 440/497/460 441/499/462 453/500/463 452/498/461
f 441/499/462 442/501/464 454/502/465 453/500/463
f 442/501/464 443/503/466 455/504/467 454/502/465
f 443/503/466 444/505/468 456/506/469 455/504/467
f 444/505/468 445/507/470 457/508/471 456/506/469
f 445/507/470 446/509/472 458/510/473 457/508/471
f 446/509/472 710/511/474 711/512/475 458/510/473
f 447/490/453 448/489/452 460/513/476 459/514/477
f 448/489/452 449/492/455 461/515/478 460/513/476
f 449/492/455 450/494/457 462/516/479 461/515/478
f 450/494/457 451/496/459 463/517/480 462/516/479
f 451/496/459 452/498/461 464/518/481 463/517/480
f 452/498/461 453/500/463 465/519/482 464/518/481
f 453/500/463 454/502/465 466/520/483 465/519/482
f 454/502/465 455/504/467 467/521/484 466/520/483
f 455/504/467 456/506/469 468/522/485 467/521/484
f 456/506/469 457/508/471 469/523/486 468/522/485
f 457/508/471 458/510/473 470/524/487 469/523/486
f 458/510/473 711/512/475 712/525/488 470/524/487
f 459/514/477 460/513/476 472/526/489 471/527/490
f 460/513/476 461/515/478 473/528/491 472/526/489
f 461/515/478 462/516/479 474/529/492 473/528/491
f 462/516/479 463/517/480 475/530/493 474/529/492
f 463/517/480 464/518/481 476/531/494 475/530/493
f 464/518/481 465/519/482 477/532/495 476/531/494
f 465/519/482 466/520/483 478/533/496 477/532/495
f 466/520/483 467/521/484 479/534/497 478/533/496
f 467/521/484 468/522/485 480/535/498 479/534/497
f 468/522/485 469/523/486 481/536/499 480/535/498
f 469/523/486 470/524/487 482/537/500 481/536/499
f 470/524/487 712/525/488 713/538/501 482/537/500
f 471/527/490 472/526/489 484/539/502 483/540/503
f 472/526/489 473/528/491 485/541/504 484/539/502
f 473/528/491 474/529/492 486/542/505 485/541/504
f 474/529/492 475/530/493 487/543/506 486/542/505
f 475/530/493 476/531/494 488/544/507 487/543/506
f 476/531/494 477/532/495 489/545/508 488/544/507
f 477/532/495 478/533/496 490/546/509 489/545/508
f 478/533/496 479/534/497 491/547/510 490/546/509
f 479/534/497 480/535/498 492/548/511 491/547/510
f 480/535/498 481/536/499 493/549/512 492/548/511
f 481/536/499 482/537/500 494/550/513 493/549/512
f 482/537/500 713/538/501 714/551/514 494/550/513
f 483/540/503 484/539/502 496/552/515 495/553/516
f 484/539/502 485/541/504 497/554/517 496/552/515
f 485/541/504 486/542/505 498/555/518 497/554/517
f 486/542/505 487/543/506 499/556/519 498/555/518
f 487/543/506 488/544/507 500/557/520 499/556/519
f 488/544/507 489/545/508 501/558/521 500/557/520
f 489/545/508 490/546/509 502/559/522 501/558/521
f 490/546/509 491/547/510 503/560/523 502/559/522
f 491/547/510 492/548/511 504/561/524 503/560/523
f 492/548/511 493/549/512 505/562/525 504/561/524
f 493/549/512 494/550/513 506/563/526 505/562/525
f 494/550/513 714/551/514 715/564/527 506/563/526
f 495/553/516 496/552/515 508/565/528 507/566/529
f 496/552/515 497/554/517 509/567/530 508/565/528
f 497/554/517 498/555/518 510/568/531 509/567/530
f 498/555/518 499/556/519 511/569/532 510/568/531
f 499/556/519 500/557/520 512/570/533 511/569/532
f 500/557/520 501/558/521 513/571/534 512/570/533
f 501/558/521 502/559/522 514/572/535 513/571/534
f 502/559/522 503/560/523 515/573/536 514/572/535
f 503/560/523 504/561/524 516/574/537 515/573/536
f 504/561/524 505/562/525 517/575/538 516/574/537
f 505/562/525 506/563/526 518/576/539 517/575/538
f 506/563/526 715/564/527 716/577/540 518/576/539
f 507/566/529 508/565/528 520/578/541 519/579/542
f 508/565/528 509/567/530 521/580/543 520/578/541
f 509/567/530 510/568/531 522/581/544 521/580/543
f 510/568/531 511/569/532 523/582/545 522/581/544
f 511/569/532 512/570/533 524/583/546 523/582/545
f 512/570/533 513/571/534 525/584/547 524/583/546
f 513/571/534 514/572/535 526/585/548 525/584/547
f 514/572/535 515/573/536 527/586/549 526/585/548
f 515/573/536 516/574/537 528/587/550 527/586/549
f 516/574/537 517/575/538 529/588/551 528/587/550
f 517/575/538 518/576/539 530/589/552 529/588/551
f 518/576/539 716/577/540 717/590/553 530/589/552
f 519/579/542 520/578/541 532/591/554 531/592/555
f 520/578/541 521/580/543 533/593/556 532/591/554
f 521/580/543 522/581/544 534/594/557 533/593/556
f 522/581/544 523/582/545 535/595/558 534/594/557
f 523/582/545 524/583/546 536/596/559 535/595/558
f 524/583/546 525/584/547 537/597/560 536/596/559
f 525/584/547 526/585/548 538/598/561 537/597/560
f 526/585/548 527/586/549 539/599/562 538/598/561
f 527/586/549 528/587/550 540/600/563 539/599/562
f 528/587/550 529/588/551 541/601/564 540/600/563
f 529/588/551 530/589/552 542/602/565 541/601/564
f 530/589/552 717/590/553 718/603/566 542/602/565
f 531/592/555 532/591/554 544/604/567 543/605/568
f 532/591/554 533/593/556 545/606/569 544/604/567
f 533/593/556 534/594/557 546/607/570 545/606/569
f 534/594/557 535/595/558 547/608/571 546/607/570
f 535/595/558 536/596/559 548/609/572 547/608/571
f 536/596/559 537/597/560 549/610/573 548/609/572
f 537/597/560 538/598/561 550/611/574 549/610/573
f 538/598/561 539/599/562 551/612/575 550/611/574
f 539/599/562 540/600/563 552/613/576 551/612/575
f 540/600/563 541/601/564 553/614/577 552/613/576
f 541/601/564 542/602/565 554/615/578 553/614/577
f 542/602/565 718/603/566 719/616/579 554/615/578
f 543/605/568 544/604/567 556/617/580 555/618/581
f 544/604/567 545/606/569 557/619/582 556/617/580
f 545/606/569 546/607/570 558/620/583 557/619/582
f 546/607/570 547/608/571 559/621/584 558/620/583
f 547/608/571 548/609/572 560/622/585 559/621/584
f 548/609/572 549/610/573 561/623/586 560/622/585
f 549/610/573 550/611/574 562/624/587 561/623/586
f 550/611/574 551/612/575 563/625/588 562/624/587
f 551/612/575 552/613/576 564/626/589 563/625/588
f 552/613/576 553/614/577 565/627/590 564/626/589
f 553/614/577 554/615/578 566/628/591 565/627/590
f 554/615/578 719/616/579 720/629/592 566/628/591
f 555/618/581 556/617/580 568/630/593 567/631/594
f 556/617/580 557/619/582 569/632/595 568/630/593
f 557/619/582 558/620/583 570/633/596 569/632/595
f 558/620/583 559/621/584 571/634/597 570/633/596
f 559/621/584 560/622/585 572/635/598 571/634/597
f 560/622/585 561/623/586 573/636/599 572/635/598
f 561/623/586 562/624/587 574/637/600 573/636/599
f 562/624/587 563/625/588 575/638/601 574/637/600
f 563/625/588 564/626/589 576/639/602 575/638/601
f 564/626/589 565/627/590 577/640/603 576/639/602
f 565/627/590 566/628/591 578/641/604 577/640/603
f 566/628/591 720/629/592 721/642/605 578/641/604
f 434/11/11 579/643/606 591/644/607 590/645/608
f 579/643/606 580/646/609 592/647/610 591/644/607
f 580/646/609 581/648/611 593/649/612 592/647/610
f 581/648/611 582/650/613 594/651/614 593/649/612
f 582/650/613 583/652/615 595/653/616 594/651/614
f 583/652/615 584/654/617 596/655/618 595/653/616
f 584/654/617 585/656/619 597/657/620 596/655/618
f 585/656/619 586/658/621 598/659/622 597/657/620
f 586/658/621 587/660/623 599/661/624 598/659/622
f 587/660/623 588/662/625 600/663/626 599/661/624
f 588/662/625 589/664/627 601/665/628 600/663/626
f 589/664/627 853/666/629 854/667/630 601/665/628
f 590/645/608 591/644/607 603/668/631 602/669/632
f 591/644/607 592/647/610 604/670/633 603/668/631
f 592/647/610 593/649/612 605/671/634 604/670/633
f 593/649/612 594/651/614 606/672/635 605/671/634
f 594/651/614 595/653/616 607/673/636 606/672/635
f 595/653/616 596/655/618 608/674/637 607/673/636
f 596/655/618 597/657/620 609/675/638 608/674/637
f 597/657/620 598/659/622 610/676/639 609/675/638
f 598/659/622 599/661/624 611/677/640 610/676/639
f 599/661/624 600/663/626 612/678/641 611/677/640
f 600/663/626 601/665/628 613/679/642 612/678/641
f 601/665/628 854/667/630 855/680/643 613/679/642
f 602/669/632 603/668/631 615/681/644 614/682/645
f 603/668/631 604/670/633 616/683/646 615/681/644
f 604/670/633 605/671/634 617/684/647 616/683/646
f 605/671/634 606/672/635 618/685/648 617/684/647
f 606/672/635 607/673/636 619/686/649 618/685/648
f 607/673/636 608/674/637 620/687/650 619/686/649
f 608/674/637 609/675/638 621/688/651 620/687/650
f 609/675/638 610/676/639 622/689/652 621/688/651
f 610/676/639 611/677/640 623/690/653 622/689/652
f 611/677/640 612/678/641 624/691/654 623/690/653
f 612/678/641 613/679/642 625/692/655 624/691/654
f 613/679/642 855/680/643 856/693/656 625/692/655
f 614/682/645 615/681/644 627/694/657 626/695/658
f 615/681/644 616/683/646 628/696/659 627/694/657
f 616/683/646 617/684/647 629/697/660 628/696/659
f 617/684/647 618/685/648 630/698/661 629/697/660
f 618/685/648 619/686/649 631/699/662 630/698/661
f 619/686/649 620/687/650 632/700/663 631/699/662
f 620/687/650 621/688/651 633/701/664 632/700/663
f 621/688/651 622/689/652 634/702/665 633/701/664
f 622/689/652 623/690/653 635/703/666 634/702/665
f 623/690/653 624/691/654 636/704/667 635/703/666
f 624/691/654 625/692/655 637/705/668 636/704/667
f 625/692/655 856/693/656 857/706/669 637/705/668
f 626/695/658 627/694/657 639/707/670 638/708/671
f 627/694/657 628/696/659 640/709/672 639/707/670
f 628/696/659 629/697/660 641/710/673 640/709/672
f 629/697/660 630/698/661 642/711/674 641/710/673
f 630/698/661 631/699/662 643/712/675 642/711/674
f 631/699/662 632/700/663 644/713/676 643/712/675
f 632/700/663 633/701/664 645/714/677 644/713/676
f 633/701/664 634/702/665 646/715/678 645/714/677
f 634/702/665 635/703/666 647/716/679 646/715/678
f 635/703/666 636/704/667 648/717/680 647/716/679
f 636/704/667 637/705/668 649/718/681 648/717/680
f 637/705/668 857/706/669 858/719/682 649/718/681
f 638/708/671 639/707/670 651/720/683 650/721/684
f 639/707/670 640/709/672 652/722/685 651/720/683
f 640/709/672 641/710/673 653/723/686 652/722/685
f 641/710/673 642/711/674 654/724/687 653/723/686
f 642/711/674 643/712/675 655/725/688 654/724/687
f 643/712/675 644/713/676 656/726/689 655/725/688
f 644/713/676 645/714/677 657/727/690 656/726/689
f 645/714/677 646/715/678 658/728/691 657/727/690
f 646/715/678 647/716/679 659/729/692 658/728/691
f 647/716/679 648/717/680 660/730/693 659/729/692
f 648/717/680 649/718/681 661/731/694 660/730/693
f 649/718/681 858/719/682 859/732/695 661/731/694
f 650/721/684 651/720/683 663/733/696 662/734/697
f 651/720/683 652/722/685 664/735/698 663/733/696
f 652/722/685 653/723/686 665/736/699 664/735/698
f 653/723/686 654/724/687 666/737/700 665/736/699
f 654/724/687 655/725/688 667/738/701 666/737/700
f 655/725/688 656/726/689 668/739/702 667/738/701
f 656/726/689 657/727/690 669/740/703 668/739/702
f 657/727/690 658/728/691 670/741/704 669/740/703
f 658/728/691 659/729/692 671/742/705 670/741/704
f 659/729/692 660/730/693 672/743/706 671/742/705
f 660/730/693 661/731/694 673/744/707 672/743/706
f 661/731/694 859/732/695 860/745/708 673/744/707
f 662/734/697 663/733/696 675/746/709 674/747/710
f 663/733/696 664/735/698 676/748/711 675/746/709
f 664/735/698 665/736/699 677/749/712 676/748/711
f 665/736/699 666/737/700 678/750/713 677/749/712
f 666/737/700 667/738/701 679/751/714 678/750/713
f 667/738/701 668/739/702 680/752/715 679/751/714
f 668/739/702 669/740/703 681/753/716 680/752/715
f 669/740/703 670/741/704 682/754/717 681/753/716
f 670/741/704 671/742/705 683/755/718 682/754/717
f 671/742/705 672/743/706 684/756/719 683/755/718
f 672/743/706 673/744/707 685/757/720 684/756/719
f 673/744/707 860/745/708 861/758/721 685/757/720
f 674/747/710 675/746/709 687/759/722 686/760/723
f 675/746/709 676/748/711 688/761/724 687/759/722
f 676/748/711 677/749/712 689/762/725 688/761/724
f 677/749/712 678/750/713 690/763/726 689/762/725
f 678/750/713 679/751/714 691/764/727 690/763/726
f 679/751/714 680/752/715 692/765/728 691/764/727
f 680/752/715 681/753/716 693/766/729 692/765/728
f 681/753/716 682/754/717 694/767/730 693/766/729
f 682/754/717 683/755/718 695/768/731 694/767/730
f 683/755/718 684/756/719 696/769/732 695/768/731
f 684/756/719 685/757/720 697/770/733 696/769/732
f 685/757/720 861/758/721 862/771/734 697/770/733
f 686/760/723 687/759/722 699/772/735 698/773/736
f 687/759/722 688/761/724 700/774/737 699/772/735
f 688/761/724 689/762/725 701/775/738 700/774/737
f 689/762/725 690/763/726 702/776/739 701/775/738
f 690/763/726 691/764/727 703/777/740 702/776/739
f 691/764/727 692/765/728 704/778/741 703/777/740
f 692/765/728 693/766/729 705/779/742 704/778/741
f 693/766/729 694/767/730 706/780/743 705/779/742
f 694/767/730 695/768/731 707/781/744 706/780/743
f 695/768/731 696/769/732 708/782/745 707/781/744
f 696/769/732 697/770/733 709/783/746 708/782/745
f 697/770/733 862/771/734 863/784/747 709/783/746
f 698/773/736 699/772/735 711/785/475 710/786/474
f 699/772/735 700/774/737 712/787/488 711/785/475
f 700/774/737 701/775/738 713/788/501 712/787/488
f 701/775/738 702/776/739 714/789/514 713/788/501
f 702/776/739 703/777/740 715/790/527 714/789/514
f 703/777/740 704/778/741 716/791/540 715/790/527
f 704/778/741 705/779/742 717/792/553 716/791/540
f 705/779/742 706/780/743 718/793/566 717/792/553
f 706/780/743 707/781/744 719/794/579 718/793/566
f 707/781/744 708/782/745 720/795/592 719/794/579
f 708/782/745 709/783/746 721/796/605 720/795/592
f 709/783/746 863/784/747 864/797/748 721/796/605
f 435/14/14 722/798/749 734/799/750 733/800/751
f 722/798/749 723/801/752 735/802/753 734/799/750
f 723/801/752 724/803/754 736/804/755 735/802/753
f 724/803/754 725/805/756 737/806/757 736/804/755
f 725/805/756 726/807/758 738/808/759 737/806/757
f 726/807/758 727/809/760 739/810/761 738/808/759
f 727/809/760 728/811/762 740/812/763 739/810/761
f 728/811/762 729/813/764 741/814/765 740/812/763
f 729/813/764 730/815/766 742/816/767 741/814/765
f 730/815/766 731/817/768 743/818/769 742/816/767
f 731/817/768 732/819/770 744/820/771 743/818/769
f 732/819/770 567/821/594 568/822/593 744/820/771
f 733/800/751 734/799/750 746/823/772 745/824/773
f 734/799/750 735/802/753 747/825/774 746/823/772
f 735/802/753 736/804/755 748/826/775 747/825/774
f 736/804/755 737/806/757 749/827/776 748/826/775
f 737/806/757 738/808/759 750/828/777 749/827/776
f 738/808/759 739/810/761 751/829/778 750/828/777
f 739/810/761 740/812/763 752/830/779 751/829/778
f 740/812/763 741/814/765 753/831/780 752/830/779
f 741/814/765 742/816/767 754/832/781 753/831/780
f 742/816/767 743/818/769 755/833/782 754/832/781
f 743/818/769 744/820/771 756/834/783 755/833/782
f 744/820/771 568/822/593 569/835/595 756/834/783
f 745/824/773 746/823/772 758/836/784 757/837/785
f 746/823/772 747/825/774 759/838/786 758/836/784
f 747/825/774 748/826/775 760/839/787 759/838/786
f 748/826/775 749/827/776 761/840/788 760/839/787
f 749/827/776 750/828/777 762/841/789 761/840/788
f 750/828/777 751/829/778 763/842/790 762/841/789
f 751/829/778 752/830/779 764/843/791 763/842/790
f 752/830/779 753/831/780 765/844/792 764/843/791
f 753/831/780 754/832/781 766/845/793 765/844/792
f 754/832/781 755/833/782 767/846/794 766/845/793
f 755/833/782 756/834/783 768/847/795 767/846/794
f 756/834/783 569/835/595 570/848/596 768/847/795
f 757/837/785 758/836/784 770/849/796 769/850/797
f 758/836/784 759/838/786 771/851/798 770/849/796
f 759/838/786 760/839/787 772/852/799 771/851/798
f 760/839/787 761/840/788 773/853/800 772/852/799
f 761/840/788 762/841/789 774/854/801 773/853/800
f 762/841/789 763/842/790 775/855/802 774/854/801
f 763/842/790 764/843/791 776/856/803 775/855/802
f 764/843/791 765/844/792 777/857/804 776/856/803
f 765/844/792 766/845/793 778/858/805 777/857/804
f 766/845/793 767/846/794 779/859/806 778/858/805
f 767/846/794 768/847/795 780/860/807 779/859/806
f 768/847/795 570/848/596 571/861/597 780/860/807
f 769/850/797 770/849/796 782/862/808 781/863/809
f 770/849/796 771/851/798 783/864/810 782/862/808
f 771/851/798 772/852/799 784/865/811 783/864/810
f 772/852/799 773/853/800 785/866/812 784/865/811
f 773/853/800 774/854/801 786/867/813 785/866/812
f 774/854/801 775/855/802 787/868/814 786/867/813
f 775/855/802 776/856/803 788/869/815 787/868/814
f 776/856/803 777/857/804 789/870/816 788/869/815
f 777/857/804 778/858/805 790/871/817 789/870/816
f 778/858/805 779/859/806 791/872/818 790/871/817
f 779/859/806 780/860/807 792/873/819 791/872/818
f 780/860/807 571/861/597 572/874/598 792/873/819
f 781/863/809 782/862/808 794/875/820 793/876/821
f 782/862/808 783/864/810 795/877/822 794/875/820
f 783/864/810 784/865/811 796/878/823 795/877/822
f 784/865/811 785/866/812 797/879/824 796/878/823
f 785/866/812 786/867/813 798/880/825 797/879/824
f 786/867/813 787/868/814 799/881/826 798/880/825
f 787/868/814 788/869/815 800/882/827 799/881/826
f 788/869/815 789/870/816 801/883/828 800/882/827
f 789/870/816 790/871/817 802/884/829 801/883/828
f 790/871/817 791/872/818 803/885/830 802/884/829
f 791/872/818 792/873/819 804/886/831 803/885/830
f 792/873/819 572/874/598 573/887/599 804/886/831
f 793/876/821 794/875/820 806/888/832 805/889/833
f 794/875/820 795/877/822 807/890/834 806/888/832
f 795/877/822 796/878/823 808/891/835 807/890/834
f 796/878/823 797/879/824 809/892/836 808/891/835
f 797/879/824 798/880/825 810/893/837 809/892/836
f 798/880/825 799/881/826 811/894/838 810/893/837
f 799/881/826 800/882/827 812/895/839 811/894/838
f 800/882/827 801/883/828 813/896/840 812/895/839
f 801/883/828 802/884/829 814/897/841 813/896/840
f 802/884/829 803/885/830 815/898/842 814/897/841
f 803/885/830 804/886/831 816/899/843 815/898/842
f 804/886/831 573/887/599 574/900/600 816/899/843
f 805/889/833 806/888/832 818/901/844 817/902/845
f 806/888/832 807/890/834 819/903/846 818/901/844
f 807/890/834 808/891/835 820/904/847 819/903/846
f 808/891/835 809/892/836 821/905/848 820/904/847
f 809/892/836 810/893/837 822/906/849 821/905/848
f 810/893/837 811/894/838 823/907/850 822/906/849
f 811/894/838 812/895/839 824/908/851 823/907/850
f 812/895/839 813/896/840 825/909/852 824/908/851
f 813/896/840 814/897/841 826/910/853 825/909/852
f 814/897/841 815/898/842 827/911/854 826/910/853
f 815/898/842 816/899/843 828/912/855 827/911/854
f 816/899/843 574/900/600 575/913/601 828/912/855
f 817/902/845 818/901/844 830/914/856 829/915/857
f 818/901/844 819/903/846 831/916/858 830/914/856
f 819/903/846 820/904/847 832/917/859 831/916/858
f 820/904/847 821/905/848 833/918/860 832/917/859
f 821/905/848 822/906/849 834/919/861 833/918/860
f 822/906/849 823/907/850 835/920/862 834/919/861
f 823/907/850 824/908/851 836/921/863 835/920/862
f 824/908/851 825/909/852 837/922/864 836/921/863
f 825/909/852 826/910/853 838/923/865 837/922/864
f 826/910/853 827/911/854 839/924/866 838/923/865
f 827/911/854 828/912/855 840/925/867 839/924/866
f 828/912/855 575/913/601 576/926/602 840/925/867
f 829/915/857 830/914/856 842/927/868 841/928/869
f 830/914/856 831/916/858 843/929/870 842/927/868
f 831/916/858 832/917/859 844/930/871 843/929/870
f 832/917/859 833/918/860 845/931/872 844/930/871
f 833/918/860 834/919/861 846/932/873 845/931/872
f 834/919/861 835/920/862 847/933/874 846/932/873
f 835/920/862 836/921/863 848/934/875 847/933/874
f 836/921/863 837/922/864 849/935/876 848/934/875
f 837/922/864 838/923/865 850/936/877 849/935/876
f 838/923/865 839/924/866 851/937/878 850/936/877
f 839/924/866 840/925/867 852/938/879 851/937/878
f 840/925/867 576/926/602 577/939/603 852/938/879
f 841/928/869 842/927/868 854/940/630 853/941/629
f 842/927/868 843/929/870 855/942/643 854/940/630
f 843/929/870 844/930/871 856/943/656 855/942/643
f 844/930/871 845/931/872 857/944/669 856/943/656
f 845/931/872 846/932/873 858/945/682 857/944/669
f 846/932/873 847/933/874 859/946/695 858/945/682
f 847/933/874 848/934/875 860/947/708 859/946/695
f 848/934/875 849/935/876 861/948/721 860/947/708
f 849/935/876 850/936/877 862/949/734 861/948/721
f 850/936/877 851/937/878 863/950/747 862/949/734
f 851/937/878 852/938/879 864/951/748 863/950/747
f 852/938/879 577/939/603 578/952/604 864/951/748
f 578/641/604 721/642/605 864/953/748
f 865/954/880 868/955/881 880/956/882 879/957/883
f 868/955/881 869/958/884 881/959/885 880/956/882
f 869/958/884 870/960/886 882/961/887 881/959/885
f 870/960/886 871/962/888 883/963/889 882/961/887
f 871/962/888 872/964/890 884/965/891 883/963/889
f 872/964/890 873/966/892 885/967/893 884/965/891
f 873/966/892 874/968/894 886/969/895 885/967/893
f 874/968/894 875/970/896 887/971/897 886/969/895
f 875/970/896 876/972/898 888/973/899 887/971/897
f 876/972/898 877/974/900 889/975/901 888/973/899
f 877/974/900 878/976/902 890/977/903 889/975/901
f 878/976/902 1142/978/904 1143/979/905 890/977/903
f 879/957/883 880/956/882 892/980/906 891/981/907
f 880/956/882 881/959/885 893/982/908 892/980/906
f 881/959/885 882/961/887 894/983/909 893/982/908
f 882/961/887 883/963/889 895/984/910 894/983/909
f 883/963/889 884/965/891 896/985/911 895/984/910
f 884/965/891 885/967/893 897/986/912 896/985/911
f 885/967/893 886/969/895 898/987/913 897/986/912
f 886/969/895 887/971/897 899/988/914 898/987/913
f 887/971/897 888/973/899 900/989/915 899/988/914
f 888/973/899 889/975/901 901/990/916 900/989/915
f 889/975/901 890/977/903 902/991/917 901/990/916
f 890/977/903 1143/979/905 1144/992/918 902/991/917
f 891/981/907 892/980/906 904/993/919 903/994/920
f 892/980/906 893/982/908 905/995/921 904/993/919
f 893/982/908 894/983/909 906/996/922 905/995/921
f 894/983/909 895/984/910 907/997/923 906/996/922
f 895/984/910 896/985/911 908/998/924 907/997/923
f 896/985/911 897/986/912 909/999/925 908/998/924
f 897/986/912 898/987/913 910/1000/926 909/999/925
f 898/987/913 899/988/914 911/1001/927 910/1000/926
f 899/988/914 900/989/915 912/1002/928 911/1001/927
f 900/989/915 901/990/916 913/1003/929 912/1002/928
f 901/990/916 902/991/917 914/1004/930 913/1003/929
f 902/991/917 1144/992/918 1145/1005/931 914/1004/930
f 903/994/920 904/993/919 916/1006/932 915/1007/933
f 904/993/919 905/995/921 917/1008/934 916/1006/932
f 905/995/921 906/996/922 918/1009/935 917/1008/934
f 906/996/922 907/997/923 919/1010/936 918/1009/935
f 907/997/923 908/998/924 920/1011/937 919/1010/936
f 908/998/924 909/999/925 921/1012/938 920/1011/937
f 909/999/925 910/1000/926 922/1013/939 921/1012/938
f 910/1000/926 911/1001/927 923/1014/940 922/1013/939
f 911/1001/927 912/1002/928 924/1015/941 923/1014/940
f 912/1002/928 913/1003/929 925/1016/942 924/1015/941
f 913/1003/929 914/1004/930 926/1017/943 925/1016/942
f 914/1004/930 1145/1005/931 1146/1018/944 926/1017/943
f 915/1007/933 916/1006/932 928/1019/945 927/1020/946
f 916/1006/932 917/1008/934 929/1021/947 928/1019/945
f 917/1008/934 918/1009/935 930/1022/948 929/1021/947
f 918/1009/935 919/1010/936 931/1023/949 930/1022/948
f 919/1010/936 920/1011/937 932/1024/950 931/1023/949
f 920/1011/937 921/1012/938 933/1025/951 932/1024/950
f 921/1012/938 922/1013/939 934/1026/952 933/1025/951
f 922/1013/939 923/1014/940 935/1027/953 934/1026/952
f 923/1014/940 924/1015/941 936/1028/954 935/1027/953
f 924/1015/941 925/1016/942 937/1029/955 936/1028/954
f 925/1016/942 926/1017/943 938/1030/956 937/1029/955
f 926/1017/943 1146/1018/944 1147/1031/957 938/1030/956
f 927/1020/946 928/1019/945 940/1032/958 939/1033/959
f 928/1019/945 929/1021/947 941/1034/960 940/1032/958
f 929/1021/947 930/1022/948 942/1035/961 941/1034/960
f 930/1022/948 931/1023/949 943/1036/962 942/1035/961
f 931/1023/949 932/1024/950 944/1037/963 943/1036/962
f 932/1024/950 933/1025/951 945/1038/964 944/1037/963
f 933/1025/951 934/1026/952 946/1039/965 945/1038/964
f 934/1026/952 935/1027/953 947/1040/966 946/1039/965
f 935/1027/953 936/1028/954 948/1041/967 947/1040/966
f 936/1028/954 937/1029/955 949/1042/968 948/1041/967
f 937/1029/955 938/1030/956 950/1043/969 949/1042/968
f 938/1030/956 1147/1031/957 1148/1044/970 950/1043/969
f 939/1033/959 940/1032/958 952/1045/971 951/1046/972
f 940/1032/958 941/1034/960 953/1047/973 952/1045/971
f 941/1034/960 942/1035/961 954/1048/974 953/1047/973
f 942/1035/961 943/1036/962 955/1049/975 954/1048/974
f 943/1036/962 944/1037/963 956/1050/976 955/1049/975
f 944/1037/963 945/1038/964 957/1051/977 956/1050/976
f 945/1038/964 946/1039/965 958/1052/978 957/1051/977
f 946/1039/965 947/1040/966 959/1053/979 958/1052/978
f 947/1040/966 948/1041/967 960/1054/980 959/1053/979
f 948/1041/967 949/1042/968 961/1055/981 960/1054/980
f 949/1042/968 950/1043/969 962/1056/982 961/1055/981
f 950/1043/969 1148/1044/970 1149/1057/983 962/1056/982
f 951/1046/972 952/1045/971 964/1058/984 963/1059/985
f 952/1045/971 953/1047/973 965/1060/986 964/1058/984
f 953/1047/973 954/1048/974 966/1061/987 965/1060/986
f 954/1048/974 955/1049/975 967/1062/988 966/1061/987
f 955/1049/975 956/1050/976 968/1063/989 967/1062/988
f 956/1050/976 957/1051/977 969/1064/990 968/1063/989
f 957/1051/977 958/1052/978 970/1065/991 969/1064/990
f 958/1052/978 959/1053/979 971/1066/992 970/1065/991
f 959/1053/979 960/1054/980 972/1067/993 971/1066/992
f 960/1054/980 961/1055/981 973/1068/994 972/1067/993
f 961/1055/981 962/1056/982 974/1069/995 973/1068/994
f 962/1056/982 1149/1057/983 1150/1070/996 974/1069/995
f 963/1059/985 964/1058/984 976/1071/997 975/1072/998
f 964/1058/984 965/1060/986 977/1073/999 976/1071/997
f 965/1060/986 966/1061/987 978/1074/1000 977/1073/999
f 966/1061/987 967/1062/988 979/1075/1001 978/1074/1000
f 967/1062/988 968/1063/989 980/1076/1002 979/1075/1001
f 968/1063/989 969/1064/990 981/1077/1003 980/1076/1002
f 969/1064/990 970/1065/991 982/1078/1004 981/1077/1003
f 970/1065/991 971/1066/992 983/1079/1005 982/1078/1004
f 971/1066/992 972/1067/993 984/1080/1006 983/1079/1005
f 972/1067/993 973/1068/994 985/1081/1007 984/1080/1006
f 973/1068/994 974/1069/995 986/1082/1008 985/1081/1007
f 974/1069/995 1150/1070/996 1151/1083/1009 986/1082/1008
f 975/1072/998 976/1071/997 988/1084/1010 987/1085/1011
f 976/1071/997 977/1073/999 989/1086/1012 988/1084/1010
f 977/1073/999 978/1074/1000 990/1087/1013 989/1086/1012
f 978/1074/1000 979/1075/1001 991/1088/1014 990/1087/1013
f 979/1075/1001 980/1076/1002 992/1089/1015 991/1088/1014
f 980/1076/1002 981/1077/1003 993/1090/1016 992/1089/1015
f 981/1077/1003 982/1078/1004 994/1091/1017 993/1090/1016
f 982/1078/1004 983/1079/1005 995/1092/1018 994/1091/1017
f 983/1079/1005 984/1080/1006 996/1093/1019 995/1092/1018
f 984/1080/1006 985/1081/1007 997/1094/1020 996/1093/1019
f 985/1081/1007 986/1082/1008 998/1095/1021 997/1094/1020
f 986/1082/1008 1151/1083/1009 1152/1096/1022 998/1095/1021
f 987/1085/1011 988/1084/1010 1000/1097/1023 999/1098/1024
f 988/1084/1010 989/1086/1012 1001/1099/1025 1000/1097/1023
f 989/1086/1012 990/1087/1013 1002/1100/1026 1001/1099/1025
f 990/1087/1013 991/1088/1014 1003/1101/1027 1002/1100/1026
f 991/1088/1014 992/1089/1015 1004/1102/1028 1003/1101/1027
f 992/1089/1015 993/1090/1016 1005/1103/1029 1004/1102/1028
f 993/1090/1016 994/1091/1017 1006/1104/1030 1005/1103/1029
f 994/1091/1017 995/1092/1018 1007/1105/1031 1006/1104/1030
f 995/1092/1018 996/1093/1019 1008/1106/1032 1007/1105/1031
f 996/1093/1019 997/1094/1020 1009/1107/1033 1008/1106/1032
f 997/1094/1020 998/1095/1021 1010/1108/1034 1009/1107/1033
f 998/1095/1021 1152/1096/1022 1153/1109/1035 1010/1108/1034
f 866/16/16 1011/1110/1036 1023/1111/1037 1022/1112/1038
f 1011/1110/1036 1012/1113/1039 1024/1114/1040 1023/1111/1037
f 1012/1113/1039 1013/1115/1041 1025/1116/1042 1024/1114/1040
f 1013/1115/1041 1014/1117/1043 1026/1118/1044 1025/1116/1042
f 1014/1117/1043 1015/1119/1045 1027/1120/1046 1026/1118/1044
f 1015/1119/1045 1016/1121/1047 1028/1122/1048 1027/1120/1046
f 1016/1121/1047 1017/1123/1049 1029/1124/1050 1028/1122/1048
f 1017/1123/1049 1018/1125/1051 1030/1126/1052 1029/1124/1050
f 1018/1125/1051 1019/1127/1053 1031/1128/1054 1030/1126/1052
f 1019/1127/1053 1020/1129/1055 1032/1130/1056 1031/1128/1054
f 1020/1129/1055 1021/1131/1057 1033/1132/1058 1032/1130/1056
f 1021/1131/1057 1285/1133/1059 1286/1134/1060 1033/1132/1058
f 1022/1112/1038 1023/1111/1037 1035/1135/1061 1034/1136/1062
f 1023/1111/1037 1024/1114/1040 1036/1137/1063 1035/1135/1061
f 1024/1114/1040 1025/1116/1042 1037/1138/1064 1036/1137/1063
f 1025/1116/1042 1026/1118/1044 1038/1139/1065 1037/1138/1064
f 1026/1118/1044 1027/1120/1046 1039/1140/1066 1038/1139/1065
f 1027/1120/1046 1028/1122/1048 1040/1141/1067 1039/1140/1066
f 1028/1122/1048 1029/1124/1050 1041/1142/1068 1040/1141/1067
f 1029/1124/1050 1030/1126/1052 1042/1143/1069 1041/1142/1068
f 1030/1126/1052 1031/1128/1054 1043/1144/1070 1042/1143/1069
f 1031/1128/1054 1032/1130/1056 1044/1145/1071 1043/1144/1070
f 1032/1130/1056 1033/1132/1058 1045/1146/1072 1044/1145/1071
f 1033/1132/1058 1286/1134/1060 1287/1147/1073 1045/1146/1072
f 1034/1136/1062 1035/1135/1061 1047/1148/1074 1046/1149/1075
f 1035/1135/1061 1036/1137/1063 1048/1150/1076 1047/1148/1074
f 1036/1137/1063 1037/1138/1064 1049/1151/1077 1048/1150/1076
f 1037/1138/1064 1038/1139/1065 1050/1152/1078 1049/1151/1077
f 1038/1139/1065 1039/1140/1066 1051/1153/1079 1050/1152/1078
f 1039/1140/1066 1040/1141/1067 1052/1154/1080 1051/1153/1079
f 1040/1141/1067 1041/1142/1068 1053/1155/1081 1052/1154/1080
f 1041/1142/1068 1042/1143/1069 1054/1156/1082 1053/1155/1081
f 1042/1143/1069 1043/1144/1070 1055/1157/1083 1054/1156/1082
f 1043/1144/1070 1044/1145/1071 1056/1158/1084 1055/1157/1083
f 1044/1145/1071 1045/1146/1072 1057/1159/1085 1056/1158/1084
f 1045/1146/1072 1287/1147/1073 1288/1160/1086 1057/1159/1085
f 1046/1149/1075 1047/1148/1074 1059/1161/1087 1058/1162/1088
f 1047/1148/1074 1048/1150/1076 1060/1163/1089 1059/1161/1087
f 1048/1150/1076 1049/1151/1077 1061/1164/1090 1060/1163/1089
f 1049/1151/1077 1050/1152/1078 1062/1165/1091 1061/1164/1090
f 1050/1152/1078 1051/1153/1079 1063/1166/1092 1062/1165/1091
f 1051/1153/1079 1052/1154/1080 1064/1167/1093 1063/1166/1092
f 1052/1154/1080 1053/1155/1081 1065/1168/1094 1064/1167/1093
f 1053/1155/1081 1054/1156/1082 1066/1169/1095 1065/1168/1094
f 1054/1156/1082 1055/1157/1083 1067/1170/1096 1066/1169/1095
f 1055/1157/1083 1056/1158/1084 1068/1171/1097 1067/1170/1096
f 1056/1158/1084 1057/1159/1085 1069/1172/1098 1068/1171/1097
f 1057/1159/1085 1288/1160/1086 1289/1173/1099 1069/1172/1098
f 1058/1162/1088 1059/1161/1087 1071/1174/1100 1070/1175/1101
f 1059/1161/1087 1060/1163/1089 1072/1176/1102 1071/1174/1100
f 1060/1163/1089 1061/1164/1090 1073/1177/1103 1072/1176/1102
f 1061/1164/1090 1062/1165/1091 1074/1178/1104 1073/1177/1103
f 1062/1165/1091 1063/1166/1092 1075/1179/1105 1074/1178/1104
f 1063/1166/1092 1064/1167/1093 1076/1180/1106 1075/1179/1105
f 1064/1167/1093 1065/1168/1094 1077/1181/1107 1076/1180/1106
f 1065/1168/1094 1066/1169/1095 1078/1182/1108 1077/1181/1107
f 1066/1169/1095 1067/1170/1096 1079/1183/1109 1078/1182/1108
f 1067/1170/1096 1068/1171/1097 1080/1184/1110 1079/1183/1109
f 1068/1171/1097 1069/1172/1098 1081/1185/1111 1080/1184/1110
f 1069/1172/1098 1289/1173/1099 1290/1186/1112 1081/1185/1111
f 1070/1175/1101 1071/1174/1100 1083/1187/1113 1082/1188/1114
f 1071/1174/1100 1072/1176/1102 1084/1189/1115 1083/1187/1113
f 1072/1176/1102 1073/1177/1103 1085/1190/1116 1084/1189/1115
f 1073/1177/1103 1074/1178/1104 1086/1191/1117 1085/1190/1116
f 1074/1178/1104 1075/1179/1105 1087/1192/1118 1086/1191/1117
f 1075/1179/1105 1076/1180/1106 1088/1193/1119 1087/1192/1118
f 1076/1180/1106 1077/1181/1107 1089/1194/1120 1088/1193/1119
f 1077/1181/1107 1078/1182/1108 1090/1195/1121 1089/1194/1120
f 1078/1182/1108 1079/1183/1109 1091/1196/1122 1090/1195/1121
f 1079/1183/1109 1080/1184/1110 1092/1197/1123 1091/1196/1122
f 1080/1184/1110 1081/1185/1111 1093/1198/1124 1092/1197/1123
f 1081/1185/1111 1290/1186/1112 1291/1199/1125 1093/1198/1124
f 1082/1188/1114 1083/1187/1113 1095/1200/1126 1094/1201/1127
f 1083/1187/1113 1084/1189/1115 1096/1202/1128 1095/1200/1126
f 1084/1189/1115 1085/1190/1116 1097/1203/1129 1096/1202/1128
f 1085/1190/1116 1086/1191/1117 1098/1204/1130 1097/1203/1129
f 1086/1191/1117 1087/1192/1118 1099/1205/1131 1098/1204/1130
f 1087/1192/1118 1088/1193/1119 1100/1206/1132 1099/1205/1131
f 1088/1193/1119 1089/1194/1120 1101/1207/1133 1100/1206/1132
f 1089/1194/1120 1090/1195/1121 1102/1208/1134 1101/1207/1133
f 1090/1195/1121 1091/1196/1122 1103/1209/1135 1102/1208/1134
f 1091/1196/1122 1092/1197/1123 1104/1210/1136 1103/1209/1135
f 1092/1197/1123 1093/1198/1124 1105/1211/1137 1104/1210/1136
f 1093/1198/1124 1291/1199/1125 1292/1212/1138 1105/1211/1137
f 1094/1201/1127 1095/1200/1126 1107/1213/1139 1106/1214/1140
f 1095/1200/1126 1096/1202/1128 1108/1215/1141 1107/1213/1139
f 1096/1202/1128 1097/1203/1129 1109/1216/1142 1108/1215/1141
f 1097/1203/1129 1098/1204/1130 1110/1217/1143 1109/1216/1142
f 1098/1204/1130 1099/1205/1131 1111/1218/1144 1110/1217/1143
f 1099/1205/1131 1100/1206/1132 1112/1219/1145 1111/1218/1144
f 1100/1206/1132 1101/1207/1133 1113/1220/1146 1112/1219/1145
f 1101/1207/1133 1102/1208/1134 1114/1221/1147 1113/1220/1146
f 1102/1208/1134 1103/1209/1135 1115/1222/1148 1114/1221/1147
f 1103/1209/1135 1104/1210/1136 1116/1223/1149 1115/1222/1148
f 1104/1210/1136 1105/1211/1137 1117/1224/1150 1116/1223/1149
f 1105/1211/1137 1292/1212/1138 1293/1225/1151 1117/1224/1150
f 1106/1214/1140 1107/1213/1139 1119/1226/1152 1118/1227/1153
f 1107/1213/1139 1108/1215/1141 1120/1228/1154 1119/1226/1152
f 1108/1215/1141 1109/1216/1142 1121/1229/1155 1120/1228/1154
f 1109/1216/1142 1110/1217/1143 1122/1230/1156 1121/1229/1155
f 1110/1217/1143 1111/1218/1144 1123/1231/1157 1122/1230/1156
f 1111/1218/1144 1112/1219/1145 1124/1232/1158 1123/1231/1157
f 1112/1219/1145 1113/1220/1146 1125/1233/1159 1124/1232/1158
f 1113/1220/1146 1114/1221/1147 1126/1234/1160 1125/1233/1159
f 1114/1221/1147 1115/1222/1148 1127/1235/1161 1126/1234/1160
f 1115/1222/1148 1116/1223/1149 1128/1236/1162 1127/1235/1161
f 1116/1223/1149 1117/1224/1150 1129/1237/1163 1128/1236/1162
f 1117/1224/1150 1293/1225/1151 1294/1238/1164 1129/1237/1163
f 1118/1227/1153 1119/1226/1152 1131/1239/1165 1130/1240/1166
f 1119/1226/1152 1120/1228/1154 1132/1241/1167 1131/1239/1165
f 1120/1228/1154 1121/1229/1155 1133/1242/1168 1132/1241/1167
f 1121/1229/1155 1122/1230/1156 1134/1243/1169 1133/1242/1168
f 1122/1230/1156 1123/1231/1157 1135/1244/1170 1134/1243/1169
f 1123/1231/1157 1124/1232/1158 1136/1245/1171 1135/1244/1170
f 1124/1232/1158 1125/1233/1159 1137/1246/1172 1136/1245/1171
f 1125/1233/1159 1126/1234/1160 1138/1247/1173 1137/1246/1172
f 1126/1234/1160 1127/1235/1161 1139/1248/1174 1138/1247/1173
f 1127/1235/1161 1128/1236/1162 1140/1249/1175 1139/1248/1174
f 1128/1236/1162 1129/1237/1163 1141/1250/1176 1140/1249/1175
f 1129/1237/1163 1294/1238/1164 1295/1251/1177 1141/1250/1176
f 1130/1240/1166 1131/1239/1165 1143/1252/905 1142/1253/904
f 1131/1239/1165 1132/1241/1167 1144/1254/918 1143/1252/905
f 1132/1241/1167 1133/1242/1168 1145/1255/931 1144/1254/918
f 1133/1242/1168 1134/1243/1169 1146/1256/944 1145/1255/931
f 1134/1243/1169 1135/1244/1170 1147/1257/957 1146/1256/944
f 1135/1244/1170 1136/1245/1171 1148/1258/970 1147/1257/957
f 1136/1245/1171 1137/1246/1172 1149/1259/983 1148/1258/970
f 1137/1246/1172 1138/1247/1173 1150/1260/996 1149/1259/983
f 1138/1247/1173 1139/1248/1174 1151/1261/1009 1150/1260/996
f 1139/1248/1174 1140/1249/1175 1152/1262/1022 1151/1261/1009
f 1140/1249/1175 1141/1250/1176 1153/1263/1035 1152/1262/1022
f 1141/1250/1176 1295/1251/1177 1296/1264/1178 1153/1263/1035
f 867/17/17 1154/1265/1179 1166/1266/1180 1165/1267/1181
f 1154/1265/1179 1155/1268/1182 1167/1269/1183 1166/1266/1180
f 1155/1268/1182 1156/1270/1184 1168/1271/1185 1167/1269/1183
f 1156/1270/1184 1157/1272/1186 1169/1273/1187 1168/1271/1185
f 1157/1272/1186 1158/1274/1188 1170/1275/1189 1169/1273/1187
f 1158/1274/1188 1159/1276/1190 1171/1277/1191 1170/1275/1189
f 1159/1276/1190 1160/1278/1192 1172/1279/1193 1171/1277/1191
f 1160/1278/1192 1161/1280/1194 1173/1281/1195 1172/1279/1193
f 1161/1280/1194 1162/1282/1196 1174/1283/1197 1173/1281/1195
f 1162/1282/1196 1163/1284/1198 1175/1285/1199 1174/1283/1197
f 1163/1284/1198 1164/1286/1200 1176/1287/1201 1175/1285/1199
f 1164/1286/1200 999/1288/1024 1000/1289/1023 1176/1287/1201
f 1165/1267/1181 1166/1266/1180 1178/1290/1202 1177/1291/1203
f 1166/1266/1180 1167/1269/1183 1179/1292/1204 1178/1290/1202
f 1167/1269/1183 1168/1271/1185 1180/1293/1205 1179/1292/1204
f 1168/1271/1185 1169/1273/1187 1181/1294/1206 1180/1293/1205
f 1169/1273/1187 1170/1275/1189 1182/1295/1207 1181/1294/1206
f 1170/1275/1189 1171/1277/1191 1183/1296/1208 1182/1295/1207
f 1171/1277/1191 1172/1279/1193 1184/1297/1209 1183/1296/1208
f 1172/1279/1193 1173/1281/1195 1185/1298/1210 1184/1297/1209
f 1173/1281/1195 1174/1283/1197 1186/1299/1211 1185/1298/1210
f 1174/1283/1197 1175/1285/1199 1187/1300/1212 1186/1299/1211
f 1175/1285/1199 1176/1287/1201 1188/1301/1213 1187/1300/1212
f 1176/1287/1201 1000/1289/1023 1001/1302/1025 1188/1301/1213
f 1177/1291/1203 1178/1290/1202 1190/1303/1214 1189/1304/1215
f 1178/1290/1202 1179/1292/1204 1191/1305/1216 1190/1303/1214
f 1179/1292/1204 1180/1293/1205 1192/1306/1217 1191/1305/1216
f 1180/1293/1205 1181/1294/1206 1193/1307/1218 1192/1306/1217
f 1181/1294/1206 1182/1295/1207 1194/1308/1219 1193/1307/1218
f 1182/1295/1207 1183/1296/1208 1195/1309/1220 1194/1308/1219
f 1183/1296/1208 1184/1297/1209 1196/1310/1221 1195/1309/1220
f 1184/1297/1209 1185/1298/1210 1197/1311/1222 1196/1310/1221
f 1185/1298/1210 1186/1299/1211 1198/1312/1223 1197/1311/1222
f 1186/1299/1211 1187/1300/1212 1199/1313/1224 1198/1312/1223
f 1187/1300/1212 1188/1301/1213 1200/1314/1225 1199/1313/1224
f 1188/1301/1213 1001/1302/1025 1002/1315/1026 1200/1314/1225
f 1189/1304/1215 1190/1303/1214 1202/1316/1226 1201/1317/1227
f 1190/1303/1214 1191/1305/1216 1203/1318/1228 1202/1316/1226
f 1191/1305/1216 1192/1306/1217 1204/1319/1229 1203/1318/1228
f 1192/1306/1217 1193/1307/1218 1205/1320/1230 1204/1319/1229
f 1193/1307/1218 1194/1308/1219 1206/1321/1231 1205/1320/1230
f 1194/1308/1219 1195/1309/1220 1207/1322/1232 1206/1321/1231
f 1195/1309/1220 1196/1310/1221 1208/1323/1233 1207/1322/1232
f 1196/1310/1221 1197/1311/1222 1209/1324/1234 1208/1323/1233
f 1197/1311/1222 1198/1312/1223 1210/1325/1235 1209/1324/1234
f 1198/1312/1223 1199/1313/1224 1211/1326/1236 1210/1325/1235
f 1199/1313/1224 1200/1314/1225 1212/1327/1237 1211/1326/1236
f 1200/1314/1225 1002/1315/1026 1003/1328/1027 1212/1327/1237
f 1201/1317/1227 1202/1316/1226 1214/1329/1238 1213/1330/1239
f 1202/1316/1226 1203/1318/1228 1215/1331/1240 1214/1329/1238
f 1203/1318/1228 1204/1319/1229 1216/1332/1241 1215/1331/1240
f 1204/1319/1229 1205/1320/1230 1217/1333/1242 1216/1332/1241
f 1205/1320/1230 1206/1321/1231 1218/1334/1243 1217/1333/1242
f 1206/1321/1231 1207/1322/1232 1219/1335/1244 1218/1334/1243
f 1207/1322/1232 1208/1323/1233 1220/1336/1245 1219/1335/1244
f 1208/1323/1233 1209/1324/1234 1221/1337/1246 1220/1336/1245
f 1209/1324/1234 1210/1325/1235 1222/1338/1247 1221/1337/1246
f 1210/1325/1235 1211/1326/1236 1223/1339/1248 1222/1338/1247
f 1211/1326/1236 1212/1327/1237 1224/1340/1249 1223/1339/1248
f 1212/1327/1237 1003/1328/1027 1004/1341/1028 1224/1340/1249
f 1213/1330/1239 1214/1329/1238 1226/1342/1250 1225/1343/1251
f 1214/1329/1238 1215/1331/1240 1227/1344/1252 1226/1342/1250
f 1215/1331/1240 1216/1332/1241 1228/1345/1253 1227/1344/1252
f 1216/1332/1241 1217/1333/1242 1229/1346/1254 1228/1345/1253
f 1217/1333/1242 1218/1334/1243 1230/1347/1255 1229/1346/1254
f 1218/1334/1243 1219/1335/1244 1231/1348/1256 1230/1347/1255
f 1219/1335/1244 1220/1336/1245 1232/1349/1257 1231/1348/1256
f 1220/1336/1245 1221/1337/1246 1233/1350/1258 1232/1349/1257
f 1221/1337/1246 1222/1338/1247 1234/1351/1259 1233/1350/1258
f 1222/1338/1247 1223/1339/1248 1235/1352/1260 1234/1351/1259
f 1223/1339/1248 1224/1340/1249 1236/1353/1261 1235/1352/1260
f 1224/1340/1249 1004/1341/1028 1005/1354/1029 1236/1353/1261
f 1225/1343/1251 1226/1342/1250 1238/1355/1262 1237/1356/1263
f 1226/1342/1250 1227/1344/1252 1239/1357/1264 1238/1355/1262
f 1227/1344/1252 1228/1345/1253 1240/1358/1265 1239/1357/1264
f 1228/1345/1253 1229/1346/1254 1241/1359/1266 1240/1358/1265
f 1229/1346/1254 1230/1347/1255 1242/1360/1267 1241/1359/1266
f 1230/1347/1255 1231/1348/1256 1243/1361/1268 1242/1360/1267
f 1231/1348/1256 1232/1349/1257 1244/1362/1269 1243/1361/1268
f 1232/1349/1257 1233/1350/1258 1245/1363/1270 1244/1362/1269
f 1233/1350/1258 1234/1351/1259 1246/1364/1271 1245/1363/1270
f 1234/1351/1259 1235/1352/1260 1247/1365/1272 1246/1364/1271
f 1235/1352/1260 1236/1353/1261 1248/1366/1273 1247/1365/1272
f 1236/1353/1261 1005/1354/1029 1006/1367/1030 1248/1366/1273
f 1237/1356/1263 1238/1355/1262 1250/1368/1274 1249/1369/1275
f 1238/1355/1262 1239/1357/1264 1251/1370/1276 1250/1368/1274
f 1239/1357/1264 1240/1358/1265 1252/1371/1277 1251/1370/1276
f 1240/1358/1265 1241/1359/1266 1253/1372/1278 1252/1371/1277
f 1241/1359/1266 1242/1360/1267 1254/1373/1279 1253/1372/1278
f 1242/1360/1267 1243/1361/1268 1255/1374/1280 1254/1373/1279
f 1243/1361/1268 1244/1362/1269 1256/1375/1281 1255/1374/1280
f 1244/1362/1269 1245/1363/1270 1257/1376/1282 1256/1375/1281
f 1245/1363/1270 1246/1364/1271 1258/1377/1283 1257/1376/1282
f 1246/1364/1271 1247/1365/1272 1259/1378/1284 1258/1377/1283
f 1247/1365/1272 1248/1366/1273 1260/1379/1285 1259/1378/1284
f 1248/1366/1273 1006/1367/1030 1007/1380/1031 1260/1379/1285
f 1249/1369/1275 1250/1368/1274 1262/1381/1286 1261/1382/1287
f 1250/1368/1274 1251/1370/1276 1263/1383/1288 1262/1381/1286
f 1251/1370/1276 1252/1371/1277 1264/1384/1289 1263/1383/1288
f 1252/1371/1277 1253/1372/1278 1265/1385/1290 1264/1384/1289
f 1253/1372/1278 1254/1373/1279 1266/1386/1291 1265/1385/1290
f 1254/1373/1279 1255/1374/1280 1267/1387/1292 1266/1386/1291
f 1255/1374/1280 1256/1375/1281 1268/1388/1293 1267/1387/1292
f 1256/1375/1281 1257/1376/1282 1269/1389/1294 1268/1388/1293
f 1257/1376/1282 1258/1377/1283 1270/1390/1295 1269/1389/1294
f 1258/1377/1283 1259/1378/1284 1271/1391/1296 1270/1390/1295
f 1259/1378/1284 1260/1379/1285 1272/1392/1297 1271/1391/1296
f 1260/1379/1285 1007/1380/1031 1008/1393/1032 1272/1392/1297
f 1261/1382/1287 1262/1381/1286 1274/1394/1298 1273/1395/1299
f 1262/1381/1286 1263/1383/1288 1275/1396/1300 1274/1394/1298
f 1263/1383/1288 1264/1384/1289 1276/1397/1301 1275/1396/1300
f 1264/1384/1289 1265/1385/1290 1277/1398/1302 1276/1397/1301
f 1265/1385/1290 1266/1386/1291 1278/1399/1303 1277/1398/1302
f 1266/1386/1291 1267/1387/1292 1279/1400/1304 1278/1399/1303
f 1267/1387/1292 1268/1388/1293 1280/1401/1305 1279/1400/1304
f 1268/1388/1293 1269/1389/1294 1281/1402/1306 1280/1401/1305
f 1269/1389/1294 1270/1390/1295 1282/1403/1307 1281/1402/1306
f 1270/1390/1295 1271/1391/1296 1283/1404/1308 1282/1403/1307
f 1271/1391/1296 1272/1392/1297 1284/1405/1309 1283/1404/1308
f 1272/1392/1297 1008/1393/1032 1009/1406/1033 1284/1405/1309
f 1273/1395/1299 1274/1394/1298 1286/1134/1060 1285/1133/1059
f 1274/1394/1298 1275/1396/1300 1287/1147/1073 1286/1134/1060
f 1275/1396/1300 1276/1397/1301 1288/1160/1086 1287/1147/1073
f 1276/1397/1301 1277/1398/1302 1289/1173/1099 1288/1160/1086
f 1277/1398/1302 1278/1399/1303 1290/1186/1112 1289/1173/1099
f 1278/1399/1303 1279/1400/1304 1291/1199/1125 1290/1186/1112
f 1279/1400/1304 1280/1401/1305 1292/1212/1138 1291/1199/1125
f 1280/1401/1305 1281/1402/1306 1293/1225/1151 1292/1212/1138
f 1281/1402/1306 1282/1403/1307 1294/1238/1164 1293/1225/1151
f 1282/1403/1307 1283/1404/1308 1295/1251/1177 1294/1238/1164
f 1283/1404/1308 1284/1405/1309 1296/1264/1178 1295/1251/1177
f 1284/1405/1309 1009/1406/1033 1010/1407/1034 1296/1264/1178
f 1010/1108/1034 1153/1109/1035 1296/1408/1178
f 1297/10/10 1300/1409/1310 1312/1410/1311 1311/1411/1312
f 1300/1409/1310 1301/1412/1313 1313/1413/1314 1312/1410/1311
f 1301/1412/1313 1302/1414/1315 1314/1415/1316 1313/1413/1314
f 1302/1414/1315 1303/1416/1317 1315/1417/1318 1314/1415/1316
f 1303/1416/1317 1304/1418/1319 1316/1419/1320 1315/1417/1318
f 1304/1418/1319 1305/1420/1321 1317/1421/1322 1316/1419/1320
f 1305/1420/1321 1306/1422/1323 1318/1423/1324 1317/1421/1322
f 1306/1422/1323 1307/1424/1325 1319/1425/1326 1318/1423/1324
f 1307/1424/1325 1308/1426/1327 1320/1427/1328 1319/1425/1326
f 1308/1426/1327 1309/1428/1329 1321/1429/1330 1320/1427/1328
f 1309/1428/1329 1310/1430/1331 1322/1431/1332 1321/1429/1330
f 1310/1430/1331 1574/1432/1333 1575/1433/1334 1322/1431/1332
f 1311/1411/1312 1312/1410/1311 1324/1434/1335 1323/1435/1336
f 1312/1410/1311 1313/1413/1314 1325/1436/1337 1324/1434/1335
f 1313/1413/1314 1314/1415/1316 1326/1437/1338 1325/1436/1337
f 1314/1415/1316 1315/1417/1318 1327/1438/1339 1326/1437/1338
f 1315/1417/1318 1316/1419/1320 1328/1439/1340 1327/1438/1339
f 1316/1419/1320 1317/1421/1322 1329/1440/1341 1328/1439/1340
f 1317/1421/1322 1318/1423/1324 1330/1441/1342 1329/1440/1341
f 1318/1423/1324 1319/1425/1326 1331/1442/1343 1330/1441/1342
f 1319/1425/1326 1320/1427/1328 1332/1443/1344 1331/1442/1343
f 1320/1427/1328 1321/1429/1330 1333/1444/1345 1332/1443/1344
f 1321/1429/1330 1322/1431/1332 1334/1445/1346 1333/1444/1345
f 1322/1431/1332 1575/1433/1334 1576/1446/1347 1334/1445/1346
f 1323/1435/1336 1324/1434/1335 1336/1447/1348 1335/1448/1349
f 1324/1434/1335 1325/1436/1337 1337/1449/1350 1336/1447/1348
f 1325/1436/1337 1326/1437/1338 1338/1450/1351 1337/1449/1350
f 1326/1437/1338 1327/1438/1339 1339/1451/1352 1338/1450/1351
f 1327/1438/1339 1328/1439/1340 1340/1452/1353 1339/1451/1352
f 1328/1439/1340 1329/1440/1341 1341/1453/1354 1340/1452/1353
f 1329/1440/1341 1330/1441/1342 1342/1454/1355 1341/1453/1354
f 1330/1441/1342 1331/1442/1343 1343/1455/1356 1342/1454/1355
f 1331/1442/1343 1332/1443/1344 1344/1456/1357 1343/1455/1356
f 1332/1443/1344 1333/1444/1345 1345/1457/1358 1344/1456/1357
f 1333/1444/1345 1334/1445/1346 1346/1458/1359 1345/1457/1358
f 1334/1445/1346 1576/1446/1347 1577/1459/1360 1346/1458/1359
f 1335/1448/1349 1336/1447/1348 1348/1460/1361 1347/1461/1362
f 1336/1447/1348 1337/1449/1350 1349/1462/1363 1348/1460/1361
f 1337/1449/1350 1338/1450/1351 1350/1463/1364 1349/1462/1363
f 1338/1450/1351 1339/1451/1352 1351/1464/1365 1350/1463/1364
f 1339/1451/1352 1340/1452/1353 1352/1465/1366 1351/1464/1365
f 1340/1452/1353 1341/1453/1354 1353/1466/1367 1352/1465/1366
f 1341/1453/1354 1342/1454/1355 1354/1467/1368 1353/1466/1367
f 1342/1454/1355 1343/1455/1356 1355/1468/1369 1354/1467/1368
f 1343/1455/1356 1344/1456/1357 1356/1469/1370 1355/1468/1369
f 1344/1456/1357 1345/1457/1358 1357/1470/1371 1356/1469/1370
f 1345/1457/1358 1346/1458/1359 1358/1471/1372 1357/1470/1371
f 1346/1458/1359 1577/1459/1360 1578/1472/1373 1358/1471/1372
f 1347/1461/1362 1348/1460/1361 1360/1473/1374 1359/1474/1375
f 1348/1460/1361 1349/1462/1363 1361/1475/1376 1360/1473/1374
f 1349/1462/1363 1350/1463/1364 1362/1476/1377 1361/1475/1376
f 1350/1463/1364 1351/1464/1365 1363/1477/1378 1362/1476/1377
f 1351/1464/1365 1352/1465/1366 1364/1478/1379 1363/1477/1378
f 1352/1465/1366 1353/1466/1367 1365/1479/1380 1364/1478/1379
f 1353/1466/1367 1354/1467/1368 1366/1480/1381 1365/1479/1380
f 1354/1467/1368 1355/1468/1369 1367/1481/1382 1366/1480/1381
f 1355/1468/1369 1356/1469/1370 1368/1482/1383 1367/1481/1382
f 1356/1469/1370 1357/1470/1371 1369/1483/1384 1368/1482/1383
f 1357/1470/1371 1358/1471/1372 1370/1484/1385 1369/1483/1384
f 1358/1471/1372 1578/1472/1373 1579/1485/1386 1370/1484/1385
f 1359/1474/1375 1360/1473/1374 1372/1486/1387 1371/1487/1388
f 1360/1473/1374 1361/1475/1376 1373/1488/1389 1372/1486/1387
f 1361/1475/1376 1362/1476/1377 1374/1489/1390 1373/1488/1389
f 1362/1476/1377 1363/1477/1378 1375/1490/1391 1374/1489/1390
f 1363/1477/1378 1364/1478/1379 1376/1491/1392 1375/1490/1391
f 1364/1478/1379 1365/1479/1380 1377/1492/1393 1376/1491/1392
f 1365/1479/1380 1366/1480/1381 1378/1493/1394 1377/1492/1393
f 1366/1480/1381 1367/1481/1382 1379/1494/1395 1378/1493/1394
f 1367/1481/1382 1368/1482/1383 1380/1495/1396 1379/1494/1395
f 1368/1482/1383 1369/1483/1384 1381/1496/1397 1380/1495/1396
f 1369/1483/1384 1370/1484/1385 1382/1497/1398 1381/1496/1397
f 1370/1484/1385 1579/1485/1386 1580/1498/1399 1382/1497/1398
f 1371/1487/1388 1372/1486/1387 1384/1499/1400 1383/1500/1401
f 1372/1486/1387 1373/1488/1389 1385/1501/1402 1384/1499/1400
f 1373/1488/1389 1374/1489/1390 1386/1502/1403 1385/1501/1402
f 1374/1489/1390 1375/1490/1391 1387/1503/1404 1386/1502/1403
f 1375/1490/1391 1376/1491/1392 1388/1504/1405 1387/1503/1404
f 1376/1491/1392 1377/1492/1393 1389/1505/1406 1388/1504/1405
f 1377/1492/1393 1378/1493/1394 1390/1506/1407 1389/1505/1406
f 1378/1493/1394 1379/1494/1395 1391/1507/1408 1390/1506/1407
f 1379/1494/1395 1380/1495/1396 1392/1508/1409 1391/1507/1408
f 1380/1495/1396 1381/1496/1397 1393/1509/1410 1392/1508/1409
f 1381/1496/1397 1382/1497/1398 1394/1510/1411 1393/1509/1410
f 1382/1497/1398 1580/1498/1399 1581/1511/1412 1394/1510/1411
f 1383/1500/1401 1384/1499/1400 1396/1512/1413 1395/1513/1414
f 1384/1499/1400 1385/1501/1402 1397/1514/1415 1396/1512/1413
f 1385/1501/1402 1386/1502/1403 1398/1515/1416 1397/1514/1415
f 1386/1502/1403 1387/1503/1404 1399/1516/1417 1398/1515/1416
f 1387/1503/1404 1388/1504/1405 1400/1517/1418 1399/1516/1417
f 1388/1504/1405 1389/1505/1406 1401/1518/1419 1400/1517/1418
f 1389/1505/1406 1390/1506/1407 1402/1519/1420 1401/1518/1419
f 1390/1506/1407 1391/1507/1408 1403/1520/1421 1402/1519/1420
f 1391/1507/1408 1392/1508/1409 1404/1521/1422 1403/1520/1421
f 1392/1508/1409 1393/1509/1410 1405/1522/1423 1404/1521/1422
f 1393/1509/1410 1394/1510/1411 1406/1523/1424 1405/1522/1423
f 1394/1510/1411 1581/1511/1412 1582/1524/1425 1406/1523/1424
f 1395/1513/1414 1396/1512/1413 1408/1525/1426 1407/1526/1427
f 1396/1512/1413 1397/1514/1415 1409/1527/1428 1408/1525/1426
f 1397/1514/1415 1398/1515/1416 1410/1528/1429 1409/1527/1428
f 1398/1515/1416 1399/1516/1417 1411/1529/1430 1410/1528/1429
f 1399/1516/1417 1400/1517/1418 1412/1530/1431 1411/1529/1430
f 1400/1517/1418 1401/1518/1419 1413/1531/1432 1412/1530/1431
f 1401/1518/1419 1402/1519/1420 1414/1532/1433 1413/1531/1432
f 1402/1519/1420 1403/1520/1421 1415/1533/1434 1414/1532/1433
f 1403/1520/1421 1404/1521/1422 1416/1534/1435 1415/1533/1434
f 1404/1521/1422 1405/1522/1423 1417/1535/1436 1416/1534/1435
f 1405/1522/1423 1406/1523/1424 1418/1536/1437 1417/1535/1436
f 1406/1523/1424 1582/1524/1425 1583/1537/1438 1418/1536/1437
f 1407/1526/1427 1408/1525/1426 1420/1538/1439 1419/1539/1440
f 1408/1525/1426 1409/1527/1428 1421/1540/1441 1420/1538/1439
f 1409/1527/1428 1410/1528/1429 1422/1541/1442 1421/1540/1441
f 1410/1528/1429 1411/1529/1430 1423/1542/1443 1422/1541/1442
f 1411/1529/1430 1412/1530/1431 1424/1543/1444 1423/1542/1443
f 1412/1530/1431 1413/1531/1432 1425/1544/1445 1424/1543/1444
f 1413/1531/1432 1414/1532/1433 1426/1545/1446 1425/1544/1445
f 1414/1532/1433 1415/1533/1434 1427/1546/1447 1426/1545/1446
f 1415/1533/1434 1416/1534/1435 1428/1547/1448 1427/1546/1447
f 1416/1534/1435 1417/1535/1436 1429/1548/1449 1428/1547/1448
f 1417/1535/1436 1418/1536/1437 1430/1549/1450 1429/1548/1449
f 1418/1536/1437 1583/1537/1438 1584/1550/1451 1430/1549/1450
f 1419/1539/1440 1420/1538/1439 1432/1551/1452 1431/1552/1453
f 1420/1538/1439 1421/1540/1441 1433/1553/1454 1432/1551/1452
f 1421/1540/1441 1422/1541/1442 1434/1554/1455 1433/1553/1454
f 1422/1541/1442 1423/1542/1443 1435/1555/1456 1434/1554/1455
f 1423/1542/1443 1424/1543/1444 1436/1556/1457 1435/1555/1456
f 1424/1543/1444 1425/1544/1445 1437/1557/1458 1436/1556/1457
f 1425/1544/1445 1426/1545/1446 1438/1558/1459 1437/1557/1458
f 1426/1545/1446 1427/1546/1447 1439/1559/1460 1438/1558/1459
f 1427/1546/1447 1428/1547/1448 1440/1560/1461 1439/1559/1460
f 1428/1547/1448 1429/1548/1449 1441/1561/1462 1440/1560/1461
f 1429/1548/1449 1430/1549/1450 1442/1562/1463 1441/1561/1462
f 1430/1549/1450 1584/1550/1451 1585/1563/1464 1442/1562/1463
f 1298/18/18 1443/1564/1465 1455/1565/1466 1454/1566/1467
f 1443/1564/1465 1444/1567/1468 1456/1568/1469 1455/1565/1466
f 1444/1567/1468 1445/1569/1470 1457/1570/1471 1456/1568/1469
f 1445/1569/1470 1446/1571/1472 1458/1572/1473 1457/1570/1471
f 1446/1571/1472 1447/1573/1474 1459/1574/1475 1458/1572/1473
f 1447/1573/1474 1448/1575/1476 1460/1576/1477 1459/1574/1475
f 1448/1575/1476 1449/1577/1478 1461/1578/1479 1460/1576/1477
f 1449/1577/1478 1450/1579/1480 1462/1580/1481 1461/1578/1479
f 1450/1579/1480 1451/1581/1482 1463/1582/1483 1462/1580/1481
f 1451/1581/1482 1452/1583/1484 1464/1584/1485 1463/1582/1483
f 1452/1583/1484 1453/1585/1486 1465/1586/1487 1464/1584/1485
f 1453/1585/1486 1717/1587/1488 1718/1588/1489 1465/1586/1487
f 1454/1566/1467 1455/1565/1466 1467/1589/1490 1466/1590/1491
f 1455/1565/1466 1456/1568/1469 1468/1591/1492 1467/1589/1490
f 1456/1568/1469 1457/1570/1471 1469/1592/1493 1468/1591/1492
f 1457/1570/1471 1458/1572/1473 1470/1593/1494 1469/1592/1493
f 1458/1572/1473 1459/1574/1475 1471/1594/1495 1470/1593/1494
f 1459/1574/1475 1460/1576/1477 1472/1595/1496 1471/1594/1495
f 1460/1576/1477 1461/1578/1479 1473/1596/1497 1472/1595/1496
f 1461/1578/1479 1462/1580/1481 1474/1597/1498 1473/1596/1497
f 1462/1580/1481 1463/1582/1483 1475/1598/1499 1474/1597/1498
f 1463/1582/1483 1464/1584/1485 1476/1599/1500 1475/1598/1499
f 1464/1584/1485 1465/1586/1487 1477/1600/1501 1476/1599/1500
f 1465/1586/1487 1718/1588/1489 1719/1601/1502 1477/1600/1501
f 1466/1590/1491 1467/1589/1490 1479/1602/1503 1478/1603/1504
f 1467/1589/1490 1468/1591/1492 1480/1604/1505 1479/1602/1503
f 1468/1591/1492 1469/1592/1493 1481/1605/1506 1480/1604/1505
f 1469/1592/1493 1470/1593/1494 1482/1606/1507 1481/1605/1506
f 1470/1593/1494 1471/1594/1495 1483/1607/1508 1482/1606/1507
f 1471/1594/1495 1472/1595/1496 1484/1608/1509 1483/1607/1508
f 1472/1595/1496 1473/1596/1497 1485/1609/1510 1484/1608/1509
f 1473/1596/1497 1474/1597/1498 1486/1610/1511 1485/1609/1510
f 1474/1597/1498 1475/1598/1499 1487/1611/1512 1486/1610/1511
f 1475/1598/1499 1476/1599/1500 1488/1612/1513 1487/1611/1512
f 1476/1599/1500 1477/1600/1501 1489/1613/1514 1488/1612/1513
f 1477/1600/1501 1719/1601/1502 1720/1614/1515 1489/1613/1514
f 1478/1603/1504 1479/1602/1503 1491/1615/1516 1490/1616/1517
f 1479/1602/1503 1480/1604/1505 1492/1617/1518 1491/1615/1516
f 1480/1604/1505 1481/1605/1506 1493/1618/1519 1492/1617/1518
f 1481/1605/1506 1482/1606/1507 1494/1619/1520 1493/1618/1519
f 1482/1606/1507 1483/1607/1508 1495/1620/1521 1494/1619/1520
f 1483/1607/1508 1484/1608/1509 1496/1621/1522 1495/1620/1521
f 1484/1608/1509 1485/1609/1510 1497/1622/1523 1496/1621/1522
f 1485/1609/1510 1486/1610/1511 1498/1623/1524 1497/1622/1523
f 1486/1610/1511 1487/1611/1512 1499/1624/1525 1498/1623/1524
f 1487/1611/1512 1488/1612/1513 1500/1625/1526 1499/1624/1525
f 1488/1612/1513 1489/1613/1514 1501/1626/1527 1500/1625/1526
f 1489/1613/1514 1720/1614/1515 1721/1627/1528 1501/1626/1527
f 1490/1616/1517 1491/1615/1516 1503/1628/1529 1502/1629/1530
f 1491/1615/1516 1492/1617/1518 1504/1630/1531 1503/1628/1529
f 1492/1617/1518 1493/1618/1519 1505/1631/1532 1504/1630/1531
f 1493/1618/1519 1494/1619/1520 1506/1632/1533 1505/1631/1532
f 1494/1619/1520 1495/1620/1521 1507/1633/1534 1506/1632/1533
f 1495/1620/1521 1496/1621/1522 1508/1634/1535 1507/1633/1534
f 1496/1621/1522 1497/1622/1523 1509/1635/1536 1508/1634/1535
f 1497/1622/1523 1498/1623/1524 1510/1636/1537 1509/1635/1536
f 1498/1623/1524 1499/1624/1525 1511/1637/1538 1510/1636/1537
f 1499/1624/1525 1500/1625/1526 1512/1638/1539 1511/1637/1538
f 1500/1625/1526 1501/1626/1527 1513/1639/1540 1512/1638/1539
f 1501/1626/1527 1721/1627/1528 1722/1640/1541 1513/1639/1540
f 1502/1629/1530 1503/1628/1529 1515/1641/1542 1514/1642/1543
f 1503/1628/1529 1504/1630/1531 1516/1643/1544 1515/1641/1542
f 1504/1630/1531 1505/1631/1532 1517/1644/1545 1516/1643/1544
f 1505/1631/1532 1506/1632/1533 1518/1645/1546 1517/1644/1545
f 1506/1632/1533 1507/1633/1534 1519/1646/1547 1518/1645/1546
f 1507/1633/1534 1508/1634/1535 1520/1647/1548 1519/1646/1547
f 1508/1634/1535 1509/1635/1536 1521/1648/1549 1520/1647/1548
f 1509/1635/1536 1510/1636/1537 1522/1649/1550 1521/1648/1549
f 1510/1636/1537 1511/1637/1538 1523/1650/1551 1522/1649/1550
f 1511/1637/1538 1512/1638/1539 1524/1651/1552 1523/1650/1551
f 1512/1638/1539 1513/1639/1540 1525/1652/1553 1524/1651/1552
f 1513/1639/1540 1722/1640/1541 1723/1653/1554 1525/1652/1553
f 1514/1642/1543 1515/1641/1542 1527/1654/1555 1526/1655/1556
f 1515/1641/1542 1516/1643/1544 1528/1656/1557 1527/1654/1555
f 1516/1643/1544 1517/1644/1545 1529/1657/1558 1528/1656/1557
f 1517/1644/1545 1518/1645/1546 1530/1658/1559 1529/1657/1558
f 1518/1645/1546 1519/1646/1547 1531/1659/1560 1530/1658/1559
f 1519/1646/1547 1520/1647/1548 1532/1660/1561 1531/1659/1560
f 1520/1647/1548 1521/1648/1549 1533/1661/1562 1532/1660/1561
f 1521/1648/1549 1522/1649/1550 1534/1662/1563 1533/1661/1562
f 1522/1649/1550 1523/1650/1551 1535/1663/1564 1534/1662/1563
f 1523/1650/1551 1524/1651/1552 1536/1664/1565 1535/1663/1564
f 1524/1651/1552 1525/1652/1553 1537/1665/1566 1536/1664/1565
f 1525/1652/1553 1723/1653/1554 1724/1666/1567 1537/1665/1566
f 1526/1655/1556 1527/1654/1555 1539/1667/1568 1538/1668/1569
f 1527/1654/1555 1528/1656/1557 1540/1669/1570 1539/1667/1568
f 1528/1656/1557 1529/1657/1558 1541/1670/1571 1540/1669/1570
f 1529/1657/1558 1530/1658/1559 1542/1671/1572 1541/1670/1571
f 1530/1658/1559 1531/1659/1560 1543/1672/1573 1542/1671/1572
f 1531/1659/1560 1532/1660/1561 1544/1673/1574 1543/1672/1573
f 1532/1660/1561 1533/1661/1562 1545/1674/1575 1544/1673/1574
f 1533/1661/1562 1534/1662/1563 1546/1675/1576 1545/1674/1575
f 1534/1662/1563 1535/1663/1564 1547/1676/1577 1546/1675/1576
f 1535/1663/1564 1536/1664/1565 1548/1677/1578 1547/1676/1577
f 1536/1664/1565 1537/1665/1566 1549/1678/1579 1548/1677/1578
f 1537/1665/1566 1724/1666/1567 1725/1679/1580 1549/1678/1579
f 1538/1668/1569 1539/1667/1568 1551/1680/1581 1550/1681/1582
f 1539/1667/1568 1540/1669/1570 1552/1682/1583 1551/1680/1581
f 1540/1669/1570 1541/1670/1571 1553/1683/1584 1552/1682/1583
f 1541/1670/1571 1542/1671/1572 1554/1684/1585 1553/1683/1584
f 1542/1671/1572 1543/1672/1573 1555/1685/1586 1554/1684/1585
f 1543/1672/1573 1544/1673/1574 1556/1686/1587 1555/1685/1586
f 1544/1673/1574 1545/1674/1575 1557/1687/1588 1556/1686/1587
f 1545/1674/1575 1546/1675/1576 1558/1688/1589 1557/1687/1588
f 1546/1675/1576 1547/1676/1577 1559/1689/1590 1558/1688/1589
f 1547/1676/1577 1548/1677/1578 1560/1690/1591 1559/1689/1590
f 1548/1677/1578 1549/1678/1579 1561/1691/1592 1560/1690/1591
f 1549/1678/1579 1725/1679/1580 1726/1692/1593 1561/1691/1592
f 1550/1681/1582 1551/1680/1581 1563/1693/1594 1562/1694/1595
f 1551/1680/1581 1552/1682/1583 1564/1695/1596 1563/1693/1594
f 1552/1682/1583 1553/1683/1584 1565/1696/1597 1564/1695/1596
f 1553/1683/1584 1554/1684/1585 1566/1697/1598 1565/1696/1597
f 1554/1684/1585 1555/1685/1586 1567/1698/1599 1566/1697/1598
f 1555/1685/1586 1556/1686/1587 1568/1699/1600 1567/1698/1599
f 1556/1686/1587 1557/1687/1588 1569/1700/1601 1568/1699/1600
f 1557/1687/1588 1558/1688/1589 1570/1701/1602 1569/1700/1601
f 1558/1688/1589 1559/1689/1590 1571/1702/1603 1570/1701/1602
f 1559/1689/1590 1560/1690/1591 1572/1703/1604 1571/1702/1603
f 1560/1690/1591 1561/1691/1592 1573/1704/1605 1572/1703/1604
f 1561/1691/1592 1726/1692/1593 1727/1705/1606 1573/1704/1605
f 1562/1694/1595 1563/1693/1594 1575/1706/1334 1574/1707/1333
f 1563/1693/1594 1564/1695/1596 1576/1708/1347 1575/1706/1334
f 1564/1695/1596 1565/1696/1597 1577/1709/1360 1576/1708/1347
f 1565/1696/1597 1566/1697/1598 1578/1710/1373 1577/1709/1360
f 1566/1697/1598 1567/1698/1599 1579/1711/1386 1578/1710/1373
f 1567/1698/1599 1568/1699/1600 1580/1712/1399 1579/1711/1386
f 1568/1699/1600 1569/1700/1601 1581/1713/1412 1580/1712/1399
f 1569/1700/1601 1570/1701/1602 1582/1714/1425 1581/1713/1412
f 1570/1701/1602 1571/1702/1603 1583/1715/1438 1582/1714/1425
f 1571/1702/1603 1572/1703/1604 1584/1716/1451 1583/1715/1438
f 1572/1703/1604 1573/1704/1605 1585/1717/1464 1584/1716/1451
f 1573/1704/1605 1727/1705/1606 1728/1718/1607 1585/1717/1464
f 1299/15/15 1586/1719/1608 1598/1720/1609 1597/1721/1610
f 1586/1719/1608 1587/1722/1611 1599/1723/1612 1598/1720/1609
f 1587/1722/1611 1588/1724/1613 1600/1725/1614 1599/1723/1612
f 1588/1724/1613 1589/1726/1615 1601/1727/1616 1600/1725/1614
f 1589/1726/1615 1590/1728/1617 1602/1729/1618 1601/1727/1616
f 1590/1728/1617 1591/1730/1619 1603/1731/1620 1602/1729/1618
f 1591/1730/1619 1592/1732/1621 1604/1733/1622 1603/1731/1620
f 1592/1732/1621 1593/1734/1623 1605/1735/1624 1604/1733/1622
f 1593/1734/1623 1594/1736/1625 1606/1737/1626 1605/1735/1624
f 1594/1736/1625 1595/1738/1627 1607/1739/1628 1606/1737/1626
f 1595/1738/1627 1596/1740/1629 1608/1741/1630 1607/1739/1628
f 1596/1740/1629 1431/1742/1453 1432/1743/1452 1608/1741/1630
f 1597/1721/1610 1598/1720/1609 1610/1744/1631 1609/1745/1632
f 1598/1720/1609 1599/1723/1612 1611/1746/1633 1610/1744/1631
f 1599/1723/1612 1600/1725/1614 1612/1747/1634 1611/1746/1633
f 1600/1725/1614 1601/1727/1616 1613/1748/1635 1612/1747/1634
f 1601/1727/1616 1602/1729/1618 1614/1749/1636 1613/1748/1635
f 1602/1729/1618 1603/1731/1620 1615/1750/1637 1614/1749/1636
f 1603/1731/1620 1604/1733/1622 1616/1751/1638 1615/1750/1637
f 1604/1733/1622 1605/1735/1624 1617/1752/1639 1616/1751/1638
f 1605/1735/1624 1606/1737/1626 1618/1753/1640 1617/1752/1639
f 1606/1737/1626 1607/1739/1628 1619/1754/1641 1618/1753/1640
f 1607/1739/1628 1608/1741/1630 1620/1755/1642 1619/1754/1641
f 1608/1741/1630 1432/1743/1452 1433/1756/1454 1620/1755/1642
f 1609/1745/1632 1610/1744/1631 1622/1757/1643 1621/1758/1644
f 1610/1744/1631 1611/1746/1633 1623/1759/1645 1622/1757/1643
f 1611/1746/1633 1612/1747/1634 1624/1760/1646 1623/1759/1645
f 1612/1747/1634 1613/1748/1635 1625/1761/1647 1624/1760/1646
f 1613/1748/1635 1614/1749/1636 1626/1762/1648 1625/1761/1647
f 1614/1749/1636 1615/1750/1637 1627/1763/1649 1626/1762/1648
f 1615/1750/1637 1616/1751/1638 1628/1764/1650 1627/1763/1649
f 1616/1751/1638 1617/1752/1639 1629/1765/1651 1628/1764/1650
f 1617/1752/1639 1618/1753/1640 1630/1766/1652 1629/1765/1651
f 1618/1753/1640 1619/1754/1641 1631/1767/1653 1630/1766/1652
f 1619/1754/1641 1620/1755/1642 1632/1768/1654 1631/1767/1653
f 1620/1755/1642 1433/1756/1454 1434/1769/1455 1632/1768/1654
f 1621/1758/1644 1622/1757/1643 1634/1770/1655 1633/1771/1656
f 1622/1757/1643 1623/1759/1645 1635/1772/1657 1634/1770/1655
f 1623/1759/1645 1624/1760/1646 1636/1773/1658 1635/1772/1657
f 1624/1760/1646 1625/1761/1647 1637/1774/1659 1636/1773/1658
f 1625/1761/1647 1626/1762/1648 1638/1775/1660 1637/1774/1659
f 1626/1762/1648 1627/1763/1649 1639/1776/1661 1638/1775/1660
f 1627/1763/1649 1628/1764/1650 1640/1777/1662 1639/1776/1661
f 1628/1764/1650 1629/1765/1651 1641/1778/1663 1640/1777/1662
f 1629/1765/1651 1630/1766/1652 1642/1779/1664 1641/1778/1663
f 1630/1766/1652 1631/1767/1653 1643/1780/1665 1642/1779/1664
f 1631/1767/1653 1632/1768/1654 1644/1781/1666 1643/1780/1665
f 1632/1768/1654 1434/1769/1455 1435/1782/1456 1644/1781/1666
f 1633/1771/1656 1634/1770/1655 1646/1783/1667 1645/1784/1668
f 1634/1770/1655 1635/1772/1657 1647/1785/1669 1646/1783/1667
f 1635/1772/1657 1636/1773/1658 1648/1786/1670 1647/1785/1669
f 1636/1773/1658 1637/1774/1659 1649/1787/1671 1648/1786/1670
f 1637/1774/1659 1638/1775/1660 1650/1788/1672 1649/1787/1671
f 1638/1775/1660 1639/1776/1661 1651/1789/1673 1650/1788/1672
f 1639/1776/1661 1640/1777/1662 1652/1790/1674 1651/1789/1673
f 1640/1777/1662 1641/1778/1663 1653/1791/1675 1652/1790/1674
f 1641/1778/1663 1642/1779/1664 1654/1792/1676 1653/1791/1675
f 1642/1779/1664 1643/1780/1665 1655/1793/1677 1654/1792/1676
f 1643/1780/1665 1644/1781/1666 1656/1794/1678 1655/1793/1677
f 1644/1781/1666 1435/1782/1456 1436/1795/1457 1656/1794/1678
f 1645/1784/1668 1646/1783/1667 1658/1796/1679 1657/1797/1680
f 1646/1783/1667 1647/1785/1669 1659/1798/1681 1658/1796/1679
f 1647/1785/1669 1648/1786/1670 1660/1799/1682 1659/1798/1681
f 1648/1786/1670 1649/1787/1671 1661/1800/1683 1660/1799/1682
f 1649/1787/1671 1650/1788/1672 1662/1801/1684 1661/1800/1683
f 1650/1788/1672 1651/1789/1673 1663/1802/1685 1662/1801/1684
f 1651/1789/1673 1652/1790/1674 1664/1803/1686 1663/1802/1685
f 1652/1790/1674 1653/1791/1675 1665/1804/1687 1664/1803/1686
f 1653/1791/1675 1654/1792/1676 1666/1805/1688 1665/1804/1687
f 1654/1792/1676 1655/1793/1677 1667/1806/1689 1666/1805/1688
f 1655/1793/1677 1656/1794/1678 1668/1807/1690 1667/1806/1689
f 1656/1794/1678 1436/1795/1457 1437/1808/1458 1668/1807/1690
f 1657/1797/1680 1658/1796/1679 1670/1809/1691 1669/1810/1692
f 1658/1796/1679 1659/1798/1681 1671/1811/1693 1670/1809/1691
f 1659/1798/1681 1660/1799/1682 1672/1812/1694 1671/1811/1693
f 1660/1799/1682 1661/1800/1683 1673/1813/1695 1672/1812/1694
f 1661/1800/1683 1662/1801/1684 1674/1814/1696 1673/1813/1695
f 1662/1801/1684 1663/1802/1685 1675/1815/1697 1674/1814/1696
f 1663/1802/1685 1664/1803/1686 1676/1816/1698 1675/1815/1697
f 1664/1803/1686 1665/1804/1687 1677/1817/1699 1676/1816/1698
f 1665/1804/1687 1666/1805/1688 1678/1818/1700 1677/1817/1699
f 1666/1805/1688 1667/1806/1689 1679/1819/1701 1678/1818/1700
f 1667/1806/1689 1668/1807/1690 1680/1820/1702 1679/1819/1701
f 1668/1807/1690 1437/1808/1458 1438/1821/1459 1680/1820/1702
f 1669/1810/1692 1670/1809/1691 1682/1822/1703 1681/1823/1704
f 1670/1809/1691 1671/1811/1693 1683/1824/1705 1682/1822/1703
f 1671/1811/1693 1672/1812/1694 1684/1825/1706 1683/1824/1705
f 1672/1812/1694 1673/1813/1695 1685/1826/1707 1684/1825/1706
f 1673/1813/1695 1674/1814/1696 1686/1827/1708 1685/1826/1707
f 1674/1814/1696 1675/1815/1697 1687/1828/1709 1686/1827/1708
f 1675/1815/1697 1676/1816/1698 1688/1829/1710 1687/1828/1709
f 1676/1816/1698 1677/1817/1699 1689/1830/1711 1688/1829/1710
f 1677/1817/1699 1678/1818/1700 1690/1831/1712 1689/1830/1711
f 1678/1818/1700 1679/1819/1701 1691/1832/1713 1690/1831/1712
f 1679/1819/1701 1680/1820/1702 1692/1833/1714 1691/1832/1713
f 1680/1820/1702 1438/1821/1459 1439/1834/1460 1692/1833/1714
f 1681/1823/1704 1682/1822/1703 1694/1835/1715 1693/1836/1716
f 1682/1822/1703 1683/1824/1705 1695/1837/1717 1694/1835/1715
f 1683/1824/1705 1684/1825/1706 1696/1838/1718 1695/1837/1717
f 1684/1825/1706 1685/1826/1707 1697/1839/1719 1696/1838/1718
f 1685/1826/1707 1686/1827/1708 1698/1840/1720 1697/1839/1719
f 1686/1827/1708 1687/1828/1709 1699/1841/1721 1698/1840/1720
f 1687/1828/1709 1688/1829/1710 1700/1842/1722 1699/1841/1721
f 1688/1829/1710 1689/1830/1711 1701/1843/1723 1700/1842/1722
f 1689/1830/1711 1690/1831/1712 1702/1844/1724 1701/1843/1723
f 1690/1831/1712 1691/1832/1713 1703/1845/1725 1702/1844/1724
f 1691/1832/1713 1692/1833/1714 1704/1846/1726 1703/1845/1725
f 1692/1833/1714 1439/1834/1460 1440/1847/1461 1704/1846/1726
f 1693/1836/1716 1694/1835/1715 1706/1848/1727 1705/1849/1728
f 1694/1835/1715 1695/1837/1717 1707/1850/1729 1706/1848/1727
f 1695/1837/1717 1696/1838/1718 1708/1851/1730 1707/1850/1729
f 1696/1838/1718 1697/1839/1719 1709/1852/1731 1708/1851/1730
f 1697/1839/1719 1698/1840/1720 1710/1853/1732 1709/1852/1731
f 1698/1840/1720 1699/1841/1721 1711/1854/1733 1710/1853/1732
f 1699/1841/1721 1700/1842/1722 1712/1855/1734 1711/1854/1733
f 1700/1842/1722 1701/1843/1723 1713/1856/1735 1712/1855/1734
f 1701/1843/1723 1702/1844/1724 1714/1857/1736 1713/1856/1735
f 1702/1844/1724 1703/1845/1725 1715/1858/1737 1714/1857/1736
f 1703/1845/1725 1704/1846/1726 1716/1859/1738 1715/1858/1737
f 1704/1846/1726 1440/1847/1461 1441/1860/1462 1716/1859/1738
f 1705/1849/1728 1706/1848/1727 1718/1588/1489 1717/1587/1488
f 1706/1848/1727 1707/1850/1729 1719/1601/1502 1718/1588/1489
f 1707/1850/1729 1708/1851/1730 1720/1614/1515 1719/1601/1502
f 1708/1851/1730 1709/1852/1731 1721/1627/1528 1720/1614/1515
f 1709/1852/1731 1710/1853/1732 1722/1640/1541 1721/1627/1528
f 1710/1853/1732 1711/1854/1733 1723/1653/1554 1722/1640/1541
f 1711/1854/1733 1712/1855/1734 1724/1666/1567 1723/1653/1554
f 1712/1855/1734 1713/1856/1735 1725/1679/1580 1724/1666/1567
f 1713/1856/1735 1714/1857/1736 1726/1692/1593 1725/1679/1580
f 1714/1857/1736 1715/1858/1737 1727/1705/1606 1726/1692/1593
f 1715/1858/1737 1716/1859/1738 1728/1718/1607 1727/1705/1606
f 1716/1859/1738 1441/1860/1462 1442/1861/1463 1728/1718/1607
f 1442/1562/1463 1585/1563/1464 1728/1862/1607
f 1729/1863/1739 1732/1864/1740 1744/1865/1741 1743/1866/1742
f 1732/1864/1740 1733/1867/1743 1745/1868/1744 1744/1865/1741
f 1733/1867/1743 1734/1869/1745 1746/1870/1746 1745/1868/1744
f 1734/1869/1745 1735/1871/1747 1747/1872/1748 1746/1870/1746
f 1735/1871/1747 1736/1873/1749 1748/1874/1750 1747/1872/1748
f 1736/1873/1749 1737/1875/1751 1749/1876/1752 1748/1874/1750
f 1737/1875/1751 1738/1877/1753 1750/1878/1754 1749/1876/1752
f 1738/1877/1753 1739/1879/1755 1751/1880/1756 1750/1878/1754
f 1739/1879/1755 1740/1881/1757 1752/1882/1758 1751/1880/1756
f 1740/1881/1757 1741/1883/1759 1753/1884/1760 1752/1882/1758
f 1741/1883/1759 1742/1885/1761 1754/1886/1762 1753/1884/1760
f 1742/1885/1761 2006/1887/1763 2007/1888/1764 1754/1886/1762
f 1743/1866/1742 1744/1865/1741 1756/1889/1765 1755/1890/1766
f 1744/1865/1741 1745/1868/1744 1757/1891/1767 1756/1889/1765
f 1745/1868/1744 1746/1870/1746 1758/1892/1768 1757/1891/1767
f 1746/1870/1746 1747/1872/1748 1759/1893/1769 1758/1892/1768
f 1747/1872/1748 1748/1874/1750 1760/1894/1770 1759/1893/1769
f 1748/1874/1750 1749/1876/1752 1761/1895/1771 1760/1894/1770
f 1749/1876/1752 1750/1878/1754 1762/1896/1772 1761/1895/1771
f 1750/1878/1754 1751/1880/1756 1763/1897/1773 1762/1896/1772
f 1751/1880/1756 1752/1882/1758 1764/1898/1774 1763/1897/1773
f 1752/1882/1758 1753/1884/1760 1765/1899/1775 1764/1898/1774
f 1753/1884/1760 1754/1886/1762 1766/1900/1776 1765/1899/1775
f 1754/1886/1762 2007/1888/1764 2008/1901/1777 1766/1900/1776
f 1755/1890/1766 1756/1889/1765 1768/1902/1778 1767/1903/1779
f 1756/1889/1765 1757/1891/1767 1769/1904/1780 1768/1902/1778
f 1757/1891/1767 1758/1892/1768 1770/1905/1781 1769/1904/1780
f 1758/1892/1768 1759/1893/1769 1771/1906/1782 1770/1905/1781
f 1759/1893/1769 1760/1894/1770 1772/1907/1783 1771/1906/1782
f 1760/1894/1770 1761/1895/1771 1773/1908/1784 1772/1907/1783
f 1761/1895/1771 1762/1896/1772 1774/1909/1785 1773/1908/1784
f 1762/1896/1772 1763/1897/1773 1775/1910/1786 1774/1909/1785
f 1763/1897/1773 1764/1898/1774 1776/1911/1787 1775/1910/1786
f 1764/1898/1774 1765/1899/1775 1777/1912/1788 1776/1911/1787
f 1765/1899/1775 1766/1900/1776 1778/1913/1789 1777/1912/1788
f 1766/1900/1776 2008/1901/1777 2009/1914/1790 1778/1913/1789
f 1767/1903/1779 1768/1902/1778 1780/1915/1791 1779/1916/1792
f 1768/1902/1778 1769/1904/1780 1781/1917/1793 1780/1915/1791
f 1769/1904/1780 1770/1905/1781 1782/1918/1794 1781/1917/1793
f 1770/1905/1781 1771/1906/1782 1783/1919/1795 1782/1918/1794
f 1771/1906/1782 1772/1907/1783 1784/1920/1796 1783/1919/1795
f 1772/1907/1783 1773/1908/1784 1785/1921/1797 1784/1920/1796
f 1773/1908/1784 1774/1909/1785 1786/1922/1798 1785/1921/1797
f 1774/1909/1785 1775/1910/1786 1787/1923/1799 1786/1922/1798
f 1775/1910/1786 1776/1911/1787 1788/1924/1800 1787/1923/1799
f 1776/1911/1787 1777/1912/1788 1789/1925/1801 1788/1924/1800
f 1777/1912/1788 1778/1913/1789 1790/1926/1802 1789/1925/1801
f 1778/1913/1789 2009/1914/1790 2010/1927/1803 1790/1926/1802
f 1779/1916/1792 1780/1915/1791 1792/1928/1804 1791/1929/1805
f 1780/1915/1791 1781/1917/1793 1793/1930/1806 1792/1928/1804
f 1781/1917/1793 1782/1918/1794 1794/1931/1807 1793/1930/1806
f 1782/1918/1794 1783/1919/1795 1795/1932/1808 1794/1931/1807
f 1783/1919/1795 1784/1920/1796 1796/1933/1809 1795/1932/1808
f 1784/1920/1796 1785/1921/1797 1797/1934/1810 1796/1933/1809
f 1785/1921/1797 1786/1922/1798 1798/1935/1811 1797/1934/1810
f 1786/1922/1798 1787/1923/1799 1799/1936/1812 1798/1935/1811
f 1787/1923/1799 1788/1924/1800 1800/1937/1813 1799/1936/1812
f 1788/1924/1800 1789/1925/1801 1801/1938/1814 1800/1937/1813
f 1789/1925/1801 1790/1926/1802 1802/1939/1815 1801/1938/1814
f 1790/1926/1802 2010/1927/1803 2011/1940/1816 1802/1939/1815
f 1791/1929/1805 1792/1928/1804 1804/1941/1817 1803/1942/1818
f 1792/1928/1804 1793/1930/1806 1805/1943/1819 1804/1941/1817
f 1793/1930/1806 1794/1931/1807 1806/1944/1820 1805/1943/1819
f 1794/1931/1807 1795/1932/1808 1807/1945/1821 1806/1944/1820
f 1795/1932/1808 1796/1933/1809 1808/1946/1822 1807/1945/1821
f 1796/1933/1809 1797/1934/1810 1809/1947/1823 1808/1946/1822
f 1797/1934/1810 1798/1935/1811 1810/1948/1824 1809/1947/1823
f 1798/1935/1811 1799/1936/1812 1811/1949/1825 1810/1948/1824
f 1799/1936/1812 1800/1937/1813 1812/1950/1826 1811/1949/1825
f 1800/1937/1813 1801/1938/1814 1813/1951/1827 1812/1950/1826
f 1801/1938/1814 1802/1939/1815 1814/1952/1828 1813/1951/1827
f 1802/1939/1815 2011/1940/1816 2012/1953/1829 1814/1952/1828
f 1803/1942/1818 1804/1941/1817 1816/1954/1830 1815/1955/1831
f 1804/1941/1817 1805/1943/1819 1817/1956/1832 1816/1954/1830
f 1805/1943/1819 1806/1944/1820 1818/1957/1833 1817/1956/1832
f 1806/1944/1820 1807/1945/1821 1819/1958/1834 1818/1957/1833
f 1807/1945/1821 1808/1946/1822 1820/1959/1835 1819/1958/1834
f 1808/1946/1822 1809/1947/1823 1821/1960/1836 1820/1959/1835
f 1809/1947/1823 1810/1948/1824 1822/1961/1837 1821/1960/1836
f 1810/1948/1824 1811/1949/1825 1823/1962/1838 1822/1961/1837
f 1811/1949/1825 1812/1950/1826 1824/1963/1839 1823/1962/1838
f 1812/1950/1826 1813/1951/1827 1825/1964/1840 1824/1963/1839
f 1813/1951/1827 1814/1952/1828 1826/1965/1841 1825/1964/1840
f 1814/1952/1828 2012/1953/1829 2013/1966/1842 1826/1965/1841
f 1815/1955/1831 1816/1954/1830 1828/1967/1843 1827/1968/1844
f 1816/1954/1830 1817/1956/1832 1829/1969/1845 1828/1967/1843
f 1817/1956/1832 1818/1957/1833 1830/1970/1846 1829/1969/1845
f 1818/1957/1833 1819/1958/1834 1831/1971/1847 1830/1970/1846
f 1819/1958/1834 1820/1959/1835 1832/1972/1848 1831/1971/1847
f 1820/1959/1835 1821/1960/1836 1833/1973/1849 1832/1972/1848
f 1821/1960/1836 1822/1961/1837 1834/1974/1850 1833/1973/1849
f 1822/1961/1837 1823/1962/1838 1835/1975/1851 1834/1974/1850
f 1823/1962/1838 1824/1963/1839 1836/1976/1852 1835/1975/1851
f 1824/1963/1839 1825/1964/1840 1837/1977/1853 1836/1976/1852
f 1825/1964/1840 1826/1965/1841 1838/1978/1854 1837/1977/1853
f 1826/1965/1841 2013/1966/1842 2014/1979/1855 1838/1978/1854
f 1827/1968/1844 1828/1967/1843 1840/1980/1856 1839/1981/1857
f 1828/1967/1843 1829/1969/1845 1841/1982/1858 1840/1980/1856
f 1829/1969/1845 1830/1970/1846 1842/1983/1859 1841/1982/1858
f 1830/1970/1846 1831/1971/1847 1843/1984/1860 1842/1983/1859
f 1831/1971/1847 1832/1972/1848 1844/1985/1861 1843/1984/1860
f 1832/1972/1848 1833/1973/1849 1845/1986/1862 1844/1985/1861
f 1833/1973/1849 1834/1974/1850 1846/1987/1863 1845/1986/1862
f 1834/1974/1850 1835/1975/1851 1847/1988/1864 1846/1987/1863
f 1835/1975/1851 1836/1976/1852 1848/1989/1865 1847/1988/1864
f 1836/1976/1852 1837/1977/1853 1849/1990/1866 1848/1989/1865
f 1837/1977/1853 1838/1978/1854 1850/1991/1867 1849/1990/1866
f 1838/1978/1854 2014/1979/1855 2015/1992/1868 1850/1991/1867
f 1839/1981/1857 1840/1980/1856 1852/1993/1869 1851/1994/1870
f 1840/1980/1856 1841/1982/1858 1853/1995/1871 1852/1993/1869
f 1841/1982/1858 1842/1983/1859 1854/1996/1872 1853/1995/1871
f 1842/1983/1859 1843/1984/1860 1855/1997/1873 1854/1996/1872
f 1843/1984/1860 1844/1985/1861 1856/1998/1874 1855/1997/1873
f 1844/1985/1861 1845/1986/1862 1857/1999/1875 1856/1998/1874
f 1845/1986/1862 1846/1987/1863 1858/2000/1876 1857/1999/1875
f 1846/1987/1863 1847/1988/1864 1859/2001/1877 1858/2000/1876
f 1847/1988/1864 1848/1989/1865 1860/2002/1878 1859/2001/1877
f 1848/1989/1865 1849/1990/1866 1861/2003/1879 1860/2002/1878
f 1849/1990/1866 1850/1991/1867 1862/2004/1880 1861/2003/1879
f 1850/1991/1867 2015/1992/1868 2016/2005/1881 1862/2004/1880
f 1851/1994/1870 1852/1993/1869 1864/2006/1882 1863/2007/1883
f 1852/1993/1869 1853/1995/1871 1865/2008/1884 1864/2006/1882
f 1853/1995/1871 1854/1996/1872 1866/2009/1885 1865/2008/1884
f 1854/1996/1872 1855/1997/1873 1867/2010/1886 1866/2009/1885
f 1855/1997/1873 1856/1998/1874 1868/2011/1887 1867/2010/1886
f 1856/1998/1874 1857/1999/1875 1869/2012/1888 1868/2011/1887
f 1857/1999/1875 1858/2000/1876 1870/2013/1889 1869/2012/1888
f 1858/2000/1876 1859/2001/1877 1871/2014/1890 1870/2013/1889
f 1859/2001/1877 1860/2002/1878 1872/2015/1891 1871/2014/1890
f 1860/2002/1878 1861/2003/1879 1873/2016/1892 1872/2015/1891
f 1861/2003/1879 1862/2004/1880 1874/2017/1893 1873/2016/1892
f 1862/2004/1880 2016/2005/1881 2017/2018/1894 1874/2017/1893
f 1730/8/8 1875/2019/1895 1887/2020/1896 1886/2021/1897
f 1875/2019/1895 1876/2022/1898 1888/2023/1899 1887/2020/1896
f 1876/2022/1898 1877/2024/1900 1889/2025/1901 1888/2023/1899
f 1877/2024/1900 1878/2026/1902 1890/2027/1903 1889/2025/1901
f 1878/2026/1902 1879/2028/1904 1891/2029/1905 1890/2027/1903
f 1879/2028/1904 1880/2030/1906 1892/2031/1907 1891/2029/1905
f 1880/2030/1906 1881/2032/1908 1893/2033/1909 1892/2031/1907
f 1881/2032/1908 1882/2034/1910 1894/2035/1911 1893/2033/1909
f 1882/2034/1910 1883/2036/1912 1895/2037/1913 1894/2035/1911
f 1883/2036/1912 1884/2038/1914 1896/2039/1915 1895/2037/1913
f 1884/2038/1914 1885/2040/1916 1897/2041/1917 1896/2039/1915
f 1885/2040/1916 2149/2042/1918 2150/2043/1919 1897/2041/1917
f 1886/2021/1897 1887/2020/1896 1899/2044/1920 1898/2045/1921
f 1887/2020/1896 1888/2023/1899 1900/2046/1922 1899/2044/1920
f 1888/2023/1899 1889/2025/1901 1901/2047/1923 1900/2046/1922
f 1889/2025/1901 1890/2027/1903 1902/2048/1924 1901/2047/1923
f 1890/2027/1903 1891/2029/1905 1903/2049/1925 1902/2048/1924
f 1891/2029/1905 1892/2031/1907 1904/2050/1926 1903/2049/1925
f 1892/2031/1907 1893/2033/1909 1905/2051/1927 1904/2050/1926
f 1893/2033/1909 1894/2035/1911 1906/2052/1928 1905/2051/1927
f 1894/2035/1911 1895/2037/1913 1907/2053/1929 1906/2052/1928
f 1895/2037/1913 1896/2039/1915 1908/2054/1930 1907/2053/1929
f 1896/2039/1915 1897/2041/1917 1909/2055/1931 1908/2054/1930
f 1897/2041/1917 2150/2043/1919 2151/2056/1932 1909/2055/1931
f 1898/2045/1921 1899/2044/1920 1911/2057/1933 1910/2058/1934
f 1899/2044/1920 1900/2046/1922 1912/2059/1935 1911/2057/1933
f 1900/2046/1922 1901/2047/1923 1913/2060/1936 1912/2059/1935
f 1901/2047/1923 1902/2048/1924 1914/2061/1937 1913/2060/1936
f 1902/2048/1924 1903/2049/1925 1915/2062/1938 1914/2061/1937
f 1903/2049/1925 1904/2050/1926 1916/2063/1939 1915/2062/1938
f 1904/2050/1926 1905/2051/1927 1917/2064/1940 1916/2063/1939
f 1905/2051/1927 1906/2052/1928 1918/2065/1941 1917/2064/1940
f 1906/2052/1928 1907/2053/1929 1919/2066/1942 1918/2065/1941
f 1907/2053/1929 1908/2054/1930 1920/2067/1943 1919/2066/1942
f 1908/2054/1930 1909/2055/1931 1921/2068/1944 1920/2067/1943
f 1909/2055/1931 2151/2056/1932 2152/2069/1945 1921/2068/1944
f 1910/2058/1934 1911/2057/1933 1923/2070/1946 1922/2071/1947
f 1911/2057/1933 1912/2059/1935 1924/2072/1948 1923/2070/1946
f 1912/2059/1935 1913/2060/1936 1925/2073/1949 1924/2072/1948
f 1913/2060/1936 1914/2061/1937 1926/2074/1950 1925/2073/1949
f 1914/2061/1937 1915/2062/1938 1927/2075/1951 1926/2074/1950
f 1915/2062/1938 1916/2063/1939 1928/2076/1952 1927/2075/1951
f 1916/2063/1939 1917/2064/1940 1929/2077/1953 1928/2076/1952
f 1917/2064/1940 1918/2065/1941 1930/2078/1954 1929/2077/1953
f 1918/2065/1941 1919/2066/1942 1931/2079/1955 1930/2078/1954
f 1919/2066/1942 1920/2067/1943 1932/2080/1956 1931/2079/1955
f 1920/2067/1943 1921/2068/1944 1933/2081/1957 1932/2080/1956
f 1921/2068/1944 2152/2069/1945 2153/2082/1958 1933/2081/1957
f 1922/2071/1947 1923/2070/1946 1935/2083/1959 1934/2084/1960
f 1923/2070/1946 1924/2072/1948 1936/2085/1961 1935/2083/1959
f 1924/2072/1948 1925/2073/1949 1937/2086/1962 1936/2085/1961
f 1925/2073/1949 1926/2074/1950 1938/2087/1963 1937/2086/1962
f 1926/2074/1950 1927/2075/1951 1939/2088/1964 1938/2087/1963
f 1927/2075/1951 1928/2076/1952 1940/2089/1965 1939/2088/1964
f 1928/2076/1952 1929/2077/1953 1941/2090/1966 1940/2089/1965
f 1929/2077/1953 1930/2078/1954 1942/2091/1967 1941/2090/1966
f 1930/2078/1954 1931/2079/1955 1943/2092/1968 1942/2091/1967
f 1931/2079/1955 1932/2080/1956 1944/2093/1969 1943/2092/1968
f 1932/2080/1956 1933/2081/1957 1945/2094/1970 1944/2093/1969
f 1933/2081/1957 2153/2082/1958 2154/2095/1971 1945/2094/1970
f 1934/2084/1960 1935/2083/1959 1947/2096/1972 1946/2097/1973
f 1935/2083/1959 1936/2085/1961 1948/2098/1974 1947/2096/1972
f 1936/2085/1961 1937/2086/1962 1949/2099/1975 1948/2098/1974
f 1937/2086/1962 1938/2087/1963 1950/2100/1976 1949/2099/1975
f 1938/2087/1963 1939/2088/1964 1951/2101/1977 1950/2100/1976
f 1939/2088/1964 1940/2089/1965 1952/2102/1978 1951/2101/1977
f 1940/2089/1965 1941/2090/1966 1953/2103/1979 1952/2102/1978
f 1941/2090/1966 1942/2091/1967 1954/2104/1980 1953/2103/1979
f 1942/2091/1967 1943/2092/1968 1955/2105/1981 1954/2104/1980
f 1943/2092/1968 1944/2093/1969 1956/2106/1982 1955/2105/1981
f 1944/2093/1969 1945/2094/1970 1957/2107/1983 1956/2106/1982
f 1945/2094/1970 2154/2095/1971 2155/2108/1984 1957/2107/1983
f 1946/2097/1973 1947/2096/1972 1959/2109/1985 1958/2110/1986
f 1947/2096/1972 1948/2098/1974 1960/2111/1987 1959/2109/1985
f 1948/2098/1974 1949/2099/1975 1961/2112/1988 1960/2111/1987
f 1949/2099/1975 1950/2100/1976 1962/2113/1989 1961/2112/1988
f 1950/2100/1976 1951/2101/1977 1963/2114/1990 1962/2113/1989
f 1951/2101/1977 1952/2102/1978 1964/2115/1991 1963/2114/1990
f 1952/2102/1978 1953/2103/1979 1965/2116/1992 1964/2115/1991
f 1953/2103/1979 1954/2104/1980 1966/2117/1993 1965/2116/1992
f 1954/2104/1980 1955/2105/1981 1967/2118/1994 1966/2117/1993
f 1955/2105/1981 1956/2106/1982 1968/2119/1995 1967/2118/1994
f 1956/2106/1982 1957/2107/1983 1969/2120/1996 1968/2119/1995
f 1957/2107/1983 2155/2108/1984 2156/2121/1997 1969/2120/1996
f 1958/2110/1986 1959/2109/1985 1971/2122/1998 1970/2123/1999
f 1959/2109/1985 1960/2111/1987 1972/2124/2000 1971/2122/1998
f 1960/2111/1987 1961/2112/1988 1973/2125/2001 1972/2124/2000
f 1961/2112/1988 1962/2113/1989 1974/2126/2002 1973/2125/2001
f 1962/2113/1989 1963/2114/1990 1975/2127/2003 1974/2126/2002
f 1963/2114/1990 1964/2115/1991 1976/2128/2004 1975/2127/2003
f 1964/2115/1991 1965/2116/1992 1977/2129/2005 1976/2128/2004
f 1965/2116/1992 1966/2117/1993 1978/2130/2006 1977/2129/2005
f 1966/2117/1993 1967/2118/1994 1979/2131/2007 1978/2130/2006
f 1967/2118/1994 1968/2119/1995 1980/2132/2008 1979/2131/2007
f 1968/2119/1995 1969/2120/1996 1981/2133/2009 1980/2132/2008
f 1969/2120/1996 2156/2121/1997 2157/2134/2010 1981/2133/2009
f 1970/2123/1999 1971/2122/1998 1983/2135/2011 1982/2136/2012
f 1971/2122/1998 1972/2124/2000 1984/2137/2013 1983/2135/2011
f 1972/2124/2000 1973/2125/2001 1985/2138/2014 1984/2137/2013
f 1973/2125/2001 1974/2126/2002 1986/2139/2015 1985/2138/2014
f 1974/2126/2002 1975/2127/2003 1987/2140/2016 1986/2139/2015
f 1975/2127/2003 1976/2128/2004 1988/2141/2017 1987/2140/2016
f 1976/2128/2004 1977/2129/2005 1989/2142/2018 1988/2141/2017
f 1977/2129/2005 1978/2130/2006 1990/2143/2019 1989/2142/2018
f 1978/2130/2006 1979/2131/2007 1991/2144/2020 1990/2143/2019
f 1979/2131/2007 1980/2132/2008 1992/2145/2021 1991/2144/2020
f 1980/2132/2008 1981/2133/2009 1993/2146/2022 1992/2145/2021
f 1981/2133/2009 2157/2134/2010 2158/2147/2023 1993/2146/2022
f 1982/2136/2012 1983/2135/2011 1995/2148/2024 1994/2149/2025
f 1983/2135/2011 1984/2137/2013 1996/2150/2026 1995/2148/2024
f 1984/2137/2013 1985/2138/2014 1997/2151/2027 1996/2150/2026
f 1985/2138/2014 1986/2139/2015 1998/2152/2028 1997/2151/2027
f 1986/2139/2015 1987/2140/2016 1999/2153/2029 1998/2152/2028
f 1987/2140/2016 1988/2141/2017 2000/2154/2030 1999/2153/2029
f 1988/2141/2017 1989/2142/2018 2001/2155/2031 2000/2154/2030
f 1989/2142/2018 1990/2143/2019 2002/2156/2032 2001/2155/2031
f 1990/2143/2019 1991/2144/2020 2003/2157/2033 2002/2156/2032
f 1991/2144/2020 1992/2145/2021 2004/2158/2034 2003/2157/2033
f 1992/2145/2021 1993/2146/2022 2005/2159/2035 2004/2158/2034
f 1993/2146/2022 2158/2147/2023 2159/2160/2036 2005/2159/2035
f 1994/2149/2025 1995/2148/2024 2007/1888/1764 2006/1887/1763
f 1995/2148/2024 1996/2150/2026 2008/1901/1777 2007/1888/1764
f 1996/2150/2026 1997/2151/2027 2009/1914/1790 2008/1901/1777
f 1997/2151/2027 1998/2152/2028 2010/1927/1803 2009/1914/1790
f 1998/2152/2028 1999/2153/2029 2011/1940/1816 2010/1927/1803
f 1999/2153/2029 2000/2154/2030 2012/1953/1829 2011/1940/1816
f 2000/2154/2030 2001/2155/2031 2013/1966/1842 2012/1953/1829
f 2001/2155/2031 2002/2156/2032 2014/1979/1855 2013/1966/1842
f 2002/2156/2032 2003/2157/2033 2015/1992/1868 2014/1979/1855
f 2003/2157/2033 2004/2158/2034 2016/2005/1881 2015/1992/1868
f 2004/2158/2034 2005/2159/2035 2017/2018/1894 2016/2005/1881
f 2005/2159/2035 2159/2160/2036 2160/2161/2037 2017/2018/1894
f 1731/1/1 2018/2162/2038 2030/2163/2039 2029/2164/2040
f 2018/2162/2038 2019/2165/2041 2031/2166/2042 2030/2163/2039
f 2019/2165/2041 2020/2167/2043 2032/2168/2044 2031/2166/2042
f 2020/2167/2043 2021/2169/2045 2033/2170/2046 2032/2168/2044
f 2021/2169/2045 2022/2171/2047 2034/2172/2048 2033/2170/2046
f 2022/2171/2047 2023/2173/2049 2035/2174/2050 2034/2172/2048
f 2023/2173/2049 2024/2175/2051 2036/2176/2052 2035/2174/2050
f 2024/2175/2051 2025/2177/2053 2037/2178/2054 2036/2176/2052
f 2025/2177/2053 2026/2179/2055 2038/2180/2056 2037/2178/2054
f 2026/2179/2055 2027/2181/2057 2039/2182/2058 2038/2180/2056
f 2027/2181/2057 2028/2183/2059 2040/2184/2060 2039/2182/2058
f 2028/2183/2059 1863/2185/1883 1864/2186/1882 2040/2184/2060
f 2029/2164/2040 2030/2163/2039 2042/2187/2061 2041/2188/2062
f 2030/2163/2039 2031/2166/2042 2043/2189/2063 2042/2187/2061
f 2031/2166/2042 2032/2168/2044 2044/2190/2064 2043/2189/2063
f 2032/2168/2044 2033/2170/2046 2045/2191/2065 2044/2190/2064
f 2033/2170/2046 2034/2172/2048 2046/2192/2066 2045/2191/2065
f 2034/2172/2048 2035/2174/2050 2047/2193/2067 2046/2192/2066
f 2035/2174/2050 2036/2176/2052 2048/2194/2068 2047/2193/2067
f 2036/2176/2052 2037/2178/2054 2049/2195/2069 2048/2194/2068
f 2037/2178/2054 2038/2180/2056 2050/2196/2070 2049/2195/2069
f 2038/2180/2056 2039/2182/2058 2051/2197/2071 2050/2196/2070
f 2039/2182/2058 2040/2184/2060 2052/2198/2072 2051/2197/2071
f 2040/2184/2060 1864/2186/1882 1865/2199/1884 2052/2198/2072
f 2041/2188/2062 2042/2187/2061 2054/2200/2073 2053/2201/2074
f 2042/2187/2061 2043/2189/2063 2055/2202/2075 2054/2200/2073
f 2043/2189/2063 2044/2190/2064 2056/2203/2076 2055/2202/2075
f 2044/2190/2064 2045/2191/2065 2057/2204/2077 2056/2203/2076
f 2045/2191/2065 2046/2192/2066 2058/2205/2078 2057/2204/2077
f 2046/2192/2066 2047/2193/2067 2059/2206/2079 2058/2205/2078
f 2047/2193/2067 2048/2194/2068 2060/2207/2080 2059/2206/2079
f 2048/2194/2068 2049/2195/2069 2061/2208/2081 2060/2207/2080
f 2049/2195/2069 2050/2196/2070 2062/2209/2082 2061/2208/2081
f 2050/2196/2070 2051/2197/2071 2063/2210/2083 2062/2209/2082
f 2051/2197/2071 2052/2198/2072 2064/2211/2084 2063/2210/2083
f 2052/2198/2072 1865/2199/1884 1866/2212/1885 2064/2211/2084
f 2053/2201/2074 2054/2200/2073 2066/2213/2085 2065/2214/2086
f 2054/2200/2073 2055/2202/2075 2067/2215/2087 2066/2213/2085
f 2055/2202/2075 2056/2203/2076 2068/2216/2088 2067/2215/2087
f 2056/2203/2076 2057/2204/2077 2069/2217/2089 2068/2216/2088
f 2057/2204/2077 2058/2205/2078 2070/2218/2090 2069/2217/2089
f 2058/2205/2078 2059/2206/2079 2071/2219/2091 2070/2218/2090
f 2059/2206/2079 2060/2207/2080 2072/2220/2092 2071/2219/2091
f 2060/2207/2080 2061/2208/2081 2073/2221/2093 2072/2220/2092
f 2061/2208/2081 2062/2209/2082 2074/2222/2094 2073/2221/2093
f 2062/2209/2082 2063/2210/2083 2075/2223/2095 2074/2222/2094
f 2063/2210/2083 2064/2211/2084 2076/2224/2096 2075/2223/2095
f 2064/2211/2084 1866/2212/1885 1867/2225/1886 2076/2224/2096
f 2065/2214/2086 2066/2213/2085 2078/2226/2097 2077/2227/2098
f 2066/2213/2085 2067/2215/2087 2079/2228/2099 2078/2226/2097
f 2067/2215/2087 2068/2216/2088 2080/2229/2100 2079/2228/2099
f 2068/2216/2088 2069/2217/2089 2081/2230/2101 2080/2229/2100
f 2069/2217/2089 2070/2218/2090 2082/2231/2102 2081/2230/2101
f 2070/2218/2090 2071/2219/2091 2083/2232/2103 2082/2231/2102
f 2071/2219/2091 2072/2220/2092 2084/2233/2104 2083/2232/2103
f 2072/2220/2092 2073/2221/2093 2085/2234/2105 2084/2233/2104
f 2073/2221/2093 2074/2222/2094 2086/2235/2106 2085/2234/2105
f 2074/2222/2094 2075/2223/2095 2087/2236/2107 2086/2235/2106
f 2075/2223/2095 2076/2224/2096 2088/2237/2108 2087/2236/2107
f 2076/2224/2096 1867/2225/1886 1868/2238/1887 2088/2237/2108
f 2077/2227/2098 2078/2226/2097 2090/2239/2109 2089/2240/2110
f 2078/2226/2097 2079/2228/2099 2091/2241/2111 2090/2239/2109
f 2079/2228/2099 2080/2229/2100 2092/2242/2112 2091/2241/2111
f 2080/2229/2100 2081/2230/2101 2093/2243/2113 2092/2242/2112
f 2081/2230/2101 2082/2231/2102 2094/2244/2114 2093/2243/2113
f 2082/2231/2102 2083/2232/2103 2095/2245/2115 2094/2244/2114
f 2083/2232/2103 2084/2233/2104 2096/2246/2116 2095/2245/2115
f 2084/2233/2104 2085/2234/2105 2097/2247/2117 2096/2246/2116
f 2085/2234/2105 2086/2235/2106 2098/2248/2118 2097/2247/2117
f 2086/2235/2106 2087/2236/2107 2099/2249/2119 2098/2248/2118
f 2087/2236/2107 2088/2237/2108 2100/2250/2120 2099/2249/2119
f 2088/2237/2108 1868/2238/1887 1869/2251/1888 2100/2250/2120
f 2089/2240/2110 2090/2239/2109 2102/2252/2121 2101/2253/2122
f 2090/2239/2109 2091/2241/2111 2103/2254/2123 2102/2252/2121
f 2091/2241/2111 2092/2242/2112 2104/2255/2124 2103/2254/2123
f 2092/2242/2112 2093/2243/2113 2105/2256/2125 2104/2255/2124
f 2093/2243/2113 2094/2244/2114 2106/2257/2126 2105/2256/2125
f 2094/2244/2114 2095/2245/2115 2107/2258/2127 2106/2257/2126
f 2095/2245/2115 2096/2246/2116 2108/2259/2128 2107/2258/2127
f 2096/2246/2116 2097/2247/2117 2109/2260/2129 2108/2259/2128
f 2097/2247/2117 2098/2248/2118 2110/2261/2130 2109/2260/2129
f 2098/2248/2118 2099/2249/2119 2111/2262/2131 2110/2261/2130
f 2099/2249/2119 2100/2250/2120 2112/2263/2132 2111/2262/2131
f 2100/2250/2120 1869/2251/1888 1870/2264/1889 2112/2263/2132
f 2101/2253/2122 2102/2252/2121 2114/2265/2133 2113/2266/2134
f 2102/2252/2121 2103/2254/2123 2115/2267/2135 2114/2265/2133
f 2103/2254/2123 2104/2255/2124 2116/2268/2136 2115/2267/2135
f 2104/2255/2124 2105/2256/2125 2117/2269/2137 2116/2268/2136
f 2105/2256/2125 2106/2257/2126 2118/2270/2138 2117/2269/2137
f 2106/2257/2126 2107/2258/2127 2119/2271/2139 2118/2270/2138
f 2107/2258/2127 2108/2259/2128 2120/2272/2140 2119/2271/2139
f 2108/2259/2128 2109/2260/2129 2121/2273/2141 2120/2272/2140
f 2109/2260/2129 2110/2261/2130 2122/2274/2142 2121/2273/2141
f 2110/2261/2130 2111/2262/2131 2123/2275/2143 2122/2274/2142
f 2111/2262/2131 2112/2263/2132 2124/2276/2144 2123/2275/2143
f 2112/2263/2132 1870/2264/1889 1871/2277/1890 2124/2276/2144
f 2113/2266/2134 2114/2265/2133 2126/2278/2145 2125/2279/2146
f 2114/2265/2133 2115/2267/2135 2127/2280/2147 2126/2278/2145
f 2115/2267/2135 2116/2268/2136 2128/2281/2148 2127/2280/2147
f 2116/2268/2136 2117/2269/2137 2129/2282/2149 2128/2281/2148
f 2117/2269/2137 2118/2270/2138 2130/2283/2150 2129/2282/2149
f 2118/2270/2138 2119/2271/2139 2131/2284/2151 2130/2283/2150
f 2119/2271/2139 2120/2272/2140 2132/2285/2152 2131/2284/2151
f 2120/2272/2140 2121/2273/2141 2133/2286/2153 2132/2285/2152
f 2121/2273/2141 2122/2274/2142 2134/2287/2154 2133/2286/2153
f 2122/2274/2142 2123/2275/2143 2135/2288/2155 2134/2287/2154
f 2123/2275/2143 2124/2276/2144 2136/2289/2156 2135/2288/2155
f 2124/2276/2144 1871/2277/1890 1872/2290/1891 2136/2289/2156
f 2125/2279/2146 2126/2278/2145 2138/2291/2157 2137/2292/2158
f 2126/2278/2145 2127/2280/2147 2139/2293/2159 2138/2291/2157
f 2127/2280/2147 2128/2281/2148 2140/2294/2160 2139/2293/2159
f 2128/2281/2148 2129/2282/2149 2141/2295/2161 2140/2294/2160
f 2129/2282/2149 2130/2283/2150 2142/2296/2162 2141/2295/2161
f 2130/2283/2150 2131/2284/2151 2143/2297/2163 2142/2296/2162
f 2131/2284/2151 2132/2285/2152 2144/2298/2164 2143/2297/2163
f 2132/2285/2152 2133/2286/2153 2145/2299/2165 2144/2298/2164
f 2133/2286/2153 2134/2287/2154 2146/2300/2166 2145/2299/2165
f 2134/2287/2154 2135/2288/2155 2147/2301/2167 2146/2300/2166
f 2135/2288/2155 2136/2289/2156 2148/2302/2168 2147/2301/2167
f 2136/2289/2156 1872/2290/1891 1873/2303/1892 2148/2302/2168
f 2137/2292/2158 2138/2291/2157 2150/2043/1919 2149/2042/1918
f 2138/2291/2157 2139/2293/2159 2151/2056/1932 2150/2043/1919
f 2139/2293/2159 2140/2294/2160 2152/2069/1945 2151/2056/1932
f 2140/2294/2160 2141/2295/2161 2153/2082/1958 2152/2069/1945
f 2141/2295/2161 2142/2296/2162 2154/2095/1971 2153/2082/1958
f 2142/2296/2162 2143/2297/2163 2155/2108/1984 2154/2095/1971
f 2143/2297/2163 2144/2298/2164 2156/2121/1997 2155/2108/1984
f 2144/2298/2164 2145/2299/2165 2157/2134/2010 2156/2121/1997
f 2145/2299/2165 2146/2300/2166 2158/2147/2023 2157/2134/2010
f 2146/2300/2166 2147/2301/2167 2159/2160/2036 2158/2147/2023
f 2147/2301/2167 2148/2302/2168 2160/2161/2037 2159/2160/2036
f 2148/2302/2168 1873/2303/1892 1874/2304/1893 2160/2161/2037
f 1874/2017/1893 2017/2305/1894 2160/2306/2037
f 2161/12/12 2164/2307/2169 2176/2308/2170 2175/2309/2171
f 2164/2307/2169 2165/2310/2172 2177/2311/2173 2176/2308/2170
f 2165/2310/2172 2166/2312/2174 2178/2313/2175 2177/2311/2173
f 2166/2312/2174 2167/2314/2176 2179/2315/2177 2178/2313/2175
f 2167/2314/2176 2168/2316/2178 2180/2317/2179 2179/2315/2177
f 2168/2316/2178 2169/2318/2180 2181/2319/2181 2180/2317/2179
f 2169/2318/2180 2170/2320/2182 2182/2321/2183 2181/2319/2181
f 2170/2320/2182 2171/2322/2184 2183/2323/2185 2182/2321/2183
f 2171/2322/2184 2172/2324/2186 2184/2325/2187 2183/2323/2185
f 2172/2324/2186 2173/2326/2188 2185/2327/2189 2184/2325/2187
f 2173/2326/2188 2174/2328/2190 2186/2329/2191 2185/2327/2189
f 2174/2328/2190 2438/2330/2192 2439/2331/2193 2186/2329/2191
f 2175/2309/2171 2176/2308/2170 2188/2332/2194 2187/2333/2195
f 2176/2308/2170 2177/2311/2173 2189/2334/2196 2188/2332/2194
f 2177/2311/2173 2178/2313/2175 2190/2335/2197 2189/2334/2196
f 2178/2313/2175 2179/2315/2177 2191/2336/2198 2190/2335/2197
f 2179/2315/2177 2180/2317/2179 2192/2337/2199 2191/2336/2198
f 2180/2317/2179 2181/2319/2181 2193/2338/2200 2192/2337/2199
f 2181/2319/2181 2182/2321/2183 2194/2339/2201 2193/2338/2200
f 2182/2321/2183 2183/2323/2185 2195/2340/2202 2194/2339/2201
f 2183/2323/2185 2184/2325/2187 2196/2341/2203 2195/2340/2202
f 2184/2325/2187 2185/2327/2189 2197/2342/2204 2196/2341/2203
f 2185/2327/2189 2186/2329/2191 2198/2343/2205 2197/2342/2204
f 2186/2329/2191 2439/2331/2193 2440/2344/2206 2198/2343/2205
f 2187/2333/2195 2188/2332/2194 2200/2345/2207 2199/2346/2208
f 2188/2332/2194 2189/2334/2196 2201/2347/2209 2200/2345/2207
f 2189/2334/2196 2190/2335/2197 2202/2348/2210 2201/2347/2209
f 2190/2335/2197 2191/2336/2198 2203/2349/2211 2202/2348/2210
f 2191/2336/2198 2192/2337/2199 2204/2350/2212 2203/2349/2211
f 2192/2337/2199 2193/2338/2200 2205/2351/2213 2204/2350/2212
f 2193/2338/2200 2194/2339/2201 2206/2352/2214 2205/2351/2213
f 2194/2339/2201 2195/2340/2202 2207/2353/2215 2206/2352/2214
f 2195/2340/2202 2196/2341/2203 2208/2354/2216 2207/2353/2215
f 2196/2341/2203 2197/2342/2204 2209/2355/2217 2208/2354/2216
f 2197/2342/2204 2198/2343/2205 2210/2356/2218 2209/2355/2217
f 2198/2343/2205 2440/2344/2206 2441/2357/2219 2210/2356/2218
f 2199/2346/2208 2200/2345/2207 2212/2358/2220 2211/2359/2221
f 2200/2345/2207 2201/2347/2209 2213/2360/2222 2212/2358/2220
f 2201/2347/2209 2202/2348/2210 2214/2361/2223 2213/2360/2222
f 2202/2348/2210 2203/2349/2211 2215/2362/2224 2214/2361/2223
f 2203/2349/2211 2204/2350/2212 2216/2363/2225 2215/2362/2224
f 2204/2350/2212 2205/2351/2213 2217/2364/2226 2216/2363/2225
f 2205/2351/2213 2206/2352/2214 2218/2365/2227 2217/2364/2226
f 2206/2352/2214 2207/2353/2215 2219/2366/2228 2218/2365/2227
f 2207/2353/2215 2208/2354/2216 2220/2367/2229 2219/2366/2228
f 2208/2354/2216 2209/2355/2217 2221/2368/2230 2220/2367/2229
f 2209/2355/2217 2210/2356/2218 2222/2369/2231 2221/2368/2230
f 2210/2356/2218 2441/2357/2219 2442/2370/2232 2222/2369/2231
f 2211/2359/2221 2212/2358/2220 2224/2371/2233 2223/2372/2234
f 2212/2358/2220 2213/2360/2222 2225/2373/2235 2224/2371/2233
f 2213/2360/2222 2214/2361/2223 2226/2374/2236 2225/2373/2235
f 2214/2361/2223 2215/2362/2224 2227/2375/2237 2226/2374/2236
f 2215/2362/2224 2216/2363/2225 2228/2376/2238 2227/2375/2237
f 2216/2363/2225 2217/2364/2226 2229/2377/2239 2228/2376/2238
f 2217/2364/2226 2218/2365/2227 2230/2378/2240 2229/2377/2239
f 2218/2365/2227 2219/2366/2228 2231/2379/2241 2230/2378/2240
f 2219/2366/2228 2220/2367/2229 2232/2380/2242 2231/2379/2241
f 2220/2367/2229 2221/2368/2230 2233/2381/2243 2232/2380/2242
f 2221/2368/2230 2222/2369/2231 2234/2382/2244 2233/2381/2243
f 2222/2369/2231 2442/2370/2232 2443/2383/2245 2234/2382/2244
f 2223/2372/2234 2224/2371/2233 2236/2384/2246 2235/2385/2247
f 2224/2371/2233 2225/2373/2235 2237/2386/2248 2236/2384/2246
f 2225/2373/2235 2226/2374/2236 2238/2387/2249 2237/2386/2248
f 2226/2374/2236 2227/2375/2237 2239/2388/2250 2238/2387/2249
f 2227/2375/2237 2228/2376/2238 2240/2389/2251 2239/2388/2250
f 2228/2376/2238 2229/2377/2239 2241/2390/2252 2240/2389/2251
f 2229/2377/2239 2230/2378/2240 2242/2391/2253 2241/2390/2252
f 2230/2378/2240 2231/2379/2241 2243/2392/2254 2242/2391/2253
f 2231/2379/2241 2232/2380/2242 2244/2393/2255 2243/2392/2254
f 2232/2380/2242 2233/2381/2243 2245/2394/2256 2244/2393/2255
f 2233/2381/2243 2234/2382/2244 2246/2395/2257 2245/2394/2256
f 2234/2382/2244 2443/2383/2245 2444/2396/2258 2246/2395/2257
f 2235/2385/2247 2236/2384/2246 2248/2397/2259 2247/2398/2260
f 2236/2384/2246 2237/2386/2248 2249/2399/2261 2248/2397/2259
f 2237/2386/2248 2238/2387/2249 2250/2400/2262 2249/2399/2261
f 2238/2387/2249 2239/2388/2250 2251/2401/2263 2250/2400/2262
f 2239/2388/2250 2240/2389/2251 2252/2402/2264 2251/2401/2263
f 2240/2389/2251 2241/2390/2252 2253/2403/2265 2252/2402/2264
f 2241/2390/2252 2242/2391/2253 2254/2404/2266 2253/2403/2265
f 2242/2391/2253 2243/2392/2254 2255/2405/2267 2254/2404/2266
f 2243/2392/2254 2244/2393/2255 2256/2406/2268 2255/2405/2267
f 2244/2393/2255 2245/2394/2256 2257/2407/2269 2256/2406/2268
f 2245/2394/2256 2246/2395/2257 2258/2408/2270 2257/2407/2269
f 2246/2395/2257 2444/2396/2258 2445/2409/2271 2258/2408/2270
f 2247/2398/2260 2248/2397/2259 2260/2410/2272 2259/2411/2273
f 2248/2397/2259 2249/2399/2261 2261/2412/2274 2260/2410/2272
f 2249/2399/2261 2250/2400/2262 2262/2413/2275 2261/2412/2274
f 2250/2400/2262 2251/2401/2263 2263/2414/2276 2262/2413/2275
f 2251/2401/2263 2252/2402/2264 2264/2415/2277 2263/2414/2276
f 2252/2402/2264 2253/2403/2265 2265/2416/2278 2264/2415/2277
f 2253/2403/2265 2254/2404/2266 2266/2417/2279 2265/2416/2278
f 2254/2404/2266 2255/2405/2267 2267/2418/2280 2266/2417/2279
f 2255/2405/2267 2256/2406/2268 2268/2419/2281 2267/2418/2280
f 2256/2406/2268 2257/2407/2269 2269/2420/2282 2268/2419/2281
f 2257/2407/2269 2258/2408/2270 2270/2421/2283 2269/2420/2282
f 2258/2408/2270 2445/2409/2271 2446/2422/2284 2270/2421/2283
f 2259/2411/2273 2260/2410/2272 2272/2423/2285 2271/2424/2286
f 2260/2410/2272 2261/2412/2274 2273/2425/2287 2272/2423/2285
f 2261/2412/2274 2262/2413/2275 2274/2426/2288 2273/2425/2287
f 2262/2413/2275 2263/2414/2276 2275/2427/2289 2274/2426/2288
f 2263/2414/2276 2264/2415/2277 2276/2428/2290 2275/2427/2289
f 2264/2415/2277 2265/2416/2278 2277/2429/2291 2276/2428/2290
f 2265/2416/2278 2266/2417/2279 2278/2430/2292 2277/2429/2291
f 2266/2417/2279 2267/2418/2280 2279/2431/2293 2278/2430/2292
f 2267/2418/2280 2268/2419/2281 2280/2432/2294 2279/2431/2293
f 2268/2419/2281 2269/2420/2282 2281/2433/2295 2280/2432/2294
f 2269/2420/2282 2270/2421/2283 2282/2434/2296 2281/2433/2295
f 2270/2421/2283 2446/2422/2284 2447/2435/2297 2282/2434/2296
f 2271/2424/2286 2272/2423/2285 2284/2436/2298 2283/2437/2299
f 2272/2423/2285 2273/2425/2287 2285/2438/2300 2284/2436/2298
f 2273/2425/2287 2274/2426/2288 2286/2439/2301 2285/2438/2300
f 2274/2426/2288 2275/2427/2289 2287/2440/2302 2286/2439/2301
f 2275/2427/2289 2276/2428/2290 2288/2441/2303 2287/2440/2302
f 2276/2428/2290 2277/2429/2291 2289/2442/2304 2288/2441/2303
f 2277/2429/2291 2278/2430/2292 2290/2443/2305 2289/2442/2304
f 2278/2430/2292 2279/2431/2293 2291/2444/2306 2290/2443/2305
f 2279/2431/2293 2280/2432/2294 2292/2445/2307 2291/2444/2306
f 2280/2432/2294 2281/2433/2295 2293/2446/2308 2292/2445/2307
f 2281/2433/2295 2282/2434/2296 2294/2447/2309 2293/2446/2308
f 2282/2434/2296 2447/2435/2297 2448/2448/2310 2294/2447/2309
f 2283/2437/2299 2284/2436/2298 2296/2449/2311 2295/2450/2312
f 2284/2436/2298 2285/2438/2300 2297/2451/2313 2296/2449/2311
f 2285/2438/2300 2286/2439/2301 2298/2452/2314 2297/2451/2313
f 2286/2439/2301 2287/2440/2302 2299/2453/2315 2298/2452/2314
f 2287/2440/2302 2288/2441/2303 2300/2454/2316 2299/2453/2315
f 2288/2441/2303 2289/2442/2304 2301/2455/2317 2300/2454/2316
f 2289/2442/2304 2290/2443/2305 2302/2456/2318 2301/2455/2317
f 2290/2443/2305 2291/2444/2306 2303/2457/2319 2302/2456/2318
f 2291/2444/2306 2292/2445/2307 2304/2458/2320 2303/2457/2319
f 2292/2445/2307 2293/2446/2308 2305/2459/2321 2304/2458/2320
f 2293/2446/2308 2294/2447/2309 2306/2460/2322 2305/2459/2321
f 2294/2447/2309 2448/2448/2310 2449/2461/2323 2306/2460/2322
f 2162/2/2 2307/2462/2324 2319/2463/2325 2318/2464/2326
f 2307/2462/2324 2308/2465/2327 2320/2466/2328 2319/2463/2325
f 2308/2465/2327 2309/2467/2329 2321/2468/2330 2320/2466/2328
f 2309/2467/2329 2310/2469/2331 2322/2470/2332 2321/2468/2330
f 2310/2469/2331 2311/2471/2333 2323/2472/2334 2322/2470/2332
f 2311/2471/2333 2312/2473/2335 2324/2474/2336 2323/2472/2334
f 2312/2473/2335 2313/2475/2337 2325/2476/2338 2324/2474/2336
f 2313/2475/2337 2314/2477/2339 2326/2478/2340 2325/2476/2338
f 2314/2477/2339 2315/2479/2341 2327/2480/2342 2326/2478/2340
f 2315/2479/2341 2316/2481/2343 2328/2482/2344 2327/2480/2342
f 2316/2481/2343 2317/2483/2345 2329/2484/2346 2328/2482/2344
f 2317/2483/2345 2581/2485/2347 2582/2486/2348 2329/2484/2346
f 2318/2464/2326 2319/2463/2325 2331/2487/2349 2330/2488/2350
f 2319/2463/2325 2320/2466/2328 2332/2489/2351 2331/2487/2349
f 2320/2466/2328 2321/2468/2330 2333/2490/2352 2332/2489/2351
f 2321/2468/2330 2322/2470/2332 2334/2491/2353 2333/2490/2352
f 2322/2470/2332 2323/2472/2334 2335/2492/2354 2334/2491/2353
f 2323/2472/2334 2324/2474/2336 2336/2493/2355 2335/2492/2354
f 2324/2474/2336 2325/2476/2338 2337/2494/2356 2336/2493/2355
f 2325/2476/2338 2326/2478/2340 2338/2495/2357 2337/2494/2356
f 2326/2478/2340 2327/2480/2342 2339/2496/2358 2338/2495/2357
f 2327/2480/2342 2328/2482/2344 2340/2497/2359 2339/2496/2358
f 2328/2482/2344 2329/2484/2346 2341/2498/2360 2340/2497/2359
f 2329/2484/2346 2582/2486/2348 2583/2499/2361 2341/2498/2360
f 2330/2488/2350 2331/2487/2349 2343/2500/2362 2342/2501/2363
f 2331/2487/2349 2332/2489/2351 2344/2502/2364 2343/2500/2362
f 2332/2489/2351 2333/2490/2352 2345/2503/2365 2344/2502/2364
f 2333/2490/2352 2334/2491/2353 2346/2504/2366 2345/2503/2365
f 2334/2491/2353 2335/2492/2354 2347/2505/2367 2346/2504/2366
f 2335/2492/2354 2336/2493/2355 2348/2506/2368 2347/2505/2367
f 2336/2493/2355 2337/2494/2356 2349/2507/2369 2348/2506/2368
f 2337/2494/2356 2338/2495/2357 2350/2508/2370 2349/2507/2369
f 2338/2495/2357 2339/2496/2358 2351/2509/2371 2350/2508/2370
f 2339/2496/2358 2340/2497/2359 2352/2510/2372 2351/2509/2371
f 2340/2497/2359 2341/2498/2360 2353/2511/2373 2352/2510/2372
f 2341/2498/2360 2583/2499/2361 2584/2512/2374 2353/2511/2373
f 2342/2501/2363 2343/2500/2362 2355/2513/2375 2354/2514/2376
f 2343/2500/2362 2344/2502/2364 2356/2515/2377 2355/2513/2375
f 2344/2502/2364 2345/2503/2365 2357/2516/2378 2356/2515/2377
f 2345/2503/2365 2346/2504/2366 2358/2517/2379 2357/2516/2378
f 2346/2504/2366 2347/2505/2367 2359/2518/2380 2358/2517/2379
f 2347/2505/2367 2348/2506/2368 2360/2519/2381 2359/2518/2380
f 2348/2506/2368 2349/2507/2369 2361/2520/2382 2360/2519/2381
f 2349/2507/2369 2350/2508/2370 2362/2521/2383 2361/2520/2382
f 2350/2508/2370 2351/2509/2371 2363/2522/2384 2362/2521/2383
f 2351/2509/2371 2352/2510/2372 2364/2523/2385 2363/2522/2384
f 2352/2510/2372 2353/2511/2373 2365/2524/2386 2364/2523/2385
f 2353/2511/2373 2584/2512/2374 2585/2525/2387 2365/2524/2386
f 2354/2514/2376 2355/2513/2375 2367/2526/2388 2366/2527/2389
f 2355/2513/2375 2356/2515/2377 2368/2528/2390 2367/2526/2388
f 2356/2515/2377 2357/2516/2378 2369/2529/2391 2368/2528/2390
f 2357/2516/2378 2358/2517/2379 2370/2530/2392 2369/2529/2391
f 2358/2517/2379 2359/2518/2380 2371/2531/2393 2370/2530/2392
f 2359/2518/2380 2360/2519/2381 2372/2532/2394 2371/2531/2393
f 2360/2519/2381 2361/2520/2382 2373/2533/2395 2372/2532/2394
f 2361/2520/2382 2362/2521/2383 2374/2534/2396 2373/2533/2395
f 2362/2521/2383 2363/2522/2384 2375/2535/2397 2374/2534/2396
f 2363/2522/2384 2364/2523/2385 2376/2536/2398 2375/2535/2397
f 2364/2523/2385 2365/2524/2386 2377/2537/2399 2376/2536/2398
f 2365/2524/2386 2585/2525/2387 2586/2538/2400 2377/2537/2399
f 2366/2527/2389 2367/2526/2388 2379/2539/2401 2378/2540/2402
f 2367/2526/2388 2368/2528/2390 2380/2541/2403 2379/2539/2401
f 2368/2528/2390 2369/2529/2391 2381/2542/2404 2380/2541/2403
f 2369/2529/2391 2370/2530/2392 2382/2543/2405 2381/2542/2404
f 2370/2530/2392 2371/2531/2393 2383/2544/2406 2382/2543/2405
f 2371/2531/2393 2372/2532/2394 2384/2545/2407 2383/2544/2406
f 2372/2532/2394 2373/2533/2395 2385/2546/2408 2384/2545/2407
f 2373/2533/2395 2374/2534/2396 2386/2547/2409 2385/2546/2408
f 2374/2534/2396 2375/2535/2397 2387/2548/2410 2386/2547/2409
f 2375/2535/2397 2376/2536/2398 2388/2549/2411 2387/2548/2410
f 2376/2536/2398 2377/2537/2399 2389/2550/2412 2388/2549/2411
f 2377/2537/2399 2586/2538/2400 2587/2551/2413 2389/2550/2412
f 2378/2540/2402 2379/2539/2401 2391/2552/2414 2390/2553/2415
f 2379/2539/2401 2380/2541/2403 2392/2554/2416 2391/2552/2414
f 2380/2541/2403 2381/2542/2404 2393/2555/2417 2392/2554/2416
f 2381/2542/2404 2382/2543/2405 2394/2556/2418 2393/2555/2417
f 2382/2543/2405 2383/2544/2406 2395/2557/2419 2394/2556/2418
f 2383/2544/2406 2384/2545/2407 2396/2558/2420 2395/2557/2419
f 2384/2545/2407 2385/2546/2408 2397/2559/2421 2396/2558/2420
f 2385/2546/2408 2386/2547/2409 2398/2560/2422 2397/2559/2421
f 2386/2547/2409 2387/2548/2410 2399/2561/2423 2398/2560/2422
f 2387/2548/2410 2388/2549/2411 2400/2562/2424 2399/2561/2423
f 2388/2549/2411 2389/2550/2412 2401/2563/2425 2400/2562/2424
f 2389/2550/2412 2587/2551/2413 2588/2564/2426 2401/2563/2425
f 2390/2553/2415 2391/2552/2414 2403/2565/2427 2402/2566/2428
f 2391/2552/2414 2392/2554/2416 2404/2567/2429 2403/2565/2427
f 2392/2554/2416 2393/2555/2417 2405/2568/2430 2404/2567/2429
f 2393/2555/2417 2394/2556/2418 2406/2569/2431 2405/2568/2430
f 2394/2556/2418 2395/2557/2419 2407/2570/2432 2406/2569/2431
f 2395/2557/2419 2396/2558/2420 2408/2571/2433 2407/2570/2432
f 2396/2558/2420 2397/2559/2421 2409/2572/2434 2408/2571/2433
f 2397/2559/2421 2398/2560/2422 2410/2573/2435 2409/2572/2434
f 2398/2560/2422 2399/2561/2423 2411/2574/2436 2410/2573/2435
f 2399/2561/2423 2400/2562/2424 2412/2575/2437 2411/2574/2436
f 2400/2562/2424 2401/2563/2425 2413/2576/2438 2412/2575/2437
f 2401/2563/2425 2588/2564/2426 2589/2577/2439 2413/2576/2438
f 2402/2566/2428 2403/2565/2427 2415/2578/2440 2414/2579/2441
f 2403/2565/2427 2404/2567/2429 2416/2580/2442 2415/2578/2440
f 2404/2567/2429 2405/2568/2430 2417/2581/2443 2416/2580/2442
f 2405/2568/2430 2406/2569/2431 2418/2582/2444 2417/2581/2443
f 2406/2569/2431 2407/2570/2432 2419/2583/2445 2418/2582/2444
f 2407/2570/2432 2408/2571/2433 2420/2584/2446 2419/2583/2445
f 2408/2571/2433 2409/2572/2434 2421/2585/2447 2420/2584/2446
f 2409/2572/2434 2410/2573/2435 2422/2586/2448 2421/2585/2447
f 2410/2573/2435 2411/2574/2436 2423/2587/2449 2422/2586/2448
f 2411/2574/2436 2412/2575/2437 2424/2588/2450 2423/2587/2449
f 2412/2575/2437 2413/2576/2438 2425/2589/2451 2424/2588/2450
f 2413/2576/2438 2589/2577/2439 2590/2590/2452 2425/2589/2451
f 2414/2579/2441 2415/2578/2440 2427/2591/2453 2426/2592/2454
f 2415/2578/2440 2416/2580/2442 2428/2593/2455 2427/2591/2453
f 2416/2580/2442 2417/2581/2443 2429/2594/2456 2428/2593/2455
f 2417/2581/2443 2418/2582/2444 2430/2595/2457 2429/2594/2456
f 2418/2582/2444 2419/2583/2445 2431/2596/2458 2430/2595/2457
f 2419/2583/2445 2420/2584/2446 2432/2597/2459 2431/2596/2458
f 2420/2584/2446 2421/2585/2447 2433/2598/2460 2432/2597/2459
f 2421/2585/2447 2422/2586/2448 2434/2599/2461 2433/2598/2460
f 2422/2586/2448 2423/2587/2449 2435/2600/2462 2434/2599/2461
f 2423/2587/2449 2424/2588/2450 2436/2601/2463 2435/2600/2462
f 2424/2588/2450 2425/2589/2451 2437/2602/2464 2436/2601/2463
f 2425/2589/2451 2590/2590/2452 2591/2603/2465 2437/2602/2464
f 2426/2592/2454 2427/2591/2453 2439/2604/2193 2438/2605/2192
f 2427/2591/2453 2428/2593/2455 2440/2606/2206 2439/2604/2193
f 2428/2593/2455 2429/2594/2456 2441/2607/2219 2440/2606/2206
f 2429/2594/2456 2430/2595/2457 2442/2608/2232 2441/2607/2219
f 2430/2595/2457 2431/2596/2458 2443/2609/2245 2442/2608/2232
f 2431/2596/2458 2432/2597/2459 2444/2610/2258 2443/2609/2245
f 2432/2597/2459 2433/2598/2460 2445/2611/2271 2444/2610/2258
f 2433/2598/2460 2434/2599/2461 2446/2612/2284 2445/2611/2271
f 2434/2599/2461 2435/2600/2462 2447/2613/2297 2446/2612/2284
f 2435/2600/2462 2436/2601/2463 2448/2614/2310 2447/2613/2297
f 2436/2601/2463 2437/2602/2464 2449/2615/2323 2448/2614/2310
f 2437/2602/2464 2591/2603/2465 2592/2616/2466 2449/2615/2323
f 2163/7/7 2450/2617/2467 2462/2618/2468 2461/2619/2469
f 2450/2617/2467 2451/2620/2470 2463/2621/2471 2462/2618/2468
f 2451/2620/2470 2452/2622/2472 2464/2623/2473 2463/2621/2471
f 2452/2622/2472 2453/2624/2474 2465/2625/2475 2464/2623/2473
f 2453/2624/2474 2454/2626/2476 2466/2627/2477 2465/2625/2475
f 2454/2626/2476 2455/2628/2478 2467/2629/2479 2466/2627/2477
f 2455/2628/2478 2456/2630/2480 2468/2631/2481 2467/2629/2479
f 2456/2630/2480 2457/2632/2482 2469/2633/2483 2468/2631/2481
f 2457/2632/2482 2458/2634/2484 2470/2635/2485 2469/2633/2483
f 2458/2634/2484 2459/2636/2486 2471/2637/2487 2470/2635/2485
f 2459/2636/2486 2460/2638/2488 2472/2639/2489 2471/2637/2487
f 2460/2638/2488 2295/2450/2312 2296/2449/2311 2472/2639/2489
f 2461/2619/2469 2462/2618/2468 2474/2640/2490 2473/2641/2491
f 2462/2618/2468 2463/2621/2471 2475/2642/2492 2474/2640/2490
f 2463/2621/2471 2464/2623/2473 2476/2643/2493 2475/2642/2492
f 2464/2623/2473 2465/2625/2475 2477/2644/2494 2476/2643/2493
f 2465/2625/2475 2466/2627/2477 2478/2645/2495 2477/2644/2494
f 2466/2627/2477 2467/2629/2479 2479/2646/2496 2478/2645/2495
f 2467/2629/2479 2468/2631/2481 2480/2647/2497 2479/2646/2496
f 2468/2631/2481 2469/2633/2483 2481/2648/2498 2480/2647/2497
f 2469/2633/2483 2470/2635/2485 2482/2649/2499 2481/2648/2498
f 2470/2635/2485 2471/2637/2487 2483/2650/2500 2482/2649/2499
f 2471/2637/2487 2472/2639/2489 2484/2651/2501 2483/2650/2500
f 2472/2639/2489 2296/2449/2311 2297/2451/2313 2484/2651/2501
f 2473/2641/2491 2474/2640/2490 2486/2652/2502 2485/2653/2503
f 2474/2640/2490 2475/2642/2492 2487/2654/2504 2486/2652/2502
f 2475/2642/2492 2476/2643/2493 2488/2655/2505 2487/2654/2504
f 2476/2643/2493 2477/2644/2494 2489/2656/2506 2488/2655/2505
f 2477/2644/2494 2478/2645/2495 2490/2657/2507 2489/2656/2506
f 2478/2645/2495 2479/2646/2496 2491/2658/2508 2490/2657/2507
f 2479/2646/2496 2480/2647/2497 2492/2659/2509 2491/2658/2508
f 2480/2647/2497 2481/2648/2498 2493/2660/2510 2492/2659/2509
f 2481/2648/2498 2482/2649/2499 2494/2661/2511 2493/2660/2510
f 2482/2649/2499 2483/2650/2500 2495/2662/2512 2494/2661/2511
f 2483/2650/2500 2484/2651/2501 2496/2663/2513 2495/2662/2512
f 2484/2651/2501 2297/2451/2313 2298/2452/2314 2496/2663/2513
f 2485/2653/2503 2486/2652/2502 2498/2664/2514 2497/2665/2515
f 2486/2652/2502 2487/2654/2504 2499/2666/2516 2498/2664/2514
f 2487/2654/2504 2488/2655/2505 2500/2667/2517 2499/2666/2516
f 2488/2655/2505 2489/2656/2506 2501/2668/2518 2500/2667/2517
f 2489/2656/2506 2490/2657/2507 2502/2669/2519 2501/2668/2518
f 2490/2657/2507 2491/2658/2508 2503/2670/2520 2502/2669/2519
f 2491/2658/2508 2492/2659/2509 2504/2671/2521 2503/2670/2520
f 2492/2659/2509 2493/2660/2510 2505/2672/2522 2504/2671/2521
f 2493/2660/2510 2494/2661/2511 2506/2673/2523 2505/2672/2522
f 2494/2661/2511 2495/2662/2512 2507/2674/2524 2506/2673/2523
f 2495/2662/2512 2496/2663/2513 2508/2675/2525 2507/2674/2524
f 2496/2663/2513 2298/2452/2314 2299/2453/2315 2508/2675/2525
f 2497/2665/2515 2498/2664/2514 2510/2676/2526 2509/2677/2527
f 2498/2664/2514 2499/2666/2516 2511/2678/2528 2510/2676/2526
f 2499/2666/2516 2500/2667/2517 2512/2679/2529 2511/2678/2528
f 2500/2667/2517 2501/2668/2518 2513/2680/2530 2512/2679/2529
f 2501/2668/2518 2502/2669/2519 2514/2681/2531 2513/2680/2530
f 2502/2669/2519 2503/2670/2520 2515/2682/2532 2514/2681/2531
f 2503/2670/2520 2504/2671/2521 2516/2683/2533 2515/2682/2532
f 2504/2671/2521 2505/2672/2522 2517/2684/2534 2516/2683/2533
f 2505/2672/2522 2506/2673/2523 2518/2685/2535 2517/2684/2534
f 2506/2673/2523 2507/2674/2524 2519/2686/2536 2518/2685/2535
f 2507/2674/2524 2508/2675/2525 2520/2687/2537 2519/2686/2536
f 2508/2675/2525 2299/2453/2315 2300/2454/2316 2520/2687/2537
f 2509/2677/2527 2510/2676/2526 2522/2688/2538 2521/2689/2539
f 2510/2676/2526 2511/2678/2528 2523/2690/2540 2522/2688/2538
f 2511/2678/2528 2512/2679/2529 2524/2691/2541 2523/2690/2540
f 2512/2679/2529 2513/2680/2530 2525/2692/2542 2524/2691/2541
f 2513/2680/2530 2514/2681/2531 2526/2693/2543 2525/2692/2542
f 2514/2681/2531 2515/2682/2532 2527/2694/2544 2526/2693/2543
f 2515/2682/2532 2516/2683/2533 2528/2695/2545 2527/2694/2544
f 2516/2683/2533 2517/2684/2534 2529/2696/2546 2528/2695/2545
f 2517/2684/2534 2518/2685/2535 2530/2697/2547 2529/2696/2546
f 2518/2685/2535 2519/2686/2536 2531/2698/2548 2530/2697/2547
f 2519/2686/2536 2520/2687/2537 2532/2699/2549 2531/2698/2548
f 2520/2687/2537 2300/2454/2316 2301/2455/2317 2532/2699/2549
f 2521/2689/2539 2522/2688/2538 2534/2700/2550 2533/2701/2551
f 2522/2688/2538 2523/2690/2540 2535/2702/2552 2534/2700/2550
f 2523/2690/2540 2524/2691/2541 2536/2703/2553 2535/2702/2552
f 2524/2691/2541 2525/2692/2542 2537/2704/2554 2536/2703/2553
f 2525/2692/2542 2526/2693/2543 2538/2705/2555 2537/2704/2554
f 2526/2693/2543 2527/2694/2544 2539/2706/2556 2538/2705/2555
f 2527/2694/2544 2528/2695/2545 2540/2707/2557 2539/2706/2556
f 2528/2695/2545 2529/2696/2546 2541/2708/2558 2540/2707/2557
f 2529/2696/2546 2530/2697/2547 2542/2709/2559 2541/2708/2558
f 2530/2697/2547 2531/2698/2548 2543/2710/2560 2542/2709/2559
f 2531/2698/2548 2532/2699/2549 2544/2711/2561 2543/2710/2560
f 2532/2699/2549 2301/2455/2317 2302/2456/2318 2544/2711/2561
f 2533/2701/2551 2534/2700/2550 2546/2712/2562 2545/2713/2563
f 2534/2700/2550 2535/2702/2552 2547/2714/2564 2546/2712/2562
f 2535/2702/2552 2536/2703/2553 2548/2715/2565 2547/2714/2564
f 2536/2703/2553 2537/2704/2554 2549/2716/2566 2548/2715/2565
f 2537/2704/2554 2538/2705/2555 2550/2717/2567 2549/2716/2566
f 2538/2705/2555 2539/2706/2556 2551/2718/2568 2550/2717/2567
f 2539/2706/2556 2540/2707/2557 2552/2719/2569 2551/2718/2568
f 2540/2707/2557 2541/2708/2558 2553/2720/2570 2552/2719/2569
f 2541/2708/2558 2542/2709/2559 2554/2721/2571 2553/2720/2570
f 2542/2709/2559 2543/2710/2560 2555/2722/2572 2554/2721/2571
f 2543/2710/2560 2544/2711/2561 2556/2723/2573 2555/2722/2572
f 2544/2711/2561 2302/2456/2318 2303/2457/2319 2556/2723/2573
f 2545/2713/2563 2546/2712/2562 2558/2724/2574 2557/2725/2575
f 2546/2712/2562 2547/2714/2564 2559/2726/2576 2558/2724/2574
f 2547/2714/2564 2548/2715/2565 2560/2727/2577 2559/2726/2576
f 2548/2715/2565 2549/2716/2566 2561/2728/2578 2560/2727/2577
f 2549/2716/2566 2550/2717/2567 2562/2729/2579 2561/2728/2578
f 2550/2717/2567 2551/2718/2568 2563/2730/2580 2562/2729/2579
f 2551/2718/2568 2552/2719/2569 2564/2731/2581 2563/2730/2580
f 2552/2719/2569 2553/2720/2570 2565/2732/2582 2564/2731/2581
f 2553/2720/2570 2554/2721/2571 2566/2733/2583 2565/2732/2582
f 2554/2721/2571 2555/2722/2572 2567/2734/2584 2566/2733/2583
f 2555/2722/2572 2556/2723/2573 2568/2735/2585 2567/2734/2584
f 2556/2723/2573 2303/2457/2319 2304/2458/2320 2568/2735/2585
f 2557/2725/2575 2558/2724/2574 2570/2736/2586 2569/2737/2587
f 2558/2724/2574 2559/2726/2576 2571/2738/2588 2570/2736/2586
f 2559/2726/2576 2560/2727/2577 2572/2739/2589 2571/2738/2588
f 2560/2727/2577 2561/2728/2578 2573/2740/2590 2572/2739/2589
f 2561/2728/2578 2562/2729/2579 2574/2741/2591 2573/2740/2590
f 2562/2729/2579 2563/2730/2580 2575/2742/2592 2574/2741/2591
f 2563/2730/2580 2564/2731/2581 2576/2743/2593 2575/2742/2592
f 2564/2731/2581 2565/2732/2582 2577/2744/2594 2576/2743/2593
f 2565/2732/2582 2566/2733/2583 2578/2745/2595 2577/2744/2594
f 2566/2733/2583 2567/2734/2584 2579/2746/2596 2578/2745/2595
f 2567/2734/2584 2568/2735/2585 2580/2747/2597 2579/2746/2596
f 2568/2735/2585 2304/2458/2320 2305/2459/2321 2580/2747/2597
f 2569/2737/2587 2570/2736/2586 2582/2486/2348 2581/2485/2347
f 2570/2736/2586 2571/2738/2588 2583/2499/2361 2582/2486/2348
f 2571/2738/2588 2572/2739/2589 2584/2512/2374 2583/2499/2361
f 2572/2739/2589 2573/2740/2590 2585/2525/2387 2584/2512/2374
f 2573/2740/2590 2574/2741/2591 2586/2538/2400 2585/2525/2387
f 2574/2741/2591 2575/2742/2592 2587/2551/2413 2586/2538/2400
f 2575/2742/2592 2576/2743/2593 2588/2564/2426 2587/2551/2413
f 2576/2743/2593 2577/2744/2594 2589/2577/2439 2588/2564/2426
f 2577/2744/2594 2578/2745/2595 2590/2590/2452 2589/2577/2439
f 2578/2745/2595 2579/2746/2596 2591/2603/2465 2590/2590/2452
f 2579/2746/2596 2580/2747/2597 2592/2616/2466 2591/2603/2465
f 2580/2747/2597 2305/2459/2321 2306/2460/2322 2592/2616/2466
f 2306/2460/2322 2449/2461/2323 2592/2748/2466
f 2593/2749/2598 2596/2750/2599 2608/2751/2600 2607/2752/2601
f 2596/2750/2599 2597/2753/2602 2609/2754/2603 2608/2751/2600
f 2597/2753/2602 2598/2755/2604 2610/2756/2605 2609/2754/2603
f 2598/2755/2604 2599/2757/2606 2611/2758/2607 2610/2756/2605
f 2599/2757/2606 2600/2759/2608 2612/2760/2609 2611/2758/2607
f 2600/2759/2608 2601/2761/2610 2613/2762/2611 2612/2760/2609
f 2601/2761/2610 2602/2763/2612 2614/2764/2613 2613/2762/2611
f 2602/2763/2612 2603/2765/2614 2615/2766/2615 2614/2764/2613
f 2603/2765/2614 2604/2767/2616 2616/2768/2617 2615/2766/2615
f 2604/2767/2616 2605/2769/2618 2617/2770/2619 2616/2768/2617
f 2605/2769/2618 2606/2771/2620 2618/2772/2621 2617/2770/2619
f 2606/2771/2620 2870/2773/2622 2871/2774/2623 2618/2772/2621
f 2607/2752/2601 2608/2751/2600 2620/2775/2624 2619/2776/2625
f 2608/2751/2600 2609/2754/2603 2621/2777/2626 2620/2775/2624
f 2609/2754/2603 2610/2756/2605 2622/2778/2627 2621/2777/2626
f 2610/2756/2605 2611/2758/2607 2623/2779/2628 2622/2778/2627
f 2611/2758/2607 2612/2760/2609 2624/2780/2629 2623/2779/2628
f 2612/2760/2609 2613/2762/2611 2625/2781/2630 2624/2780/2629
f 2613/2762/2611 2614/2764/2613 2626/2782/2631 2625/2781/2630
f 2614/2764/2613 2615/2766/2615 2627/2783/2632 2626/2782/2631
f 2615/2766/2615 2616/2768/2617 2628/2784/2633 2627/2783/2632
f 2616/2768/2617 2617/2770/2619 2629/2785/2634 2628/2784/2633
f 2617/2770/2619 2618/2772/2621 2630/2786/2635 2629/2785/2634
f 2618/2772/2621 2871/2774/2623 2872/2787/2636 2630/2786/2635
f 2619/2776/2625 2620/2775/2624 2632/2788/2637 2631/2789/2638
f 2620/2775/2624 2621/2777/2626 2633/2790/2639 2632/2788/2637
f 2621/2777/2626 2622/2778/2627 2634/2791/2640 2633/2790/2639
f 2622/2778/2627 2623/2779/2628 2635/2792/2641 2634/2791/2640
f 2623/2779/2628 2624/2780/2629 2636/2793/2642 2635/2792/2641
f 2624/2780/2629 2625/2781/2630 2637/2794/2643 2636/2793/2642
f 2625/2781/2630 2626/2782/2631 2638/2795/2644 2637/2794/2643
f 2626/2782/2631 2627/2783/2632 2639/2796/2645 2638/2795/2644
f 2627/2783/2632 2628/2784/2633 2640/2797/2646 2639/2796/2645
f 2628/2784/2633 2629/2785/2634 2641/2798/2647 2640/2797/2646
f 2629/2785/2634 2630/2786/2635 2642/2799/2648 2641/2798/2647
f 2630/2786/2635 2872/2787/2636 2873/2800/2649 2642/2799/2648
f 2631/2789/2638 2632/2788/2637 2644/2801/2650 2643/2802/2651
f 2632/2788/2637 2633/2790/2639 2645/2803/2652 2644/2801/2650
f 2633/2790/2639 2634/2791/2640 2646/2804/2653 2645/2803/2652
f 2634/2791/2640 2635/2792/2641 2647/2805/2654 2646/2804/2653
f 2635/2792/2641 2636/2793/2642 2648/2806/2655 2647/2805/2654
f 2636/2793/2642 2637/2794/2643 2649/2807/2656 2648/2806/2655
f 2637/2794/2643 2638/2795/2644 2650/2808/2657 2649/2807/2656
f 2638/2795/2644 2639/2796/2645 2651/2809/2658 2650/2808/2657
f 2639/2796/2645 2640/2797/2646 2652/2810/2659 2651/2809/2658
f 2640/2797/2646 2641/2798/2647 2653/2811/2660 2652/2810/2659
f 2641/2798/2647 2642/2799/2648 2654/2812/2661 2653/2811/2660
f 2642/2799/2648 2873/2800/2649 2874/2813/2662 2654/2812/2661
f 2643/2802/2651 2644/2801/2650 2656/2814/2663 2655/2815/2664
f 2644/2801/2650 2645/2803/2652 2657/2816/2665 2656/2814/2663
f 2645/2803/2652 2646/2804/2653 2658/2817/2666 2657/2816/2665
f 2646/2804/2653 2647/2805/2654 2659/2818/2667 2658/2817/2666
f 2647/2805/2654 2648/2806/2655 2660/2819/2668 2659/2818/2667
f 2648/2806/2655 2649/2807/2656 2661/2820/2669 2660/2819/2668
f 2649/2807/2656 2650/2808/2657 2662/2821/2670 2661/2820/2669
f 2650/2808/2657 2651/2809/2658 2663/2822/2671 2662/2821/2670
f 2651/2809/2658 2652/2810/2659 2664/2823/2672 2663/2822/2671
f 2652/2810/2659 2653/2811/2660 2665/2824/2673 2664/2823/2672
f 2653/2811/2660 2654/2812/2661 2666/2825/2674 2665/2824/2673
f 2654/2812/2661 2874/2813/2662 2875/2826/2675 2666/2825/2674
f 2655/2815/2664 2656/2814/2663 2668/2827/2676 2667/2828/2677
f 2656/2814/2663 2657/2816/2665 2669/2829/2678 2668/2827/2676
f 2657/2816/2665 2658/2817/2666 2670/2830/2679 2669/2829/2678
f 2658/2817/2666 2659/2818/2667 2671/2831/2680 2670/2830/2679
f 2659/2818/2667 2660/2819/2668 2672/2832/2681 2671/2831/2680
f 2660/2819/2668 2661/2820/2669 2673/2833/2682 2672/2832/2681
f 2661/2820/2669 2662/2821/2670 2674/2834/2683 2673/2833/2682
f 2662/2821/2670 2663/2822/2671 2675/2835/2684 2674/2834/2683
f 2663/2822/2671 2664/2823/2672 2676/2836/2685 2675/2835/2684
f 2664/2823/2672 2665/2824/2673 2677/2837/2686 2676/2836/2685
f 2665/2824/2673 2666/2825/2674 2678/2838/2687 2677/2837/2686
f 2666/2825/2674 2875/2826/2675 2876/2839/2688 2678/2838/2687
f 2667/2828/2677 2668/2827/2676 2680/2840/2689 2679/2841/2690
f 2668/2827/2676 2669/2829/2678 2681/2842/2691 2680/2840/2689
f 2669/2829/2678 2670/2830/2679 2682/2843/2692 2681/2842/2691
f 2670/2830/2679 2671/2831/2680 2683/2844/2693 2682/2843/2692
f 2671/2831/2680 2672/2832/2681 2684/2845/2694 2683/2844/2693
f 2672/2832/2681 2673/2833/2682 2685/2846/2695 2684/2845/2694
f 2673/2833/2682 2674/2834/2683 2686/2847/2696 2685/2846/2695
f 2674/2834/2683 2675/2835/2684 2687/2848/2697 2686/2847/2696
f 2675/2835/2684 2676/2836/2685 2688/2849/2698 2687/2848/2697
f 2676/2836/2685 2677/2837/2686 2689/2850/2699 2688/2849/2698
f 2677/2837/2686 2678/2838/2687 2690/2851/2700 2689/2850/2699
f 2678/2838/2687 2876/2839/2688 2877/2852/2701 2690/2851/2700
f 2679/2841/2690 2680/2840/2689 2692/2853/2702 2691/2854/2703
f 2680/2840/2689 2681/2842/2691 2693/2855/2704 2692/2853/2702
f 2681/2842/2691 2682/2843/2692 2694/2856/2705 2693/2855/2704
f 2682/2843/2692 2683/2844/2693 2695/2857/2706 2694/2856/2705
f 2683/2844/2693 2684/2845/2694 2696/2858/2707 2695/2857/2706
f 2684/2845/2694 2685/2846/2695 2697/2859/2708 2696/2858/2707
f 2685/2846/2695 2686/2847/2696 2698/2860/2709 2697/2859/2708
f 2686/2847/2696 2687/2848/2697 2699/2861/2710 2698/2860/2709
f 2687/2848/2697 2688/2849/2698 2700/2862/2711 2699/2861/2710
f 2688/2849/2698 2689/2850/2699 2701/2863/2712 2700/2862/2711
f 2689/2850/2699 2690/2851/2700 2702/2864/2713 2701/2863/2712
f 2690/2851/2700 2877/2852/2701 2878/2865/2714 2702/2864/2713
f 2691/2854/2703 2692/2853/2702 2704/2866/2715 2703/2867/2716
f 2692/2853/2702 2693/2855/2704 2705/2868/2717 2704/2866/2715
f 2693/2855/2704 2694/2856/2705 2706/2869/2718 2705/2868/2717
f 2694/2856/2705 2695/2857/2706 2707/2870/2719 2706/2869/2718
f 2695/2857/2706 2696/2858/2707 2708/2871/2720 2707/2870/2719
f 2696/2858/2707 2697/2859/2708 2709/2872/2721 2708/2871/2720
f 2697/2859/2708 2698/2860/2709 2710/2873/2722 2709/2872/2721
f 2698/2860/2709 2699/2861/2710 2711/2874/2723 2710/2873/2722
f 2699/2861/2710 2700/2862/2711 2712/2875/2724 2711/2874/2723
f 2700/2862/2711 2701/2863/2712 2713/2876/2725 2712/2875/2724
f 2701/2863/2712 2702/2864/2713 2714/2877/2726 2713/2876/2725
f 2702/2864/2713 2878/2865/2714 2879/2878/2727 2714/2877/2726
f 2703/2867/2716 2704/2866/2715 2716/2879/2728 2715/2880/2729
f 2704/2866/2715 2705/2868/2717 2717/2881/2730 2716/2879/2728
f 2705/2868/2717 2706/2869/2718 2718/2882/2731 2717/2881/2730
f 2706/2869/2718 2707/2870/2719 2719/2883/2732 2718/2882/2731
f 2707/2870/2719 2708/2871/2720 2720/2884/2733 2719/2883/2732
f 2708/2871/2720 2709/2872/2721 2721/2885/2734 2720/2884/2733
f 2709/2872/2721 2710/2873/2722 2722/2886/2735 2721/2885/2734
f 2710/2873/2722 2711/2874/2723 2723/2887/2736 2722/2886/2735
f 2711/2874/2723 2712/2875/2724 2724/2888/2737 2723/2887/2736
f 2712/2875/2724 2713/2876/2725 2725/2889/2738 2724/2888/2737
f 2713/2876/2725 2714/2877/2726 2726/2890/2739 2725/2889/2738
f 2714/2877/2726 2879/2878/2727 2880/2891/2740 2726/2890/2739
f 2715/2880/2729 2716/2879/2728 2728/2892/2741 2727/2893/2742
f 2716/2879/2728 2717/2881/2730 2729/2894/2743 2728/2892/2741
f 2717/2881/2730 2718/2882/2731 2730/2895/2744 2729/2894/2743
f 2718/2882/2731 2719/2883/2732 2731/2896/2745 2730/2895/2744
f 2719/2883/2732 2720/2884/2733 2732/2897/2746 2731/2896/2745
f 2720/2884/2733 2721/2885/2734 2733/2898/2747 2732/2897/2746
f 2721/2885/2734 2722/2886/2735 2734/2899/2748 2733/2898/2747
f 2722/2886/2735 2723/2887/2736 2735/2900/2749 2734/2899/2748
f 2723/2887/2736 2724/2888/2737 2736/2901/2750 2735/2900/2749
f 2724/2888/2737 2725/2889/2738 2737/2902/2751 2736/2901/2750
f 2725/2889/2738 2726/2890/2739 2738/2903/2752 2737/2902/2751
f 2726/2890/2739 2880/2891/2740 2881/2904/2753 2738/2903/2752
f 2594/20/20 2739/2905/2754 2751/2906/2755 2750/2907/2756
f 2739/2905/2754 2740/2908/2757 2752/2909/2758 2751/2906/2755
f 2740/2908/2757 2741/2910/2759 2753/2911/2760 2752/2909/2758
f 2741/2910/2759 2742/2912/2761 2754/2913/2762 2753/2911/2760
f 2742/2912/2761 2743/2914/2763 2755/2915/2764 2754/2913/2762
f 2743/2914/2763 2744/2916/2765 2756/2917/2766 2755/2915/2764
f 2744/2916/2765 2745/2918/2767 2757/2919/2768 2756/2917/2766
f 2745/2918/2767 2746/2920/2769 2758/2921/2770 2757/2919/2768
f 2746/2920/2769 2747/2922/2771 2759/2923/2772 2758/2921/2770
f 2747/2922/2771 2748/2924/2773 2760/2925/2774 2759/2923/2772
f 2748/2924/2773 2749/2926/2775 2761/2927/2776 2760/2925/2774
f 2749/2926/2775 3013/2928/2777 3014/2929/2778 2761/2927/2776
f 2750/2907/2756 2751/2906/2755 2763/2930/2779 2762/2931/2780
f 2751/2906/2755 2752/2909/2758 2764/2932/2781 2763/2930/2779
f 2752/2909/2758 2753/2911/2760 2765/2933/2782 2764/2932/2781
f 2753/2911/2760 2754/2913/2762 2766/2934/2783 2765/2933/2782
f 2754/2913/2762 2755/2915/2764 2767/2935/2784 2766/2934/2783
f 2755/2915/2764 2756/2917/2766 2768/2936/2785 2767/2935/2784
f 2756/2917/2766 2757/2919/2768 2769/2937/2786 2768/2936/2785
f 2757/2919/2768 2758/2921/2770 2770/2938/2787 2769/2937/2786
f 2758/2921/2770 2759/2923/2772 2771/2939/2788 2770/2938/2787
f 2759/2923/2772 2760/2925/2774 2772/2940/2789 2771/2939/2788
f 2760/2925/2774 2761/2927/2776 2773/2941/2790 2772/2940/2789
f 2761/2927/2776 3014/2929/2778 3015/2942/2791 2773/2941/2790
f 2762/2931/2780 2763/2930/2779 2775/2943/2792 2774/2944/2793
f 2763/2930/2779 2764/2932/2781 2776/2945/2794 2775/2943/2792
f 2764/2932/2781 2765/2933/2782 2777/2946/2795 2776/2945/2794
f 2765/2933/2782 2766/2934/2783 2778/2947/2796 2777/2946/2795
f 2766/2934/2783 2767/2935/2784 2779/2948/2797 2778/2947/2796
f 2767/2935/2784 2768/2936/2785 2780/2949/2798 2779/2948/2797
f 2768/2936/2785 2769/2937/2786 2781/2950/2799 2780/2949/2798
f 2769/2937/2786 2770/2938/2787 2782/2951/2800 2781/2950/2799
f 2770/2938/2787 2771/2939/2788 2783/2952/2801 2782/2951/2800
f 2771/2939/2788 2772/2940/2789 2784/2953/2802 2783/2952/2801
f 2772/2940/2789 2773/2941/2790 2785/2954/2803 2784/2953/2802
f 2773/2941/2790 3015/2942/2791 3016/2955/2804 2785/2954/2803
f 2774/2944/2793 2775/2943/2792 2787/2956/2805 2786/2957/2806
f 2775/2943/2792 2776/2945/2794 2788/2958/2807 2787/2956/2805
f 2776/2945/2794 2777/2946/2795 2789/2959/2808 2788/2958/2807
f 2777/2946/2795 2778/2947/2796 2790/2960/2809 2789/2959/2808
f 2778/2947/2796 2779/2948/2797 2791/2961/2810 2790/2960/2809
f 2779/2948/2797 2780/2949/2798 2792/2962/2811 2791/2961/2810
f 2780/2949/2798 2781/2950/2799 2793/2963/2812 2792/2962/2811
f 2781/2950/2799 2782/2951/2800 2794/2964/2813 2793/2963/2812
f 2782/2951/2800 2783/2952/2801 2795/2965/2814 2794/2964/2813
f 2783/2952/2801 2784/2953/2802 2796/2966/2815 2795/2965/2814
f 2784/2953/2802 2785/2954/2803 2797/2967/2816 2796/2966/2815
f 2785/2954/2803 3016/2955/2804 3017/2968/2817 2797/2967/2816
f 2786/2957/2806 2787/2956/2805 2799/2969/2818 2798/2970/2819
f 2787/2956/2805 2788/2958/2807 2800/2971/2820 2799/2969/2818
f 2788/2958/2807 2789/2959/2808 2801/2972/2821 2800/2971/2820
f 2789/2959/2808 2790/2960/2809 2802/2973/2822 2801/2972/2821
f 2790/2960/2809 2791/2961/2810 2803/2974/2823 2802/2973/2822
f 2791/2961/2810 2792/2962/2811 2804/2975/2824 2803/2974/2823
f 2792/2962/2811 2793/2963/2812 2805/2976/2825 2804/2975/2824
f 2793/2963/2812 2794/2964/2813 2806/2977/2826 2805/2976/2825
f 2794/2964/2813 2795/2965/2814 2807/2978/2827 2806/2977/2826
f 2795/2965/2814 2796/2966/2815 2808/2979/2828 2807/2978/2827
f 2796/2966/2815 2797/2967/2816 2809/2980/2829 2808/2979/2828
f 2797/2967/2816 3017/2968/2817 3018/2981/2830 2809/2980/2829
f 2798/2970/2819 2799/2969/2818 2811/2982/2831 2810/2983/2832
f 2799/2969/2818 2800/2971/2820 2812/2984/2833 2811/2982/2831
f 2800/2971/2820 2801/2972/2821 2813/2985/2834 2812/2984/2833
f 2801/2972/2821 2802/2973/2822 2814/2986/2835 2813/2985/2834
f 2802/2973/2822 2803/2974/2823 2815/2987/2836 2814/2986/2835
f 2803/2974/2823 2804/2975/2824 2816/2988/2837 2815/2987/2836
f 2804/2975/2824 2805/2976/2825 2817/2989/2838 2816/2988/2837
f 2805/2976/2825 2806/2977/2826 2818/2990/2839 2817/2989/2838
f 2806/2977/2826 2807/2978/2827 2819/2991/2840 2818/2990/2839
f 2807/2978/2827 2808/2979/2828 2820/2992/2841 2819/2991/2840
f 2808/2979/2828 2809/2980/2829 2821/2993/2842 2820/2992/2841
f 2809/2980/2829 3018/2981/2830 3019/2994/2843 2821/2993/2842
f 2810/2983/2832 2811/2982/2831 2823/2995/2844 2822/2996/2845
f 2811/2982/2831 2812/2984/2833 2824/2997/2846 2823/2995/2844
f 2812/2984/2833 2813/2985/2834 2825/2998/2847 2824/2997/2846
f 2813/2985/2834 2814/2986/2835 2826/2999/2848 2825/2998/2847
f 2814/2986/2835 2815/2987/2836 2827/3000/2849 2826/2999/2848
f 2815/2987/2836 2816/2988/2837 2828/3001/2850 2827/3000/2849
f 2816/2988/2837 2817/2989/2838 2829/3002/2851 2828/3001/2850
f 2817/2989/2838 2818/2990/2839 2830/3003/2852 2829/3002/2851
f 2818/2990/2839 2819/2991/2840 2831/3004/2853 2830/3003/2852
f 2819/2991/2840 2820/2992/2841 2832/3005/2854 2831/3004/2853
f 2820/2992/2841 2821/2993/2842 2833/3006/2855 2832/3005/2854
f 2821/2993/2842 3019/2994/2843 3020/3007/2856 2833/3006/2855
f 2822/2996/2845 2823/2995/2844 2835/3008/2857 2834/3009/2858
f 2823/2995/2844 2824/2997/2846 2836/3010/2859 2835/3008/2857
f 2824/2997/2846 2825/2998/2847 2837/3011/2860 2836/3010/2859
f 2825/2998/2847 2826/2999/2848 2838/3012/2861 2837/3011/2860
f 2826/2999/2848 2827/3000/2849 2839/3013/2862 2838/3012/2861
f 2827/3000/2849 2828/3001/2850 2840/3014/2863 2839/3013/2862
f 2828/3001/2850 2829/3002/2851 2841/3015/2864 2840/3014/2863
f 2829/3002/2851 2830/3003/2852 2842/3016/2865 2841/3015/2864
f 2830/3003/2852 2831/3004/2853 2843/3017/2866 2842/3016/2865
f 2831/3004/2853 2832/3005/2854 2844/3018/2867 2843/3017/2866
f 2832/3005/2854 2833/3006/2855 2845/3019/2868 2844/3018/2867
f 2833/3006/2855 3020/3007/2856 3021/3020/2869 2845/3019/2868
f 2834/3009/2858 2835/3008/2857 2847/3021/2870 2846/3022/2871
f 2835/3008/2857 2836/3010/2859 2848/3023/2872 2847/3021/2870
f 2836/3010/2859 2837/3011/2860 2849/3024/2873 2848/3023/2872
f 2837/3011/2860 2838/3012/2861 2850/3025/2874 2849/3024/2873
f 2838/3012/2861 2839/3013/2862 2851/3026/2875 2850/3025/2874
f 2839/3013/2862 2840/3014/2863 2852/3027/2876 2851/3026/2875
f 2840/3014/2863 2841/3015/2864 2853/3028/2877 2852/3027/2876
f 2841/3015/2864 2842/3016/2865 2854/3029/2878 2853/3028/2877
f 2842/3016/2865 2843/3017/2866 2855/3030/2879 2854/3029/2878
f 2843/3017/2866 2844/3018/2867 2856/3031/2880 2855/3030/2879
f 2844/3018/2867 2845/3019/2868 2857/3032/2881 2856/3031/2880
f 2845/3019/2868 3021/3020/2869 3022/3033/2882 2857/3032/2881
f 2846/3022/2871 2847/3021/2870 2859/3034/2883 2858/3035/2884
f 2847/3021/2870 2848/3023/2872 2860/3036/2885 2859/3034/2883
f 2848/3023/2872 2849/3024/2873 2861/3037/2886 2860/3036/2885
f 2849/3024/2873 2850/3025/2874 2862/3038/2887 2861/3037/2886
f 2850/3025/2874 2851/3026/2875 2863/3039/2888 2862/3038/2887
f 2851/3026/2875 2852/3027/2876 2864/3040/2889 2863/3039/2888
f 2852/3027/2876 2853/3028/2877 2865/3041/2890 2864/3040/2889
f 2853/3028/2877 2854/3029/2878 2866/3042/2891 2865/3041/2890
f 2854/3029/2878 2855/3030/2879 2867/3043/2892 2866/3042/2891
f 2855/3030/2879 2856/3031/2880 2868/3044/2893 2867/3043/2892
f 2856/3031/2880 2857/3032/2881 2869/3045/2894 2868/3044/2893
f 2857/3032/2881 3022/3033/2882 3023/3046/2895 2869/3045/2894
f 2858/3035/2884 2859/3034/2883 2871/3047/2623 2870/3048/2622
f 2859/3034/2883 2860/3036/2885 2872/3049/2636 2871/3047/2623
f 2860/3036/2885 2861/3037/2886 2873/3050/2649 2872/3049/2636
f 2861/3037/2886 2862/3038/2887 2874/3051/2662 2873/3050/2649
f 2862/3038/2887 2863/3039/2888 2875/3052/2675 2874/3051/2662
f 2863/3039/2888 2864/3040/2889 2876/3053/2688 2875/3052/2675
f 2864/3040/2889 2865/3041/2890 2877/3054/2701 2876/3053/2688
f 2865/3041/2890 2866/3042/2891 2878/3055/2714 2877/3054/2701
f 2866/3042/2891 2867/3043/2892 2879/3056/2727 2878/3055/2714
f 2867/3043/2892 2868/3044/2893 2880/3057/2740 2879/3056/2727
f 2868/3044/2893 2869/3045/2894 2881/3058/2753 2880/3057/2740
f 2869/3045/2894 3023/3046/2895 3024/3059/2896 2881/3058/2753
f 2595/5/5 2882/3060/2897 2894/3061/2898 2893/3062/2899
f 2882/3060/2897 2883/3063/2900 2895/3064/2901 2894/3061/2898
f 2883/3063/2900 2884/3065/2902 2896/3066/2903 2895/3064/2901
f 2884/3065/2902 2885/3067/2904 2897/3068/2905 2896/3066/2903
f 2885/3067/2904 2886/3069/2906 2898/3070/2907 2897/3068/2905
f 2886/3069/2906 2887/3071/2908 2899/3072/2909 2898/3070/2907
f 2887/3071/2908 2888/3073/2910 2900/3074/2911 2899/3072/2909
f 2888/3073/2910 2889/3075/2912 2901/3076/2913 2900/3074/2911
f 2889/3075/2912 2890/3077/2914 2902/3078/2915 2901/3076/2913
f 2890/3077/2914 2891/3079/2916 2903/3080/2917 2902/3078/2915
f 2891/3079/2916 2892/3081/2918 2904/3082/2919 2903/3080/2917
f 2892/3081/2918 2727/2893/2742 2728/2892/2741 2904/3082/2919
f 2893/3062/2899 2894/3061/2898 2906/3083/2920 2905/3084/2921
f 2894/3061/2898 2895/3064/2901 2907/3085/2922 2906/3083/2920
f 2895/3064/2901 2896/3066/2903 2908/3086/2923 2907/3085/2922
f 2896/3066/2903 2897/3068/2905 2909/3087/2924 2908/3086/2923
f 2897/3068/2905 2898/3070/2907 2910/3088/2925 2909/3087/2924
f 2898/3070/2907 2899/3072/2909 2911/3089/2926 2910/3088/2925
f 2899/3072/2909 2900/3074/2911 2912/3090/2927 2911/3089/2926
f 2900/3074/2911 2901/3076/2913 2913/3091/2928 2912/3090/2927
f 2901/3076/2913 2902/3078/2915 2914/3092/2929 2913/3091/2928
f 2902/3078/2915 2903/3080/2917 2915/3093/2930 2914/3092/2929
f 2903/3080/2917 2904/3082/2919 2916/3094/2931 2915/3093/2930
f 2904/3082/2919 2728/2892/2741 2729/2894/2743 2916/3094/2931
f 2905/3084/2921 2906/3083/2920 2918/3095/2932 2917/3096/2933
f 2906/3083/2920 2907/3085/2922 2919/3097/2934 2918/3095/2932
f 2907/3085/2922 2908/3086/2923 2920/3098/2935 2919/3097/2934
f 2908/3086/2923 2909/3087/2924 2921/3099/2936 2920/3098/2935
f 2909/3087/2924 2910/3088/2925 2922/3100/2937 2921/3099/2936
f 2910/3088/2925 2911/3089/2926 2923/3101/2938 2922/3100/2937
f 2911/3089/2926 2912/3090/2927 2924/3102/2939 2923/3101/2938
f 2912/3090/2927 2913/3091/2928 2925/3103/2940 2924/3102/2939
f 2913/3091/2928 2914/3092/2929 2926/3104/2941 2925/3103/2940
f 2914/3092/2929 2915/3093/2930 2927/3105/2942 2926/3104/2941
f 2915/3093/2930 2916/3094/2931 2928/3106/2943 2927/3105/2942
f 2916/3094/2931 2729/2894/2743 2730/2895/2744 2928/3106/2943
f 2917/3096/2933 2918/3095/2932 2930/3107/2944 2929/3108/2945
f 2918/3095/2932 2919/3097/2934 2931/3109/2946 2930/3107/2944
f 2919/3097/2934 2920/3098/2935 2932/3110/2947 2931/3109/2946
f 2920/3098/2935 2921/3099/2936 2933/3111/2948 2932/3110/2947
f 2921/3099/2936 2922/3100/2937 2934/3112/2949 2933/3111/2948
f 2922/3100/2937 2923/3101/2938 2935/3113/2950 2934/3112/2949
f 2923/3101/2938 2924/3102/2939 2936/3114/2951 2935/3113/2950
f 2924/3102/2939 2925/3103/2940 2937/3115/2952 2936/3114/2951
f 2925/3103/2940 2926/3104/2941 2938/3116/2953 2937/3115/2952
f 2926/3104/2941 2927/3105/2942 2939/3117/2954 2938/3116/2953
f 2927/3105/2942 2928/3106/2943 2940/3118/2955 2939/3117/2954
f 2928/3106/2943 2730/2895/2744 2731/2896/2745 2940/3118/2955
f 2929/3108/2945 2930/3107/2944 2942/3119/2956 2941/3120/2957
f 2930/3107/2944 2931/3109/2946 2943/3121/2958 2942/3119/2956
f 2931/3109/2946 2932/3110/2947 2944/3122/2959 2943/3121/2958
f 2932/3110/2947 2933/3111/2948 2945/3123/2960 2944/3122/2959
f 2933/3111/2948 2934/3112/2949 2946/3124/2961 2945/3123/2960
f 2934/3112/2949 2935/3113/2950 2947/3125/2962 2946/3124/2961
f 2935/3113/2950 2936/3114/2951 2948/3126/2963 2947/3125/2962
f 2936/3114/2951 2937/3115/2952 2949/3127/2964 2948/3126/2963
f 2937/3115/2952 2938/3116/2953 2950/3128/2965 2949/3127/2964
f 2938/3116/2953 2939/3117/2954 2951/3129/2966 2950/3128/2965
f 2939/3117/2954 2940/3118/2955 2952/3130/2967 2951/3129/2966
f 2940/3118/2955 2731/2896/2745 2732/2897/2746 2952/3130/2967
f 2941/3120/2957 2942/3119/2956 2954/3131/2968 2953/3132/2969
f 2942/3119/2956 2943/3121/2958 2955/3133/2970 2954/3131/2968
f 2943/3121/2958 2944/3122/2959 2956/3134/2971 2955/3133/2970
f 2944/3122/2959 2945/3123/2960 2957/3135/2972 2956/3134/2971
f 2945/3123/2960 2946/3124/2961 2958/3136/2973 2957/3135/2972
f 2946/3124/2961 2947/3125/2962 2959/3137/2974 2958/3136/2973
f 2947/3125/2962 2948/3126/2963 2960/3138/2975 2959/3137/2974
f 2948/3126/2963 2949/3127/2964 2961/3139/2976 2960/3138/2975
f 2949/3127/2964 2950/3128/2965 2962/3140/2977 2961/3139/2976
f 2950/3128/2965 2951/3129/2966 2963/3141/2978 2962/3140/2977
f 2951/3129/2966 2952/3130/2967 2964/3142/2979 2963/3141/2978
f 2952/3130/2967 2732/2897/2746 2733/2898/2747 2964/3142/2979
f 2953/3132/2969 2954/3131/2968 2966/3143/2980 2965/3144/2981
f 2954/3131/2968 2955/3133/2970 2967/3145/2982 2966/3143/2980
f 2955/3133/2970 2956/3134/2971 2968/3146/2983 2967/3145/2982
f 2956/3134/2971 2957/3135/2972 2969/3147/2984 2968/3146/2983
f 2957/3135/2972 2958/3136/2973 2970/3148/2985 2969/3147/2984
f 2958/3136/2973 2959/3137/2974 2971/3149/2986 2970/3148/2985
f 2959/3137/2974 2960/3138/2975 2972/3150/2987 2971/3149/2986
f 2960/3138/2975 2961/3139/2976 2973/3151/2988 2972/3150/2987
f 2961/3139/2976 2962/3140/2977 2974/3152/2989 2973/3151/2988
f 2962/3140/2977 2963/3141/2978 2975/3153/2990 2974/3152/2989
f 2963/3141/2978 2964/3142/2979 2976/3154/2991 2975/3153/2990
f 2964/3142/2979 2733/2898/2747 2734/2899/2748 2976/3154/2991
f 2965/3144/2981 2966/3143/2980 2978/3155/2992 2977/3156/2993
f 2966/3143/2980 2967/3145/2982 2979/3157/2994 2978/3155/2992
f 2967/3145/2982 2968/3146/2983 2980/3158/2995 2979/3157/2994
f 2968/3146/2983 2969/3147/2984 2981/3159/2996 2980/3158/2995
f 2969/3147/2984 2970/3148/2985 2982/3160/2997 2981/3159/2996
f 2970/3148/2985 2971/3149/2986 2983/3161/2998 2982/3160/2997
f 2971/3149/2986 2972/3150/2987 2984/3162/2999 2983/3161/2998
f 2972/3150/2987 2973/3151/2988 2985/3163/3000 2984/3162/2999
f 2973/3151/2988 2974/3152/2989 2986/3164/3001 2985/3163/3000
f 2974/3152/2989 2975/3153/2990 2987/3165/3002 2986/3164/3001
f 2975/3153/2990 2976/3154/2991 2988/3166/3003 2987/3165/3002
f 2976/3154/2991 2734/2899/2748 2735/2900/2749 2988/3166/3003
f 2977/3156/2993 2978/3155/2992 2990/3167/3004 2989/3168/3005
f 2978/3155/2992 2979/3157/2994 2991/3169/3006 2990/3167/3004
f 2979/3157/2994 2980/3158/2995 2992/3170/3007 2991/3169/3006
f 2980/3158/2995 2981/3159/2996 2993/3171/3008 2992/3170/3007
f 2981/3159/2996 2982/3160/2997 2994/3172/3009 2993/3171/3008
f 2982/3160/2997 2983/3161/2998 2995/3173/3010 2994/3172/3009
f 2983/3161/2998 2984/3162/2999 2996/3174/3011 2995/3173/3010
f 2984/3162/2999 2985/3163/3000 2997/3175/3012 2996/3174/3011
f 2985/3163/3000 2986/3164/3001 2998/3176/3013 2997/3175/3012
f 2986/3164/3001 2987/3165/3002 2999/3177/3014 2998/3176/3013
f 2987/3165/3002 2988/3166/3003 3000/3178/3015 2999/3177/3014
f 2988/3166/3003 2735/2900/2749 2736/2901/2750 3000/3178/3015
f 2989/3168/3005 2990/3167/3004 3002/3179/3016 3001/3180/3017
f 2990/3167/3004 2991/3169/3006 3003/3181/3018 3002/3179/3016
f 2991/3169/3006 2992/3170/3007 3004/3182/3019 3003/3181/3018
f 2992/3170/3007 2993/3171/3008 3005/3183/3020 3004/3182/3019
f 2993/3171/3008 2994/3172/3009 3006/3184/3021 3005/3183/3020
f 2994/3172/3009 2995/3173/3010 3007/3185/3022 3006/3184/3021
f 2995/3173/3010 2996/3174/3011 3008/3186/3023 3007/3185/3022
f 2996/3174/3011 2997/3175/3012 3009/3187/3024 3008/3186/3023
f 2997/3175/3012 2998/3176/3013 3010/3188/3025 3009/3187/3024
f 2998/3176/3013 2999/3177/3014 3011/3189/3026 3010/3188/3025
f 2999/3177/3014 3000/3178/3015 3012/3190/3027 3011/3189/3026
f 3000/3178/3015 2736/2901/2750 2737/2902/2751 3012/3190/3027
f 3001/3180/3017 3002/3179/3016 3014/2929/2778 3013/2928/2777
f 3002/3179/3016 3003/3181/3018 3015/2942/2791 3014/2929/2778
f 3003/3181/3018 3004/3182/3019 3016/2955/2804 3015/2942/2791
f 3004/3182/3019 3005/3183/3020 3017/2968/2817 3016/2955/2804
f 3005/3183/3020 3006/3184/3021 3018/2981/2830 3017/2968/2817
f 3006/3184/3021 3007/3185/3022 3019/2994/2843 3018/2981/2830
f 3007/3185/3022 3008/3186/3023 3020/3007/2856 3019/2994/2843
f 3008/3186/3023 3009/3187/3024 3021/3020/2869 3020/3007/2856
f 3009/3187/3024 3010/3188/3025 3022/3033/2882 3021/3020/2869
f 3010/3188/3025 3011/3189/3026 3023/3046/2895 3022/3033/2882
f 3011/3189/3026 3012/3190/3027 3024/3059/2896 3023/3046/2895
f 3012/3190/3027 2737/2902/2751 2738/2903/2752 3024/3059/2896
f 2738/2903/2752 2881/2904/2753 3024/3191/2896
f 3025/9/9 3028/3192/3028 3040/3193/3029 3039/3194/3030
f 3028/3192/3028 3029/3195/3031 3041/3196/3032 3040/3193/3029
f 3029/3195/3031 3030/3197/3033 3042/3198/3034 3041/3196/3032
f 3030/3197/3033 3031/3199/3035 3043/3200/3036 3042/3198/3034
f 3031/3199/3035 3032/3201/3037 3044/3202/3038 3043/3200/3036
f 3032/3201/3037 3033/3203/3039 3045/3204/3040 3044/3202/3038
f 3033/3203/3039 3034/3205/3041 3046/3206/3042 3045/3204/3040
f 3034/3205/3041 3035/3207/3043 3047/3208/3044 3046/3206/3042
f 3035/3207/3043 3036/3209/3045 3048/3210/3046 3047/3208/3044
f 3036/3209/3045 3037/3211/3047 3049/3212/3048 3048/3210/3046
f 3037/3211/3047 3038/3213/3049 3050/3214/3050 3049/3212/3048
f 3038/3213/3049 3302/3215/3051 3303/3216/3052 3050/3214/3050
f 3039/3194/3030 3040/3193/3029 3052/3217/3053 3051/3218/3054
f 3040/3193/3029 3041/3196/3032 3053/3219/3055 3052/3217/3053
f 3041/3196/3032 3042/3198/3034 3054/3220/3056 3053/3219/3055
f 3042/3198/3034 3043/3200/3036 3055/3221/3057 3054/3220/3056
f 3043/3200/3036 3044/3202/3038 3056/3222/3058 3055/3221/3057
f 3044/3202/3038 3045/3204/3040 3057/3223/3059 3056/3222/3058
f 3045/3204/3040 3046/3206/3042 3058/3224/3060 3057/3223/3059
f 3046/3206/3042 3047/3208/3044 3059/3225/3061 3058/3224/3060
f 3047/3208/3044 3048/3210/3046 3060/3226/3062 3059/3225/3061
f 3048/3210/3046 3049/3212/3048 3061/3227/3063 3060/3226/3062
f 3049/3212/3048 3050/3214/3050 3062/3228/3064 3061/3227/3063
f 3050/3214/3050 3303/3216/3052 3304/3229/3065 3062/3228/3064
f 3051/3218/3054 3052/3217/3053 3064/3230/3066 3063/3231/3067
f 3052/3217/3053 3053/3219/3055 3065/3232/3068 3064/3230/3066
f 3053/3219/3055 3054/3220/3056 3066/3233/3069 3065/3232/3068
f 3054/3220/3056 3055/3221/3057 3067/3234/3070 3066/3233/3069
f 3055/3221/3057 3056/3222/3058 3068/3235/3071 3067/3234/3070
f 3056/3222/3058 3057/3223/3059 3069/3236/3072 3068/3235/3071
f 3057/3223/3059 3058/3224/3060 3070/3237/3073 3069/3236/3072
f 3058/3224/3060 3059/3225/3061 3071/3238/3074 3070/3237/3073
f 3059/3225/3061 3060/3226/3062 3072/3239/3075 3071/3238/3074
f 3060/3226/3062 3061/3227/3063 3073/3240/3076 3072/3239/3075
f 3061/3227/3063 3062/3228/3064 3074/3241/3077 3073/3240/3076
f 3062/3228/3064 3304/3229/3065 3305/3242/3078 3074/3241/3077
f 3063/3231/3067 3064/3230/3066 3076/3243/3079 3075/3244/3080
f 3064/3230/3066 3065/3232/3068 3077/3245/3081 3076/3243/3079
f 3065/3232/3068 3066/3233/3069 3078/3246/3082 3077/3245/3081
f 3066/3233/3069 3067/3234/3070 3079/3247/3083 3078/3246/3082
f 3067/3234/3070 3068/3235/3071 3080/3248/3084 3079/3247/3083
f 3068/3235/3071 3069/3236/3072 3081/3249/3085 3080/3248/3084
f 3069/3236/3072 3070/3237/3073 3082/3250/3086 3081/3249/3085
f 3070/3237/3073 3071/3238/3074 3083/3251/3087 3082/3250/3086
f 3071/3238/3074 3072/3239/3075 3084/3252/3088 3083/3251/3087
f 3072/3239/3075 3073/3240/3076 3085/3253/3089 3084/3252/3088
f 3073/3240/3076 3074/3241/3077 3086/3254/3090 3085/3253/3089
f 3074/3241/3077 3305/3242/3078 3306/3255/3091 3086/3254/3090
f 3075/3244/3080 3076/3243/3079 3088/3256/3092 3087/3257/3093
f 3076/3243/3079 3077/3245/3081 3089/3258/3094 3088/3256/3092
f 3077/3245/3081 3078/3246/3082 3090/3259/3095 3089/3258/3094
f 3078/3246/3082 3079/3247/3083 3091/3260/3096 3090/3259/3095
f 3079/3247/3083 3080/3248/3084 3092/3261/3097 3091/3260/3096
f 3080/3248/3084 3081/3249/3085 3093/3262/3098 3092/3261/3097
f 3081/3249/3085 3082/3250/3086 3094/3263/3099 3093/3262/3098
f 3082/3250/3086 3083/3251/3087 3095/3264/3100 3094/3263/3099
f 3083/3251/3087 3084/3252/3088 3096/3265/3101 3095/3264/3100
f 3084/3252/3088 3085/3253/3089 3097/3266/3102 3096/3265/3101
f 3085/3253/3089 3086/3254/3090 3098/3267/3103 3097/3266/3102
f 3086/3254/3090 3306/3255/3091 3307/3268/3104 3098/3267/3103
f 3087/3257/3093 3088/3256/3092 3100/3269/3105 3099/3270/3106
f 3088/3256/3092 3089/3258/3094 3101/3271/3107 3100/3269/3105
f 3089/3258/3094 3090/3259/3095 3102/3272/3108 3101/3271/3107
f 3090/3259/3095 3091/3260/3096 3103/3273/3109 3102/3272/3108
f 3091/3260/3096 3092/3261/3097 3104/3274/3110 3103/3273/3109
f 3092/3261/3097 3093/3262/3098 3105/3275/3111 3104/3274/3110
f 3093/3262/3098 3094/3263/3099 3106/3276/3112 3105/3275/3111
f 3094/3263/3099 3095/3264/3100 3107/3277/3113 3106/3276/3112
f 3095/3264/3100 3096/3265/3101 3108/3278/3114 3107/3277/3113
f 3096/3265/3101 3097/3266/3102 3109/3279/3115 3108/3278/3114
f 3097/3266/3102 3098/3267/3103 3110/3280/3116 3109/3279/3115
f 3098/3267/3103 3307/3268/3104 3308/3281/3117 3110/3280/3116
f 3099/3270/3106 3100/3269/3105 3112/3282/3118 3111/3283/3119
f 3100/3269/3105 3101/3271/3107 3113/3284/3120 3112/3282/3118
f 3101/3271/3107 3102/3272/3108 3114/3285/3121 3113/3284/3120
f 3102/3272/3108 3103/3273/3109 3115/3286/3122 3114/3285/3121
f 3103/3273/3109 3104/3274/3110 3116/3287/3123 3115/3286/3122
f 3104/3274/3110 3105/3275/3111 3117/3288/3124 3116/3287/3123
f 3105/3275/3111 3106/3276/3112 3118/3289/3125 3117/3288/3124
f 3106/3276/3112 3107/3277/3113 3119/3290/3126 3118/3289/3125
f 3107/3277/3113 3108/3278/3114 3120/3291/3127 3119/3290/3126
f 3108/3278/3114 3109/3279/3115 3121/3292/3128 3120/3291/3127
f 3109/3279/3115 3110/3280/3116 3122/3293/3129 3121/3292/3128
f 3110/3280/3116 3308/3281/3117 3309/3294/3130 3122/3293/3129
f 3111/3283/3119 3112/3282/3118 3124/3295/3131 3123/3296/3132
f 3112/3282/3118 3113/3284/3120 3125/3297/3133 3124/3295/3131
f 3113/3284/3120 3114/3285/3121 3126/3298/3134 3125/3297/3133
f 3114/3285/3121 3115/3286/3122 3127/3299/3135 3126/3298/3134
f 3115/3286/3122 3116/3287/3123 3128/3300/3136 3127/3299/3135
f 3116/3287/3123 3117/3288/3124 3129/3301/3137 3128/3300/3136
f 3117/3288/3124 3118/3289/3125 3130/3302/3138 3129/3301/3137
f 3118/3289/3125 3119/3290/3126 3131/3303/3139 3130/3302/3138
f 3119/3290/3126 3120/3291/3127 3132/3304/3140 3131/3303/3139
f 3120/3291/3127 3121/3292/3128 3133/3305/3141 3132/3304/3140
f 3121/3292/3128 3122/3293/3129 3134/3306/3142 3133/3305/3141
f 3122/3293/3129 3309/3294/3130 3310/3307/3143 3134/3306/3142
f 3123/3296/3132 3124/3295/3131 3136/3308/3144 3135/3309/3145
f 3124/3295/3131 3125/3297/3133 3137/3310/3146 3136/3308/3144
f 3125/3297/3133 3126/3298/3134 3138/3311/3147 3137/3310/3146
f 3126/3298/3134 3127/3299/3135 3139/3312/3148 3138/3311/3147
f 3127/3299/3135 3128/3300/3136 3140/3313/3149 3139/3312/3148
f 3128/3300/3136 3129/3301/3137 3141/3314/3150 3140/3313/3149
f 3129/3301/3137 3130/3302/3138 3142/3315/3151 3141/3314/3150
f 3130/3302/3138 3131/3303/3139 3143/3316/3152 3142/3315/3151
f 3131/3303/3139 3132/3304/3140 3144/3317/3153 3143/3316/3152
f 3132/3304/3140 3133/3305/3141 3145/3318/3154 3144/3317/3153
f 3133/3305/3141 3134/3306/3142 3146/3319/3155 3145/3318/3154
f 3134/3306/3142 3310/3307/3143 3311/3320/3156 3146/3319/3155
f 3135/3309/3145 3136/3308/3144 3148/3321/3157 3147/3322/3158
f 3136/3308/3144 3137/3310/3146 3149/3323/3159 3148/3321/3157
f 3137/3310/3146 3138/3311/3147 3150/3324/3160 3149/3323/3159
f 3138/3311/3147 3139/3312/3148 3151/3325/3161 3150/3324/3160
f 3139/3312/3148 3140/3313/3149 3152/3326/3162 3151/3325/3161
f 3140/3313/3149 3141/3314/3150 3153/3327/3163 3152/3326/3162
f 3141/3314/3150 3142/3315/3151 3154/3328/3164 3153/3327/3163
f 3142/3315/3151 3143/3316/3152 3155/3329/3165 3154/3328/3164
f 3143/3316/3152 3144/3317/3153 3156/3330/3166 3155/3329/3165
f 3144/3317/3153 3145/3318/3154 3157/3331/3167 3156/3330/3166
f 3145/3318/3154 3146/3319/3155 3158/3332/3168 3157/3331/3167
f 3146/3319/3155 3311/3320/3156 3312/3333/3169 3158/3332/3168
f 3147/3322/3158 3148/3321/3157 3160/3334/3170 3159/3335/3171
f 3148/3321/3157 3149/3323/3159 3161/3336/3172 3160/3334/3170
f 3149/3323/3159 3150/3324/3160 3162/3337/3173 3161/3336/3172
f 3150/3324/3160 3151/3325/3161 3163/3338/3174 3162/3337/3173
f 3151/3325/3161 3152/3326/3162 3164/3339/3175 3163/3338/3174
f 3152/3326/3162 3153/3327/3163 3165/3340/3176 3164/3339/3175
f 3153/3327/3163 3154/3328/3164 3166/3341/3177 3165/3340/3176
f 3154/3328/3164 3155/3329/3165 3167/3342/3178 3166/3341/3177
f 3155/3329/3165 3156/3330/3166 3168/3343/3179 3167/3342/3178
f 3156/3330/3166 3157/3331/3167 3169/3344/3180 3168/3343/3179
f 3157/3331/3167 3158/3332/3168 3170/3345/3181 3169/3344/3180
f 3158/3332/3168 3312/3333/3169 3313/3346/3182 3170/3345/3181
f 3026/6/6 3171/3347/3183 3183/3348/3184 3182/3349/3185
f 3171/3347/3183 3172/3350/3186 3184/3351/3187 3183/3348/3184
f 3172/3350/3186 3173/3352/3188 3185/3353/3189 3184/3351/3187
f 3173/3352/3188 3174/3354/3190 3186/3355/3191 3185/3353/3189
f 3174/3354/3190 3175/3356/3192 3187/3357/3193 3186/3355/3191
f 3175/3356/3192 3176/3358/3194 3188/3359/3195 3187/3357/3193
f 3176/3358/3194 3177/3360/3196 3189/3361/3197 3188/3359/3195
f 3177/3360/3196 3178/3362/3198 3190/3363/3199 3189/3361/3197
f 3178/3362/3198 3179/3364/3200 3191/3365/3201 3190/3363/3199
f 3179/3364/3200 3180/3366/3202 3192/3367/3203 3191/3365/3201
f 3180/3366/3202 3181/3368/3204 3193/3369/3205 3192/3367/3203
f 3181/3368/3204 3445/3370/3206 3446/3371/3207 3193/3369/3205
f 3182/3349/3185 3183/3348/3184 3195/3372/3208 3194/3373/3209
f 3183/3348/3184 3184/3351/3187 3196/3374/3210 3195/3372/3208
f 3184/3351/3187 3185/3353/3189 3197/3375/3211 3196/3374/3210
f 3185/3353/3189 3186/3355/3191 3198/3376/3212 3197/3375/3211
f 3186/3355/3191 3187/3357/3193 3199/3377/3213 3198/3376/3212
f 3187/3357/3193 3188/3359/3195 3200/3378/3214 3199/3377/3213
f 3188/3359/3195 3189/3361/3197 3201/3379/3215 3200/3378/3214
f 3189/3361/3197 3190/3363/3199 3202/3380/3216 3201/3379/3215
f 3190/3363/3199 3191/3365/3201 3203/3381/3217 3202/3380/3216
f 3191/3365/3201 3192/3367/3203 3204/3382/3218 3203/3381/3217
f 3192/3367/3203 3193/3369/3205 3205/3383/3219 3204/3382/3218
f 3193/3369/3205 3446/3371/3207 3447/3384/3220 3205/3383/3219
f 3194/3373/3209 3195/3372/3208 3207/3385/3221 3206/3386/3222
f 3195/3372/3208 3196/3374/3210 3208/3387/3223 3207/3385/3221
f 3196/3374/3210 3197/3375/3211 3209/3388/3224 3208/3387/3223
f 3197/3375/3211 3198/3376/3212 3210/3389/3225 3209/3388/3224
f 3198/3376/3212 3199/3377/3213 3211/3390/3226 3210/3389/3225
f 3199/3377/3213 3200/3378/3214 3212/3391/3227 3211/3390/3226
f 3200/3378/3214 3201/3379/3215 3213/3392/3228 3212/3391/3227
f 3201/3379/3215 3202/3380/3216 3214/3393/3229 3213/3392/3228
f 3202/3380/3216 3203/3381/3217 3215/3394/3230 3214/3393/3229
f 3203/3381/3217 3204/3382/3218 3216/3395/3231 3215/3394/3230
f 3204/3382/3218 3205/3383/3219 3217/3396/3232 3216/3395/3231
f 3205/3383/3219 3447/3384/3220 3448/3397/3233 3217/3396/3232
f 3206/3386/3222 3207/3385/3221 3219/3398/3234 3218/3399/3235
f 3207/3385/3221 3208/3387/3223 3220/3400/3236 3219/3398/3234
f 3208/3387/3223 3209/3388/3224 3221/3401/3237 3220/3400/3236
f 3209/3388/3224 3210/3389/3225 3222/3402/3238 3221/3401/3237
f 3210/3389/3225 3211/3390/3226 3223/3403/3239 3222/3402/3238
f 3211/3390/3226 3212/3391/3227 3224/3404/3240 3223/3403/3239
f 3212/3391/3227 3213/3392/3228 3225/3405/3241 3224/3404/3240
f 3213/3392/3228 3214/3393/3229 3226/3406/3242 3225/3405/3241
f 3214/3393/3229 3215/3394/3230 3227/3407/3243 3226/3406/3242
f 3215/3394/3230 3216/3395/3231 3228/3408/3244 3227/3407/3243
f 3216/3395/3231 3217/3396/3232 3229/3409/3245 3228/3408/3244
f 3217/3396/3232 3448/3397/3233 3449/3410/3246 3229/3409/3245
f 3218/3399/3235 3219/3398/3234 3231/3411/3247 3230/3412/3248
f 3219/3398/3234 3220/3400/3236 3232/3413/3249 3231/3411/3247
f 3220/3400/3236 3221/3401/3237 3233/3414/3250 3232/3413/3249
f 3221/3401/3237 3222/3402/3238 3234/3415/3251 3233/3414/3250
f 3222/3402/3238 3223/3403/3239 3235/3416/3252 3234/3415/3251
f 3223/3403/3239 3224/3404/3240 3236/3417/3253 3235/3416/3252
f 3224/3404/3240 3225/3405/3241 3237/3418/3254 3236/3417/3253
f 3225/3405/3241 3226/3406/3242 3238/3419/3255 3237/3418/3254
f 3226/3406/3242 3227/3407/3243 3239/3420/3256 3238/3419/3255
f 3227/3407/3243 3228/3408/3244 3240/3421/3257 3239/3420/3256
f 3228/3408/3244 3229/3409/3245 3241/3422/3258 3240/3421/3257
f 3229/3409/3245 3449/3410/3246 3450/3423/3259 3241/3422/3258
f 3230/3412/3248 3231/3411/3247 3243/3424/3260 3242/3425/3261
f 3231/3411/3247 3232/3413/3249 3244/3426/3262 3243/3424/3260
f 3232/3413/3249 3233/3414/3250 3245/3427/3263 3244/3426/3262
f 3233/3414/3250 3234/3415/3251 3246/3428/3264 3245/3427/3263
f 3234/3415/3251 3235/3416/3252 3247/3429/3265 3246/3428/3264
f 3235/3416/3252 3236/3417/3253 3248/3430/3266 3247/3429/3265
f 3236/3417/3253 3237/3418/3254 3249/3431/3267 3248/3430/3266
f 3237/3418/3254 3238/3419/3255 3250/3432/3268 3249/3431/3267
f 3238/3419/3255 3239/3420/3256 3251/3433/3269 3250/3432/3268
f 3239/3420/3256 3240/3421/3257 3252/3434/3270 3251/3433/3269
f 3240/3421/3257 3241/3422/3258 3253/3435/3271 3252/3434/3270
f 3241/3422/3258 3450/3423/3259 3451/3436/3272 3253/3435/3271
f 3242/3425/3261 3243/3424/3260 3255/3437/3273 3254/3438/3274
f 3243/3424/3260 3244/3426/3262 3256/3439/3275 3255/3437/3273
f 3244/3426/3262 3245/3427/3263 3257/3440/3276 3256/3439/3275
f 3245/3427/3263 3246/3428/3264 3258/3441/3277 3257/3440/3276
f 3246/3428/3264 3247/3429/3265 3259/3442/3278 3258/3441/3277
f 3247/3429/3265 3248/3430/3266 3260/3443/3279 3259/3442/3278
f 3248/3430/3266 3249/3431/3267 3261/3444/3280 3260/3443/3279
f 3249/3431/3267 3250/3432/3268 3262/3445/3281 3261/3444/3280
f 3250/3432/3268 3251/3433/3269 3263/3446/3282 3262/3445/3281
f 3251/3433/3269 3252/3434/3270 3264/3447/3283 3263/3446/3282
f 3252/3434/3270 3253/3435/3271 3265/3448/3284 3264/3447/3283
f 3253/3435/3271 3451/3436/3272 3452/3449/3285 3265/3448/3284
f 3254/3438/3274 3255/3437/3273 3267/3450/3286 3266/3451/3287
f 3255/3437/3273 3256/3439/3275 3268/3452/3288 3267/3450/3286
f 3256/3439/3275 3257/3440/3276 3269/3453/3289 3268/3452/3288
f 3257/3440/3276 3258/3441/3277 3270/3454/3290 3269/3453/3289
f 3258/3441/3277 3259/3442/3278 3271/3455/3291 3270/3454/3290
f 3259/3442/3278 3260/3443/3279 3272/3456/3292 3271/3455/3291
f 3260/3443/3279 3261/3444/3280 3273/3457/3293 3272/3456/3292
f 3261/3444/3280 3262/3445/3281 3274/3458/3294 3273/3457/3293
f 3262/3445/3281 3263/3446/3282 3275/3459/3295 3274/3458/3294
f 3263/3446/3282 3264/3447/3283 3276/3460/3296 3275/3459/3295
f 3264/3447/3283 3265/3448/3284 3277/3461/3297 3276/3460/3296
f 3265/3448/3284 3452/3449/3285 3453/3462/3298 3277/3461/3297
f 3266/3451/3287 3267/3450/3286 3279/3463/3299 3278/3464/3300
f 3267/3450/3286 3268/3452/3288 3280/3465/3301 3279/3463/3299
f 3268/3452/3288 3269/3453/3289 3281/3466/3302 3280/3465/3301
f 3269/3453/3289 3270/3454/3290 3282/3467/3303 3281/3466/3302
f 3270/3454/3290 3271/3455/3291 3283/3468/3304 3282/3467/3303
f 3271/3455/3291 3272/3456/3292 3284/3469/3305 3283/3468/3304
f 3272/3456/3292 3273/3457/3293 3285/3470/3306 3284/3469/3305
f 3273/3457/3293 3274/3458/3294 3286/3471/3307 3285/3470/3306
f 3274/3458/3294 3275/3459/3295 3287/3472/3308 3286/3471/3307
f 3275/3459/3295 3276/3460/3296 3288/3473/3309 3287/3472/3308
f 3276/3460/3296 3277/3461/3297 3289/3474/3310 3288/3473/3309
f 3277/3461/3297 3453/3462/3298 3454/3475/3311 3289/3474/3310
f 3278/3464/3300 3279/3463/3299 3291/3476/3312 3290/3477/3313
f 3279/3463/3299 3280/3465/3301 3292/3478/3314 3291/3476/3312
f 3280/3465/3301 3281/3466/3302 3293/3479/3315 3292/3478/3314
f 3281/3466/3302 3282/3467/3303 3294/3480/3316 3293/3479/3315
f 3282/3467/3303 3283/3468/3304 3295/3481/3317 3294/3480/3316
f 3283/3468/3304 3284/3469/3305 3296/3482/3318 3295/3481/3317
f 3284/3469/3305 3285/3470/3306 3297/3483/3319 3296/3482/3318
f 3285/3470/3306 3286/3471/3307 3298/3484/3320 3297/3483/3319
f 3286/3471/3307 3287/3472/3308 3299/3485/3321 3298/3484/3320
f 3287/3472/3308 3288/3473/3309 3300/3486/3322 3299/3485/3321
f 3288/3473/3309 3289/3474/3310 3301/3487/3323 3300/3486/3322
f 3289/3474/3310 3454/3475/3311 3455/3488/3324 3301/3487/3323
f 3290/3477/3313 3291/3476/3312 3303/3216/3052 3302/3215/3051
f 3291/3476/3312 3292/3478/3314 3304/3229/3065 3303/3216/3052
f 3292/3478/3314 3293/3479/3315 3305/3242/3078 3304/3229/3065
f 3293/3479/3315 3294/3480/3316 3306/3255/3091 3305/3242/3078
f 3294/3480/3316 3295/3481/3317 3307/3268/3104 3306/3255/3091
f 3295/3481/3317 3296/3482/3318 3308/3281/3117 3307/3268/3104
f 3296/3482/3318 3297/3483/3319 3309/3294/3130 3308/3281/3117
f 3297/3483/3319 3298/3484/3320 3310/3307/3143 3309/3294/3130
f 3298/3484/3320 3299/3485/3321 3311/3320/3156 3310/3307/3143
f 3299/3485/3321 3300/3486/3322 3312/3333/3169 3311/3320/3156
f 3300/3486/3322 3301/3487/3323 3313/3346/3182 3312/3333/3169
f 3301/3487/3323 3455/3488/3324 3456/3489/3325 3313/3346/3182
f 3027/19/19 3314/3490/3326 3326/3491/3327 3325/3492/3328
f 3314/3490/3326 3315/3493/3329 3327/3494/3330 3326/3491/3327
f 3315/3493/3329 3316/3495/3331 3328/3496/3332 3327/3494/3330
f 3316/3495/3331 3317/3497/3333 3329/3498/3334 3328/3496/3332
f 3317/3497/3333 3318/3499/3335 3330/3500/3336 3329/3498/3334
f 3318/3499/3335 3319/3501/3337 3331/3502/3338 3330/3500/3336
f 3319/3501/3337 3320/3503/3339 3332/3504/3340 3331/3502/3338
f 3320/3503/3339 3321/3505/3341 3333/3506/3342 3332/3504/3340
f 3321/3505/3341 3322/3507/3343 3334/3508/3344 3333/3506/3342
f 3322/3507/3343 3323/3509/3345 3335/3510/3346 3334/3508/3344
f 3323/3509/3345 3324/3511/3347 3336/3512/3348 3335/3510/3346
f 3324/3511/3347 3159/3513/3171 3160/3514/3170 3336/3512/3348
f 3325/3492/3328 3326/3491/3327 3338/3515/3349 3337/3516/3350
f 3326/3491/3327 3327/3494/3330 3339/3517/3351 3338/3515/3349
f 3327/3494/3330 3328/3496/3332 3340/3518/3352 3339/3517/3351
f 3328/3496/3332 3329/3498/3334 3341/3519/3353 3340/3518/3352
f 3329/3498/3334 3330/3500/3336 3342/3520/3354 3341/3519/3353
f 3330/3500/3336 3331/3502/3338 3343/3521/3355 3342/3520/3354
f 3331/3502/3338 3332/3504/3340 3344/3522/3356 3343/3521/3355
f 3332/3504/3340 3333/3506/3342 3345/3523/3357 3344/3522/3356
f 3333/3506/3342 3334/3508/3344 3346/3524/3358 3345/3523/3357
f 3334/3508/3344 3335/3510/3346 3347/3525/3359 3346/3524/3358
f 3335/3510/3346 3336/3512/3348 3348/3526/3360 3347/3525/3359
f 3336/3512/3348 3160/3514/3170 3161/3527/3172 3348/3526/3360
f 3337/3516/3350 3338/3515/3349 3350/3528/3361 3349/3529/3362
f 3338/3515/3349 3339/3517/3351 3351/3530/3363 3350/3528/3361
f 3339/3517/3351 3340/3518/3352 3352/3531/3364 3351/3530/3363
f 3340/3518/3352 3341/3519/3353 3353/3532/3365 3352/3531/3364
f 3341/3519/3353 3342/3520/3354 3354/3533/3366 3353/3532/3365
f 3342/3520/3354 3343/3521/3355 3355/3534/3367 3354/3533/3366
f 3343/3521/3355 3344/3522/3356 3356/3535/3368 3355/3534/3367
f 3344/3522/3356 3345/3523/3357 3357/3536/3369 3356/3535/3368
f 3345/3523/3357 3346/3524/3358 3358/3537/3370 3357/3536/3369
f 3346/3524/3358 3347/3525/3359 3359/3538/3371 3358/3537/3370
f 3347/3525/3359 3348/3526/3360 3360/3539/3372 3359/3538/3371
f 3348/3526/3360 3161/3527/3172 3162/3540/3173 3360/3539/3372
f 3349/3529/3362 3350/3528/3361 3362/3541/3373 3361/3542/3374
f 3350/3528/3361 3351/3530/3363 3363/3543/3375 3362/3541/3373
f 3351/3530/3363 3352/3531/3364 3364/3544/3376 3363/3543/3375
f 3352/3531/3364 3353/3532/3365 3365/3545/3377 3364/3544/3376
f 3353/3532/3365 3354/3533/3366 3366/3546/3378 3365/3545/3377
f 3354/3533/3366 3355/3534/3367 3367/3547/3379 3366/3546/3378
f 3355/3534/3367 3356/3535/3368 3368/3548/3380 3367/3547/3379
f 3356/3535/3368 3357/3536/3369 3369/3549/3381 3368/3548/3380
f 3357/3536/3369 3358/3537/3370 3370/3550/3382 3369/3549/3381
f 3358/3537/3370 3359/3538/3371 3371/3551/3383 3370/3550/3382
f 3359/3538/3371 3360/3539/3372 3372/3552/3384 3371/3551/3383
f 3360/3539/3372 3162/3540/3173 3163/3553/3174 3372/3552/3384
f 3361/3542/3374 3362/3541/3373 3374/3554/3385 3373/3555/3386
f 3362/3541/3373 3363/3543/3375 3375/3556/3387 3374/3554/3385
f 3363/3543/3375 3364/3544/3376 3376/3557/3388 3375/3556/3387
f 3364/3544/3376 3365/3545/3377 3377/3558/3389 3376/3557/3388
f 3365/3545/3377 3366/3546/3378 3378/3559/3390 3377/3558/3389
f 3366/3546/3378 3367/3547/3379 3379/3560/3391 3378/3559/3390
f 3367/3547/3379 3368/3548/3380 3380/3561/3392 3379/3560/3391
f 3368/3548/3380 3369/3549/3381 3381/3562/3393 3380/3561/3392
f 3369/3549/3381 3370/3550/3382 3382/3563/3394 3381/3562/3393
f 3370/3550/3382 3371/3551/3383 3383/3564/3395 3382/3563/3394
f 3371/3551/3383 3372/3552/3384 3384/3565/3396 3383/3564/3395
f 3372/3552/3384 3163/3553/3174 3164/3566/3175 3384/3565/3396
f 3373/3555/3386 3374/3554/3385 3386/3567/3397 3385/3568/3398
f 3374/3554/3385 3375/3556/3387 3387/3569/3399 3386/3567/3397
f 3375/3556/3387 3376/3557/3388 3388/3570/3400 3387/3569/3399
f 3376/3557/3388 3377/3558/3389 3389/3571/3401 3388/3570/3400
f 3377/3558/3389 3378/3559/3390 3390/3572/3402 3389/3571/3401
f 3378/3559/3390 3379/3560/3391 3391/3573/3403 3390/3572/3402
f 3379/3560/3391 3380/3561/3392 3392/3574/3404 3391/3573/3403
f 3380/3561/3392 3381/3562/3393 3393/3575/3405 3392/3574/3404
f 3381/3562/3393 3382/3563/3394 3394/3576/3406 3393/3575/3405
f 3382/3563/3394 3383/3564/3395 3395/3577/3407 3394/3576/3406
f 3383/3564/3395 3384/3565/3396 3396/3578/3408 3395/3577/3407
f 3384/3565/3396 3164/3566/3175 3165/3579/3176 3396/3578/3408
f 3385/3568/3398 3386/3567/3397 3398/3580/3409 3397/3581/3410
f 3386/3567/3397 3387/3569/3399 3399/3582/3411 3398/3580/3409
f 3387/3569/3399 3388/3570/3400 3400/3583/3412 3399/3582/3411
f 3388/3570/3400 3389/3571/3401 3401/3584/3413 3400/3583/3412
f 3389/3571/3401 3390/3572/3402 3402/3585/3414 3401/3584/3413
f 3390/3572/3402 3391/3573/3403 3403/3586/3415 3402/3585/3414
f 3391/3573/3403 3392/3574/3404 3404/3587/3416 3403/3586/3415
f 3392/3574/3404 3393/3575/3405 3405/3588/3417 3404/3587/3416
f 3393/3575/3405 3394/3576/3406 3406/3589/3418 3405/3588/3417
f 3394/3576/3406 3395/3577/3407 3407/3590/3419 3406/3589/3418
f 3395/3577/3407 3396/3578/3408 3408/3591/3420 3407/3590/3419
f 3396/3578/3408 3165/3579/3176 3166/3592/3177 3408/3591/3420
f 3397/3581/3410 3398/3580/3409 3410/3593/3421 3409/3594/3422
f 3398/3580/3409 3399/3582/3411 3411/3595/3423 3410/3593/3421
f 3399/3582/3411 3400/3583/3412 3412/3596/3424 3411/3595/3423
f 3400/3583/3412 3401/3584/3413 3413/3597/3425 3412/3596/3424
f 3401/3584/3413 3402/3585/3414 3414/3598/3426 3413/3597/3425
f 3402/3585/3414 3403/3586/3415 3415/3599/3427 3414/3598/3426
f 3403/3586/3415 3404/3587/3416 3416/3600/3428 3415/3599/3427
f 3404/3587/3416 3405/3588/3417 3417/3601/3429 3416/3600/3428
f 3405/3588/3417 3406/3589/3418 3418/3602/3430 3417/3601/3429
f 3406/3589/3418 3407/3590/3419 3419/3603/3431 3418/3602/3430
f 3407/3590/3419 3408/3591/3420 3420/3604/3432 3419/3603/3431
f 3408/3591/3420 3166/3592/3177 3167/3605/3178 3420/3604/3432
f 3409/3594/3422 3410/3593/3421 3422/3606/3433 3421/3607/3434
f 3410/3593/3421 3411/3595/3423 3423/3608/3435 3422/3606/3433
f 3411/3595/3423 3412/3596/3424 3424/3609/3436 3423/3608/3435
f 3412/3596/3424 3413/3597/3425 3425/3610/3437 3424/3609/3436
f 3413/3597/3425 3414/3598/3426 3426/3611/3438 3425/3610/3437
f 3414/3598/3426 3415/3599/3427 3427/3612/3439 3426/3611/3438
f 3415/3599/3427 3416/3600/3428 3428/3613/3440 3427/3612/3439
f 3416/3600/3428 3417/3601/3429 3429/3614/3441 3428/3613/3440
f 3417/3601/3429 3418/3602/3430 3430/3615/3442 3429/3614/3441
f 3418/3602/3430 3419/3603/3431 3431/3616/3443 3430/3615/3442
f 3419/3603/3431 3420/3604/3432 3432/3617/3444 3431/3616/3443
f 3420/3604/3432 3167/3605/3178 3168/3618/3179 3432/3617/3444
f 3421/3607/3434 3422/3606/3433 3434/3619/3445 3433/3620/3446
f 3422/3606/3433 3423/3608/3435 3435/3621/3447 3434/3619/3445
f 3423/3608/3435 3424/3609/3436 3436/3622/3448 3435/3621/3447
f 3424/3609/3436 3425/3610/3437 3437/3623/3449 3436/3622/3448
f 3425/3610/3437 3426/3611/3438 3438/3624/3450 3437/3623/3449
f 3426/3611/3438 3427/3612/3439 3439/3625/3451 3438/3624/3450
f 3427/3612/3439 3428/3613/3440 3440/3626/3452 3439/3625/3451
f 3428/3613/3440 3429/3614/3441 3441/3627/3453 3440/3626/3452
f 3429/3614/3441 3430/3615/3442 3442/3628/3454 3441/3627/3453
f 3430/3615/3442 3431/3616/3443 3443/3629/3455 3442/3628/3454
f 3431/3616/3443 3432/3617/3444 3444/3630/3456 3443/3629/3455
f 3432/3617/3444 3168/3618/3179 3169/3631/3180 3444/3630/3456
f 3433/3620/3446 3434/3619/3445 3446/3371/3207 3445/3370/3206
f 3434/3619/3445 3435/3621/3447 3447/3384/3220 3446/3371/3207
f 3435/3621/3447 3436/3622/3448 3448/3397/3233 3447/3384/3220
f 3436/3622/3448 3437/3623/3449 3449/3410/3246 3448/3397/3233
f 3437/3623/3449 3438/3624/3450 3450/3423/3259 3449/3410/3246
f 3438/3624/3450 3439/3625/3451 3451/3436/3272 3450/3423/3259
f 3439/3625/3451 3440/3626/3452 3452/3449/3285 3451/3436/3272
f 3440/3626/3452 3441/3627/3453 3453/3462/3298 3452/3449/3285
f 3441/3627/3453 3442/3628/3454 3454/3475/3311 3453/3462/3298
f 3442/3628/3454 3443/3629/3455 3455/3488/3324 3454/3475/3311
f 3443/3629/3455 3444/3630/3456 3456/3489/3325 3455/3488/3324
f 3444/3630/3456 3169/3631/3180 3170/3632/3181 3456/3489/3325
f 3170/3345/3181 3313/3633/3182 3456/3634/3325
f 865/954/880 1/21/21 15/24/24 868/955/881
f 868/955/881 15/24/24 27/48/48 869/958/884
f 869/958/884 27/48/48 39/61/61 870/960/886
f 870/960/886 39/61/61 51/74/74 871/962/888
f 871/962/888 51/74/74 63/87/87 872/964/890
f 872/964/890 63/87/87 75/100/100 873/966/892
f 873/966/892 75/100/100 87/113/113 874/968/894
f 874/968/894 87/113/113 99/126/126 875/970/896
f 875/970/896 99/126/126 111/139/139 876/972/898
f 876/972/898 111/139/139 123/152/152 877/974/900
f 877/974/900 123/152/152 135/165/165 878/976/902
f 878/976/902 135/165/165 300/3635/341 1142/978/904
f 1142/1253/904 300/353/341 299/351/339 1130/1240/1166
f 1130/1240/1166 299/351/339 298/349/337 1118/1227/1153
f 1118/1227/1153 298/349/337 297/347/335 1106/1214/1140
f 1106/1214/1140 297/347/335 296/345/333 1094/1201/1127
f 1094/1201/1127 296/345/333 295/343/331 1082/1188/1114
f 1082/1188/1114 295/343/331 294/341/329 1070/1175/1101
f 1070/1175/1101 294/341/329 293/339/327 1058/1162/1088
f 1058/1162/1088 293/339/327 292/337/325 1046/1149/1075
f 1046/1149/1075 292/337/325 291/335/323 1034/1136/1062
f 1034/1136/1062 291/335/323 290/332/320 1022/1112/1038
f 1022/1112/1038 290/332/320 3/13/13 866/16/16
f 2/4/4 433/3/3 447/490/453 147/177/177
f 147/177/177 447/490/453 459/514/477 148/180/180
f 148/180/180 459/514/477 471/527/490 149/182/182
f 149/182/182 471/527/490 483/540/503 150/184/184
f 150/184/184 483/540/503 495/553/516 151/186/186
f 151/186/186 495/553/516 507/566/529 152/188/188
f 152/188/188 507/566/529 519/579/542 153/190/190
f 153/190/190 519/579/542 531/592/555 154/192/192
f 154/192/192 531/592/555 543/605/568 155/194/194
f 155/194/194 543/605/568 555/618/581 156/196/196
f 156/196/196 555/618/581 567/631/594 157/198/198
f 157/198/198 567/631/594 732/3636/770 421/200/200
f 421/475/200 732/819/770 731/817/768 409/462/440
f 409/462/440 731/817/768 730/815/766 397/449/428
f 397/449/428 730/815/766 729/813/764 385/436/416
f 385/436/416 729/813/764 728/811/762 373/423/404
f 373/423/404 728/811/762 727/809/760 361/410/392
f 361/410/392 727/809/760 726/807/758 349/397/380
f 349/397/380 726/807/758 725/805/756 337/384/368
f 337/384/368 725/805/756 724/803/754 325/371/356
f 325/371/356 724/803/754 723/801/752 313/358/344
f 313/358/344 723/801/752 722/798/749 301/334/322
f 301/334/322 722/798/749 435/14/14 3/13/13
f 434/11/11 1297/10/10 1311/1411/1312 579/643/606
f 579/643/606 1311/1411/1312 1323/1435/1336 580/646/609
f 580/646/609 1323/1435/1336 1335/1448/1349 581/648/611
f 581/648/611 1335/1448/1349 1347/1461/1362 582/650/613
f 582/650/613 1347/1461/1362 1359/1474/1375 583/652/615
f 583/652/615 1359/1474/1375 1371/1487/1388 584/654/617
f 584/654/617 1371/1487/1388 1383/1500/1401 585/656/619
f 585/656/619 1383/1500/1401 1395/1513/1414 586/658/621
f 586/658/621 1395/1513/1414 1407/1526/1427 587/660/623
f 587/660/623 1407/1526/1427 1419/1539/1440 588/662/625
f 588/662/625 1419/1539/1440 1431/1552/1453 589/664/627
f 589/664/627 1431/1552/1453 1596/3637/1629 853/666/629
f 853/941/629 1596/1740/1629 1595/1738/1627 841/928/869
f 841/928/869 1595/1738/1627 1594/1736/1625 829/915/857
f 829/915/857 1594/1736/1625 1593/1734/1623 817/902/845
f 817/902/845 1593/1734/1623 1592/1732/1621 805/889/833
f 805/889/833 1592/1732/1621 1591/1730/1619 793/876/821
f 793/876/821 1591/1730/1619 1590/1728/1617 781/863/809
f 781/863/809 1590/1728/1617 1589/1726/1615 769/850/797
f 769/850/797 1589/1726/1615 1588/1724/1613 757/837/785
f 757/837/785 1588/1724/1613 1587/1722/1611 745/824/773
f 745/824/773 1587/1722/1611 1586/1719/1608 733/800/751
f 733/800/751 1586/1719/1608 1299/15/15 435/14/14
f 1298/18/18 867/17/17 1165/1267/1181 1443/1564/1465
f 1443/1564/1465 1165/1267/1181 1177/1291/1203 1444/1567/1468
f 1444/1567/1468 1177/1291/1203 1189/1304/1215 1445/1569/1470
f 1445/1569/1470 1189/1304/1215 1201/1317/1227 1446/1571/1472
f 1446/1571/1472 1201/1317/1227 1213/1330/1239 1447/1573/1474
f 1447/1573/1474 1213/1330/1239 1225/1343/1251 1448/1575/1476
f 1448/1575/1476 1225/1343/1251 1237/1356/1263 1449/1577/1478
f 1449/1577/1478 1237/1356/1263 1249/1369/1275 1450/1579/1480
f 1450/1579/1480 1249/1369/1275 1261/1382/1287 1451/1581/1482
f 1451/1581/1482 1261/1382/1287 1273/1395/1299 1452/1583/1484
f 1452/1583/1484 1273/1395/1299 1285/1133/1059 1453/1585/1486
f 1453/1585/1486 1285/1133/1059 1021/1131/1057 1717/1587/1488
f 1717/1587/1488 1021/1131/1057 1020/1129/1055 1705/1849/1728
f 1705/1849/1728 1020/1129/1055 1019/1127/1053 1693/1836/1716
f 1693/1836/1716 1019/1127/1053 1018/1125/1051 1681/1823/1704
f 1681/1823/1704 1018/1125/1051 1017/1123/1049 1669/1810/1692
f 1669/1810/1692 1017/1123/1049 1016/1121/1047 1657/1797/1680
f 1657/1797/1680 1016/1121/1047 1015/1119/1045 1645/1784/1668
f 1645/1784/1668 1015/1119/1045 1014/1117/1043 1633/1771/1656
f 1633/1771/1656 1014/1117/1043 1013/1115/1041 1621/1758/1644
f 1621/1758/1644 1013/1115/1041 1012/1113/1039 1609/1745/1632
f 1609/1745/1632 1012/1113/1039 1011/1110/1036 1597/1721/1610
f 1597/1721/1610 1011/1110/1036 866/16/16 1299/15/15
f 2593/2749/2598 865/954/880 879/957/883 2596/2750/2599
f 2596/2750/2599 879/957/883 891/981/907 2597/2753/2602
f 2597/2753/2602 891/981/907 903/994/920 2598/2755/2604
f 2598/2755/2604 903/994/920 915/1007/933 2599/2757/2606
f 2599/2757/2606 915/1007/933 927/1020/946 2600/2759/2608
f 2600/2759/2608 927/1020/946 939/1033/959 2601/2761/2610
f 2601/2761/2610 939/1033/959 951/1046/972 2602/2763/2612
f 2602/2763/2612 951/1046/972 963/1059/985 2603/2765/2614
f 2603/2765/2614 963/1059/985 975/1072/998 2604/2767/2616
f 2604/2767/2616 975/1072/998 987/1085/1011 2605/2769/2618
f 2605/2769/2618 987/1085/1011 999/1098/1024 2606/2771/2620
f 2606/2771/2620 999/1098/1024 1164/3638/1200 2870/2773/2622
f 2870/3048/2622 1164/1286/1200 1163/1284/1198 2858/3035/2884
f 2858/3035/2884 1163/1284/1198 1162/1282/1196 2846/3022/2871
f 2846/3022/2871 1162/1282/1196 1161/1280/1194 2834/3009/2858
f 2834/3009/2858 1161/1280/1194 1160/1278/1192 2822/2996/2845
f 2822/2996/2845 1160/1278/1192 1159/1276/1190 2810/2983/2832
f 2810/2983/2832 1159/1276/1190 1158/1274/1188 2798/2970/2819
f 2798/2970/2819 1158/1274/1188 1157/1272/1186 2786/2957/2806
f 2786/2957/2806 1157/1272/1186 1156/1270/1184 2774/2944/2793
f 2774/2944/2793 1156/1270/1184 1155/1268/1182 2762/2931/2780
f 2762/2931/2780 1155/1268/1182 1154/1265/1179 2750/2907/2756
f 2750/2907/2756 1154/1265/1179 867/17/17 2594/20/20
f 1297/10/10 3025/9/9 3039/3194/3030 1300/1409/1310
f 1300/1409/1310 3039/3194/3030 3051/3218/3054 1301/1412/1313
f 1301/1412/1313 3051/3218/3054 3063/3231/3067 1302/1414/1315
f 1302/1414/1315 3063/3231/3067 3075/3244/3080 1303/1416/1317
f 1303/1416/1317 3075/3244/3080 3087/3257/3093 1304/1418/1319
f 1304/1418/1319 3087/3257/3093 3099/3270/3106 1305/1420/1321
f 1305/1420/1321 3099/3270/3106 3111/3283/3119 1306/1422/1323
f 1306/1422/1323 3111/3283/3119 3123/3296/3132 1307/1424/1325
f 1307/1424/1325 3123/3296/3132 3135/3309/3145 1308/1426/1327
f 1308/1426/1327 3135/3309/3145 3147/3322/3158 1309/1428/1329
f 1309/1428/1329 3147/3322/3158 3159/3335/3171 1310/1430/1331
f 1310/1430/1331 3159/3335/3171 3324/3639/3347 1574/1432/1333
f 1574/1707/1333 3324/3511/3347 3323/3509/3345 1562/1694/1595
f 1562/1694/1595 3323/3509/3345 3322/3507/3343 1550/1681/1582
f 1550/1681/1582 3322/3507/3343 3321/3505/3341 1538/1668/1569
f 1538/1668/1569 3321/3505/3341 3320/3503/3339 1526/1655/1556
f 1526/1655/1556 3320/3503/3339 3319/3501/3337 1514/1642/1543
f 1514/1642/1543 3319/3501/3337 3318/3499/3335 1502/1629/1530
f 1502/1629/1530 3318/3499/3335 3317/3497/3333 1490/1616/1517
f 1490/1616/1517 3317/3497/3333 3316/3495/3331 1478/1603/1504
f 1478/1603/1504 3316/3495/3331 3315/3493/3329 1466/1590/1491
f 1466/1590/1491 3315/3493/3329 3314/3490/3326 1454/1566/1467
f 1454/1566/1467 3314/3490/3326 3027/19/19 1298/18/18
f 3026/6/6 2595/5/5 2893/3062/2899 3171/3347/3183
f 3171/3347/3183 2893/3062/2899 2905/3084/2921 3172/3350/3186
f 3172/3350/3186 2905/3084/2921 2917/3096/2933 3173/3352/3188
f 3173/3352/3188 2917/3096/2933 2929/3108/2945 3174/3354/3190
f 3174/3354/3190 2929/3108/2945 2941/3120/2957 3175/3356/3192
f 3175/3356/3192 2941/3120/2957 2953/3132/2969 3176/3358/3194
f 3176/3358/3194 2953/3132/2969 2965/3144/2981 3177/3360/3196
f 3177/3360/3196 2965/3144/2981 2977/3156/2993 3178/3362/3198
f 3178/3362/3198 2977/3156/2993 2989/3168/3005 3179/3364/3200
f 3179/3364/3200 2989/3168/3005 3001/3180/3017 3180/3366/3202
f 3180/3366/3202 3001/3180/3017 3013/2928/2777 3181/3368/3204
f 3181/3368/3204 3013/2928/2777 2749/2926/2775 3445/3370/3206
f 3445/3370/3206 2749/2926/2775 2748/2924/2773 3433/3620/3446
f 3433/3620/3446 2748/2924/2773 2747/2922/2771 3421/3607/3434
f 3421/3607/3434 2747/2922/2771 2746/2920/2769 3409/3594/3422
f 3409/3594/3422 2746/2920/2769 2745/2918/2767 3397/3581/3410
f 3397/3581/3410 2745/2918/2767 2744/2916/2765 3385/3568/3398
f 3385/3568/3398 2744/2916/2765 2743/2914/2763 3373/3555/3386
f 3373/3555/3386 2743/2914/2763 2742/2912/2761 3361/3542/3374
f 3361/3542/3374 2742/2912/2761 2741/2910/2759 3349/3529/3362
f 3349/3529/3362 2741/2910/2759 2740/2908/2757 3337/3516/3350
f 3337/3516/3350 2740/2908/2757 2739/2905/2754 3325/3492/3328
f 3325/3492/3328 2739/2905/2754 2594/20/20 3027/19/19
f 1729/1863/1739 2593/2749/2598 2607/2752/2601 1732/1864/1740
f 1732/1864/1740 2607/2752/2601 2619/2776/2625 1733/1867/1743
f 1733/1867/1743 2619/2776/2625 2631/2789/2638 1734/1869/1745
f 1734/1869/1745 2631/2789/2638 2643/2802/2651 1735/1871/1747
f 1735/1871/1747 2643/2802/2651 2655/2815/2664 1736/1873/1749
f 1736/1873/1749 2655/2815/2664 2667/2828/2677 1737/1875/1751
f 1737/1875/1751 2667/2828/2677 2679/2841/2690 1738/1877/1753
f 1738/1877/1753 2679/2841/2690 2691/2854/2703 1739/1879/1755
f 1739/1879/1755 2691/2854/2703 2703/2867/2716 1740/1881/1757
f 1740/1881/1757 2703/2867/2716 2715/2880/2729 1741/1883/1759
f 1741/1883/1759 2715/2880/2729 2727/2893/2742 1742/1885/1761
f 1742/1885/1761 2727/2893/2742 2892/3081/2918 2006/1887/1763
f 2006/1887/1763 2892/3081/2918 2891/3079/2916 1994/2149/2025
f 1994/2149/2025 2891/3079/2916 2890/3077/2914 1982/2136/2012
f 1982/2136/2012 2890/3077/2914 2889/3075/2912 1970/2123/1999
f 1970/2123/1999 2889/3075/2912 2888/3073/2910 1958/2110/1986
f 1958/2110/1986 2888/3073/2910 2887/3071/2908 1946/2097/1973
f 1946/2097/1973 2887/3071/2908 2886/3069/2906 1934/2084/1960
f 1934/2084/1960 2886/3069/2906 2885/3067/2904 1922/2071/1947
f 1922/2071/1947 2885/3067/2904 2884/3065/2902 1910/2058/1934
f 1910/2058/1934 2884/3065/2902 2883/3063/2900 1898/2045/1921
f 1898/2045/1921 2883/3063/2900 2882/3060/2897 1886/2021/1897
f 1886/2021/1897 2882/3060/2897 2595/5/5 1730/8/8
f 3025/9/9 2161/12/12 2175/2309/2171 3028/3192/3028
f 3028/3192/3028 2175/2309/2171 2187/2333/2195 3029/3195/3031
f 3029/3195/3031 2187/2333/2195 2199/2346/2208 3030/3197/3033
f 3030/3197/3033 2199/2346/2208 2211/2359/2221 3031/3199/3035
f 3031/3199/3035 2211/2359/2221 2223/2372/2234 3032/3201/3037
f 3032/3201/3037 2223/2372/2234 2235/2385/2247 3033/3203/3039
f 3033/3203/3039 2235/2385/2247 2247/2398/2260 3034/3205/3041
f 3034/3205/3041 2247/2398/2260 2259/2411/2273 3035/3207/3043
f 3035/3207/3043 2259/2411/2273 2271/2424/2286 3036/3209/3045
f 3036/3209/3045 2271/2424/2286 2283/2437/2299 3037/3211/3047
f 3037/3211/3047 2283/2437/2299 2295/2450/2312 3038/3213/3049
f 3038/3213/3049 2295/2450/2312 2460/2638/2488 3302/3215/3051
f 3302/3215/3051 2460/2638/2488 2459/2636/2486 3290/3477/3313
f 3290/3477/3313 2459/2636/2486 2458/2634/2484 3278/3464/3300
f 3278/3464/3300 2458/2634/2484 2457/2632/2482 3266/3451/3287
f 3266/3451/3287 2457/2632/2482 2456/2630/2480 3254/3438/3274
f 3254/3438/3274 2456/2630/2480 2455/2628/2478 3242/3425/3261
f 3242/3425/3261 2455/2628/2478 2454/2626/2476 3230/3412/3248
f 3230/3412/3248 2454/2626/2476 2453/2624/2474 3218/3399/3235
f 3218/3399/3235 2453/2624/2474 2452/2622/2472 3206/3386/3222
f 3206/3386/3222 2452/2622/2472 2451/2620/2470 3194/3373/3209
f 3194/3373/3209 2451/2620/2470 2450/2617/2467 3182/3349/3185
f 3182/3349/3185 2450/2617/2467 2163/7/7 3026/6/6
f 2162/2/2 1731/1/1 2029/2164/2040 2307/2462/2324
f 2307/2462/2324 2029/2164/2040 2041/2188/2062 2308/2465/2327
f 2308/2465/2327 2041/2188/2062 2053/2201/2074 2309/2467/2329
f 2309/2467/2329 2053/2201/2074 2065/2214/2086 2310/2469/2331
f 2310/2469/2331 2065/2214/2086 2077/2227/2098 2311/2471/2333
f 2311/2471/2333 2077/2227/2098 2089/2240/2110 2312/2473/2335
f 2312/2473/2335 2089/2240/2110 2101/2253/2122 2313/2475/2337
f 2313/2475/2337 2101/2253/2122 2113/2266/2134 2314/2477/2339
f 2314/2477/2339 2113/2266/2134 2125/2279/2146 2315/2479/2341
f 2315/2479/2341 2125/2279/2146 2137/2292/2158 2316/2481/2343
f 2316/2481/2343 2137/2292/2158 2149/2042/1918 2317/2483/2345
f 2317/2483/2345 2149/2042/1918 1885/2040/1916 2581/2485/2347
f 2581/2485/2347 1885/2040/1916 1884/2038/1914 2569/2737/2587
f 2569/2737/2587 1884/2038/1914 1883/2036/1912 2557/2725/2575
f 2557/2725/2575 1883/2036/1912 1882/2034/1910 2545/2713/2563
f 2545/2713/2563 1882/2034/1910 1881/2032/1908 2533/2701/2551
f 2533/2701/2551 1881/2032/1908 1880/2030/1906 2521/2689/2539
f 2521/2689/2539 1880/2030/1906 1879/2028/1904 2509/2677/2527
f 2509/2677/2527 1879/2028/1904 1878/2026/1902 2497/2665/2515
f 2497/2665/2515 1878/2026/1902 1877/2024/1900 2485/2653/2503
f 2485/2653/2503 1877/2024/1900 1876/2022/1898 2473/2641/2491
f 2473/2641/2491 1876/2022/1898 1875/2019/1895 2461/2619/2469
f 2461/2619/2469 1875/2019/1895 1730/8/8 2163/7/7
f 1/21/21 1729/1863/1739 1743/1866/1742 4/22/22
f 4/22/22 1743/1866/1742 1755/1890/1766 5/25/25
f 5/25/25 1755/1890/1766 1767/1903/1779 6/27/27
f 6/27/27 1767/1903/1779 1779/1916/1792 7/29/29
f 7/29/29 1779/1916/1792 1791/1929/1805 8/31/31
f 8/31/31 1791/1929/1805 1803/1942/1818 9/33/33
f 9/33/33 1803/1942/1818 1815/1955/1831 10/35/35
f 10/35/35 1815/1955/1831 1827/1968/1844 11/37/37
f 11/37/37 1827/1968/1844 1839/1981/1857 12/39/39
f 12/39/39 1839/1981/1857 1851/1994/1870 13/41/41
f 13/41/41 1851/1994/1870 1863/2007/1883 14/43/43
f 14/43/43 1863/2007/1883 2028/3640/2059 278/45/45
f 278/320/45 2028/2183/2059 2027/2181/2057 266/307/307
f 266/307/307 2027/2181/2057 2026/2179/2055 254/294/294
f 254/294/294 2026/2179/2055 2025/2177/2053 242/281/281
f 242/281/281 2025/2177/2053 2024/2175/2051 230/268/268
f 230/268/268 2024/2175/2051 2023/2173/2049 218/255/255
f 218/255/255 2023/2173/2049 2022/2171/2047 206/242/242
f 206/242/242 2022/2171/2047 2021/2169/2045 194/229/229
f 194/229/229 2021/2169/2045 2020/2167/2043 182/216/216
f 182/216/216 2020/2167/2043 2019/2165/2041 170/203/203
f 170/203/203 2019/2165/2041 2018/2162/2038 158/179/179
f 158/179/179 2018/2162/2038 1731/1/1 2/4/4
f 2161/12/12 434/11/11 590/645/608 2164/2307/2169
f 2164/2307/2169 590/645/608 602/669/632 2165/2310/2172
f 2165/2310/2172 602/669/632 614/682/645 2166/2312/2174
f 2166/2312/2174 614/682/645 626/695/658 2167/2314/2176
f 2167/2314/2176 626/695/658 638/708/671 2168/2316/2178
f 2168/2316/2178 638/708/671 650/721/684 2169/2318/2180
f 2169/2318/2180 650/721/684 662/734/697 2170/2320/2182
f 2170/2320/2182 662/734/697 674/747/710 2171/2322/2184
f 2171/2322/2184 674/747/710 686/760/723 2172/2324/2186
f 2172/2324/2186 686/760/723 698/773/736 2173/2326/2188
f 2173/2326/2188 698/773/736 710/786/474 2174/2328/2190
f 2174/2328/2190 710/786/474 446/3641/472 2438/2330/2192
f 2438/2605/2192 446/509/472 445/507/470 2426/2592/2454
f 2426/2592/2454 445/507/470 444/505/468 2414/2579/2441
f 2414/2579/2441 444/505/468 443/503/466 2402/2566/2428
f 2402/2566/2428 443/503/466 442/501/464 2390/2553/2415
f 2390/2553/2415 442/501/464 441/499/462 2378/2540/2402
f 2378/2540/2402 441/499/462 440/497/460 2366/2527/2389
f 2366/2527/2389 440/497/460 439/495/458 2354/2514/2376
f 2354/2514/2376 439/495/458 438/493/456 2342/2501/2363
f 2342/2501/2363 438/493/456 437/491/454 2330/2488/2350
f 2330/2488/2350 437/491/454 436/488/451 2318/2464/2326
f 2318/2464/2326 436/488/451 433/3/3 2162/2/2
f 865/954/880 2593/2749/2598 1729/1863/1739 1/21/21
o bot_Cube.003
v -0.510000 -0.043000 1.820000
v -0.469000 -0.060000 1.820000
v -0.469000 -0.043000 1.860000
v -0.508973 -0.046781 1.820000
v -0.505942 -0.050374 1.820000
v -0.501056 -0.053599 1.820000
v -0.508973 -0.043000 1.828896
v -0.507755 -0.046943 1.829182
v -0.504577 -0.050503 1.829144
v -0.499985 -0.053451 1.829028
v -0.505942 -0.043000 1.837351
v -0.504558 -0.046920 1.837649
v -0.501591 -0.050298 1.837149
v -0.497711 -0.052901 1.836514
v -0.501056 -0.043000 1.844938
v -0.499943 -0.046849 1.844630
v -0.497700 -0.050022 1.843302
v -0.495007 -0.052293 1.841866
v -0.469000 -0.059574 1.828896
v -0.469000 -0.058317 1.837351
v -0.469000 -0.056292 1.844938
v -0.478119 -0.059574 1.820000
v -0.478411 -0.059069 1.829278
v -0.478372 -0.057751 1.837654
v -0.478254 -0.055847 1.844591
v -0.486785 -0.058317 1.820000
v -0.487090 -0.057744 1.829223
v -0.486578 -0.056513 1.837173
v -0.485927 -0.054904 1.843296
v -0.494562 -0.056292 1.820000
v -0.494246 -0.055830 1.829056
v -0.492884 -0.054900 1.836523
v -0.491413 -0.053783 1.841866
v -0.478119 -0.043000 1.858998
v -0.486785 -0.043000 1.856041
v -0.494562 -0.043000 1.851274
v -0.469000 -0.046781 1.858998
v -0.478510 -0.046902 1.857810
v -0.487095 -0.046886 1.854709
v -0.494205 -0.046837 1.850229
v -0.469000 -0.050374 1.856041
v -0.478453 -0.050501 1.854691
v -0.486602 -0.050288 1.851796
v -0.492878 -0.050019 1.848010
v -0.469000 -0.053599 1.851274
v -0.478282 -0.053468 1.850188
v -0.485936 -0.052903 1.848000
v -0.491413 -0.052293 1.845372
v -0.469000 0.263000 1.860000
v -0.469000 0.280000 1.820000
v -0.510000 0.263000 1.820000
v -0.469000 0.266781 1.858998
v -0.469000 0.270374 1.856041
v -0.469000 0.273599 1.851274
v -0.478119 0.263000 1.858998
v -0.478411 0.266943 1.857810
v -0.478372 0.270503 1.854709
v -0.478254 0.273451 1.850229
v -0.486785 0.263000 1.856041
v -0.487090 0.266920 1.854691
v -0.486578 0.270298 1.851796
v -0.485927 0.272901 1.848010
v -0.494562 0.263000 1.851274
v -0.494246 0.266849 1.850188
v -0.492884 0.270022 1.848000
v -0.491413 0.272293 1.845372
v -0.478119 0.279574 1.820000
v -0.486785 0.278317 1.820000
v -0.494562 0.276292 1.820000
v -0.469000 0.279574 1.828896
v -0.478510 0.279069 1.829182
v -0.487095 0.277751 1.829144
v -0.494205 0.275847 1.829028
v -0.469000 0.278317 1.837351
v -0.478453 0.277744 1.837649
v -0.486602 0.276513 1.837149
v -0.492878 0.274904 1.836514
v -0.469000 0.276292 1.844938
v -0.478282 0.275830 1.844630
v -0.485936 0.274900 1.843302
v -0.491413 0.273783 1.841866
v -0.508973 0.263000 1.828896
v -0.505942 0.263000 1.837351
v -0.501056 0.263000 1.844938
v -0.508973 0.266781 1.820000
v -0.507755 0.266902 1.829278
v -0.504577 0.266886 1.837654
v -0.499985 0.266837 1.844591
v -0.505942 0.270374 1.820000
v -0.504558 0.270501 1.829223
v -0.501591 0.270288 1.837173
v -0.497711 0.270019 1.843296
v -0.501056 0.273599 1.820000
v -0.499943 0.273468 1.829056
v -0.497700 0.272903 1.836523
v -0.495007 0.272293 1.841866
v -0.469000 -0.060000 1.100000
v -0.510000 -0.043000 1.100000
v -0.510000 -0.043000 1.020000
v -0.469000 -0.060000 1.020000
v -0.478097 -0.059535 1.100000
v -0.486715 -0.058257 1.100000
v -0.494441 -0.056229 1.100000
v -0.469000 -0.060000 1.088571
v -0.478438 -0.059543 1.088571
v -0.487206 -0.058232 1.088571
v -0.494727 -0.056237 1.088571
v -0.469000 -0.060000 1.077143
v -0.478602 -0.059527 1.077143
v -0.487479 -0.058175 1.077143
v -0.494855 -0.056194 1.077143
v -0.469000 -0.060000 1.065714
v -0.478676 -0.059520 1.065714
v -0.487580 -0.058154 1.065714
v -0.494898 -0.056179 1.065714
v -0.510000 -0.043000 1.088571
v -0.510000 -0.043000 1.077143
v -0.510000 -0.043000 1.065714
v -0.508973 -0.046781 1.100000
v -0.508908 -0.046897 1.088571
v -0.508861 -0.046978 1.077143
v -0.508842 -0.047012 1.065714
v -0.505942 -0.050374 1.100000
v -0.505726 -0.050557 1.088571
v -0.505597 -0.050664 1.077143
v -0.505548 -0.050704 1.065714
v -0.501056 -0.053599 1.100000
v -0.500888 -0.053686 1.088571
v -0.500813 -0.053724 1.077143
v -0.500785 -0.053738 1.065714
v -0.508879 -0.046772 1.020000
v -0.505796 -0.050345 1.020000
v -0.500905 -0.053549 1.020000
v -0.510000 -0.043000 1.031429
v -0.508899 -0.046914 1.031429
v -0.505736 -0.050549 1.031429
v -0.500924 -0.053667 1.031429
v -0.510000 -0.043000 1.042857
v -0.508860 -0.046982 1.042857
v -0.505599 -0.050662 1.042857
v -0.500820 -0.053720 1.042857
v -0.510000 -0.043000 1.054286
v -0.508842 -0.047012 1.054286
v -0.505548 -0.050704 1.054286
v -0.500785 -0.053738 1.054286
v -0.469000 -0.060000 1.031429
v -0.469000 -0.060000 1.042857
v -0.469000 -0.060000 1.054286
v -0.478119 -0.059574 1.020000
v -0.478399 -0.059547 1.031429
v -0.478595 -0.059528 1.042857
v -0.478676 -0.059520 1.054286
v -0.486785 -0.058317 1.020000
v -0.487225 -0.058228 1.031429
v -0.487484 -0.058174 1.042857
v -0.487580 -0.058154 1.054286
v -0.494562 -0.056292 1.020000
v -0.494771 -0.056222 1.031429
v -0.494864 -0.056191 1.042857
v -0.494898 -0.056179 1.054286
v -0.510000 0.263000 1.100000
v -0.469000 0.280000 1.100000
v -0.469000 0.266295 1.036334
v -0.510000 0.228101 1.020000
v -0.508879 0.266772 1.100000
v -0.505796 0.270345 1.100000
v -0.500905 0.273549 1.100000
v -0.510000 0.262096 1.094153
v -0.508075 0.265192 1.091690
v -0.505200 0.268821 1.090579
v -0.500727 0.272161 1.089948
v -0.510000 0.259513 1.085546
v -0.507724 0.262945 1.082476
v -0.504769 0.266760 1.080618
v -0.500562 0.270319 1.079527
v -0.510000 0.255358 1.074625
v -0.507679 0.259571 1.071938
v -0.504740 0.263789 1.069941
v -0.500622 0.267687 1.068709
v -0.469000 0.279629 1.090519
v -0.469000 0.278601 1.080333
v -0.469000 0.276963 1.069947
v -0.478097 0.279535 1.100000
v -0.478146 0.278302 1.089790
v -0.478309 0.277055 1.079428
v -0.478393 0.275223 1.068970
v -0.486715 0.278257 1.100000
v -0.486812 0.276803 1.089460
v -0.487034 0.275295 1.078867
v -0.487170 0.273229 1.068260
v -0.494441 0.276229 1.100000
v -0.494527 0.274824 1.089464
v -0.494638 0.273149 1.078824
v -0.494767 0.270808 1.068043
v -0.478065 0.262530 1.031179
v -0.486685 0.257763 1.026669
v -0.494430 0.252222 1.023031
v -0.469000 0.269324 1.042648
v -0.478208 0.265927 1.039981
v -0.486903 0.262153 1.036941
v -0.494554 0.257697 1.034490
v -0.469000 0.272205 1.050624
v -0.478295 0.269410 1.049121
v -0.487028 0.266382 1.047327
v -0.494635 0.262838 1.045909
v -0.469000 0.274795 1.059876
v -0.478360 0.272643 1.058799
v -0.487139 0.270243 1.057743
v -0.494757 0.267367 1.057083
v -0.510000 0.235858 1.033936
v -0.510000 0.243227 1.048156
v -0.510000 0.249838 1.061949
v -0.508889 0.233817 1.018899
v -0.507845 0.241556 1.033290
v -0.507686 0.248640 1.046961
v -0.507690 0.254774 1.060027
v -0.505813 0.239944 1.019049
v -0.504910 0.247185 1.032846
v -0.504723 0.253823 1.045951
v -0.504755 0.259477 1.058387
v -0.500914 0.246183 1.020448
v -0.500594 0.252671 1.033154
v -0.500544 0.258669 1.045513
v -0.500633 0.263810 1.057384
v 0.269000 -0.060000 1.820000
v 0.310000 -0.043000 1.820000
v 0.269000 -0.043000 1.860000
v 0.278119 -0.059574 1.820000
v 0.286785 -0.058317 1.820000
v 0.294562 -0.056292 1.820000
v 0.269000 -0.059574 1.828896
v 0.278510 -0.059069 1.829182
v 0.287096 -0.057751 1.829144
v 0.294206 -0.055847 1.829028
v 0.269000 -0.058317 1.837351
v 0.278453 -0.057744 1.837649
v 0.286602 -0.056513 1.837149
v 0.292878 -0.054904 1.836514
v 0.269000 -0.056292 1.844938
v 0.278283 -0.055830 1.844630
v 0.285937 -0.054900 1.843302
v 0.291413 -0.053783 1.841866
v 0.308973 -0.043000 1.828896
v 0.305942 -0.043000 1.837351
v 0.301056 -0.043000 1.844938
v 0.308973 -0.046781 1.820000
v 0.307756 -0.046902 1.829278
v 0.304577 -0.046886 1.837654
v 0.299985 -0.046837 1.844591
v 0.305942 -0.050374 1.820000
v 0.304558 -0.050501 1.829223
v 0.301591 -0.050288 1.837173
v 0.297711 -0.050019 1.843296
v 0.301056 -0.053599 1.820000
v 0.299943 -0.053468 1.829056
v 0.297700 -0.052903 1.836523
v 0.295007 -0.052293 1.841866
v 0.269000 -0.046781 1.858998
v 0.269000 -0.050374 1.856041
v 0.269000 -0.053599 1.851274
v 0.278119 -0.043000 1.858998
v 0.278411 -0.046943 1.857810
v 0.278372 -0.050503 1.854709
v 0.278254 -0.053451 1.850229
v 0.286785 -0.043000 1.856041
v 0.287090 -0.046920 1.854691
v 0.286578 -0.050298 1.851796
v 0.285927 -0.052901 1.848010
v 0.294562 -0.043000 1.851274
v 0.294246 -0.046849 1.850188
v 0.292884 -0.050022 1.848000
v 0.291413 -0.052293 1.845372
v 0.310000 0.263000 1.820000
v 0.269000 0.280000 1.820000
v 0.269000 0.263000 1.860000
v 0.308973 0.266781 1.820000
v 0.305942 0.270374 1.820000
v 0.301056 0.273599 1.820000
v 0.308973 0.263000 1.828896
v 0.307756 0.266943 1.829182
v 0.304577 0.270503 1.829144
v 0.299985 0.273451 1.829028
v 0.305942 0.263000 1.837351
v 0.304558 0.266920 1.837649
v 0.301591 0.270298 1.837149
v 0.297711 0.272901 1.836514
v 0.301056 0.263000 1.844938
v 0.299943 0.266849 1.844630
v 0.297700 0.270022 1.843302
v 0.295007 0.272293 1.841866
v 0.269000 0.279574 1.828896
v 0.269000 0.278317 1.837351
v 0.269000 0.276292 1.844938
v 0.278119 0.279574 1.820000
v 0.278411 0.279069 1.829278
v 0.278372 0.277751 1.837654
v 0.278254 0.275847 1.844591
v 0.286785 0.278317 1.820000
v 0.287090 0.277744 1.829223
v 0.286578 0.276513 1.837173
v 0.285927 0.274904 1.843296
v 0.294562 0.276292 1.820000
v 0.294246 0.275830 1.829056
v 0.292884 0.274900 1.836523
v 0.291413 0.273783 1.841866
v 0.278119 0.263000 1.858998
v 0.286785 0.263000 1.856041
v 0.294562 0.263000 1.851274
v 0.269000 0.266781 1.858998
v 0.278510 0.266902 1.857810
v 0.287096 0.266886 1.854709
v 0.294206 0.266837 1.850229
v 0.269000 0.270374 1.856041
v 0.278453 0.270501 1.854691
v 0.286602 0.270288 1.851796
v 0.292878 0.270019 1.848010
v 0.269000 0.273599 1.851274
v 0.278283 0.273468 1.850188
v 0.285937 0.272903 1.848000
v 0.291413 0.272293 1.845372
v 0.269000 -0.060000 1.020000
v 0.310000 -0.043000 1.020000
v 0.310000 -0.043000 1.100000
v 0.269000 -0.060000 1.100000
v 0.278098 -0.059535 1.020000
v 0.286715 -0.058257 1.020000
v 0.294441 -0.056229 1.020000
v 0.269000 -0.060000 1.031429
v 0.278439 -0.059543 1.031429
v 0.287206 -0.058232 1.031429
v 0.294727 -0.056237 1.031429
v 0.269000 -0.060000 1.042857
v 0.278603 -0.059527 1.042857
v 0.287479 -0.058175 1.042857
v 0.294855 -0.056194 1.042857
v 0.269000 -0.060000 1.054286
v 0.278676 -0.059520 1.054286
v 0.287580 -0.058154 1.054286
v 0.294898 -0.056179 1.054286
v 0.310000 -0.043000 1.031429
v 0.310000 -0.043000 1.042857
v 0.310000 -0.043000 1.054286
v 0.308973 -0.046781 1.020000
v 0.308908 -0.046897 1.031429
v 0.308862 -0.046978 1.042857
v 0.308842 -0.047012 1.054286
v 0.305942 -0.050374 1.020000
v 0.305727 -0.050557 1.031429
v 0.305597 -0.050664 1.042857
v 0.305548 -0.050704 1.054286
v 0.301056 -0.053599 1.020000
v 0.300888 -0.053686 1.031429
v 0.300813 -0.053724 1.042857
v 0.300785 -0.053738 1.054286
v 0.308879 -0.046772 1.100000
v 0.305797 -0.050345 1.100000
v 0.300905 -0.053549 1.100000
v 0.310000 -0.043000 1.088571
v 0.308899 -0.046914 1.088571
v 0.305736 -0.050549 1.088571
v 0.300924 -0.053667 1.088571
v 0.310000 -0.043000 1.077143
v 0.308860 -0.046982 1.077143
v 0.305599 -0.050662 1.077143
v 0.300820 -0.053720 1.077143
v 0.310000 -0.043000 1.065714
v 0.308842 -0.047012 1.065714
v 0.305548 -0.050704 1.065714
v 0.300785 -0.053738 1.065714
v 0.269000 -0.060000 1.088571
v 0.269000 -0.060000 1.077143
v 0.269000 -0.060000 1.065714
v 0.278119 -0.059574 1.100000
v 0.278399 -0.059547 1.088571
v 0.278595 -0.059528 1.077143
v 0.278676 -0.059520 1.065714
v 0.286785 -0.058317 1.100000
v 0.287225 -0.058228 1.088571
v 0.287484 -0.058174 1.077143
v 0.287580 -0.058154 1.065714
v 0.294562 -0.056292 1.100000
v 0.294771 -0.056222 1.088571
v 0.294864 -0.056191 1.077143
v 0.294898 -0.056179 1.065714
v 0.269000 0.266295 1.036334
v 0.269000 0.280000 1.100000
v 0.310000 0.263000 1.100000
v 0.310000 0.228101 1.020000
v 0.269000 0.269324 1.042648
v 0.269000 0.272205 1.050624
v 0.269000 0.274795 1.059876
v 0.278065 0.262530 1.031179
v 0.278113 0.265857 1.039912
v 0.278276 0.269430 1.048926
v 0.278360 0.272655 1.058687
v 0.286685 0.257763 1.026669
v 0.286782 0.262028 1.037036
v 0.287004 0.266364 1.047309
v 0.287139 0.270245 1.057720
v 0.294431 0.252222 1.023031
v 0.294516 0.257630 1.034539
v 0.294628 0.262824 1.045919
v 0.294757 0.267367 1.057083
v 0.278098 0.279535 1.100000
v 0.286715 0.278257 1.100000
v 0.294441 0.276229 1.100000
v 0.269000 0.279629 1.090519
v 0.278241 0.278321 1.089750
v 0.286934 0.276909 1.089452
v 0.294564 0.274880 1.089464
v 0.269000 0.278601 1.080333
v 0.278328 0.276976 1.079378
v 0.287059 0.275300 1.078857
v 0.294646 0.273160 1.078824
v 0.269000 0.276963 1.069947
v 0.278394 0.275177 1.068928
v 0.287170 0.273220 1.068251
v 0.294767 0.270808 1.068043
v 0.310000 0.262096 1.094153
v 0.310000 0.259513 1.085546
v 0.310000 0.255358 1.074625
v 0.308879 0.266772 1.100000
v 0.307841 0.265345 1.091978
v 0.307676 0.263188 1.082850
v 0.307679 0.259690 1.072124
v 0.305797 0.270345 1.100000
v 0.304902 0.268809 1.090637
v 0.304709 0.266800 1.080693
v 0.304740 0.263813 1.069978
v 0.300905 0.273549 1.100000
v 0.300588 0.272145 1.089948
v 0.300534 0.270316 1.079527
v 0.300622 0.267687 1.068709
v 0.308889 0.233817 1.018899
v 0.305813 0.239944 1.019049
v 0.300914 0.246183 1.020448
v 0.310000 0.235858 1.033936
v 0.308075 0.241451 1.033106
v 0.305202 0.247139 1.032644
v 0.300730 0.252646 1.033066
v 0.310000 0.243227 1.048156
v 0.307731 0.248533 1.046894
v 0.304780 0.253797 1.045904
v 0.300571 0.258664 1.045496
v 0.310000 0.249838 1.061949
v 0.307690 0.254743 1.060040
v 0.304756 0.259471 1.058389
v 0.300633 0.263810 1.057384
v -0.510000 -0.043000 0.806455
v -0.469000 -0.043000 0.766455
v -0.469000 -0.060000 0.806455
v -0.508973 -0.043000 0.797558
v -0.505942 -0.043000 0.789103
v -0.501056 -0.043000 0.781517
v -0.508973 -0.046781 0.806455
v -0.507755 -0.046902 0.797177
v -0.504577 -0.046886 0.788801
v -0.499985 -0.046837 0.781864
v -0.505942 -0.050374 0.806455
v -0.504558 -0.050501 0.797232
v -0.501591 -0.050288 0.789282
v -0.497711 -0.050019 0.783159
v -0.501056 -0.053599 0.806455
v -0.499943 -0.053468 0.797399
v -0.497700 -0.052903 0.789931
v -0.495007 -0.052293 0.784589
v -0.469000 -0.046781 0.767457
v -0.469000 -0.050374 0.770414
v -0.469000 -0.053599 0.775180
v -0.478119 -0.043000 0.767457
v -0.478411 -0.046943 0.768645
v -0.478372 -0.050503 0.771746
v -0.478254 -0.053451 0.776226
v -0.486785 -0.043000 0.770414
v -0.487090 -0.046920 0.771764
v -0.486578 -0.050298 0.774659
v -0.485927 -0.052901 0.778444
v -0.494562 -0.043000 0.775180
v -0.494246 -0.046849 0.776266
v -0.492884 -0.050022 0.778455
v -0.491413 -0.052293 0.781082
v -0.478119 -0.059574 0.806455
v -0.486785 -0.058317 0.806455
v -0.494562 -0.056292 0.806455
v -0.469000 -0.059574 0.797558
v -0.478510 -0.059069 0.797273
v -0.487095 -0.057751 0.797311
v -0.494205 -0.055847 0.797427
v -0.469000 -0.058317 0.789103
v -0.478453 -0.057744 0.788806
v -0.486602 -0.056513 0.789306
v -0.492878 -0.054904 0.789941
v -0.469000 -0.056292 0.781517
v -0.478282 -0.055830 0.781825
v -0.485936 -0.054900 0.783153
v -0.491413 -0.053783 0.784589
v 0.269000 -0.060000 0.806455
v 0.269000 -0.043000 0.766455
v 0.310000 -0.043000 0.806455
v 0.269000 -0.059574 0.797558
v 0.269000 -0.058317 0.789103
v 0.269000 -0.056292 0.781517
v 0.278119 -0.059574 0.806455
v 0.278411 -0.059069 0.797177
v 0.278372 -0.057751 0.788801
v 0.278254 -0.055847 0.781864
v 0.286785 -0.058317 0.806455
v 0.287090 -0.057744 0.797232
v 0.286578 -0.056513 0.789282
v 0.285927 -0.054904 0.783159
v 0.294562 -0.056292 0.806455
v 0.294246 -0.055830 0.797399
v 0.292884 -0.054900 0.789931
v 0.291413 -0.053783 0.784589
v 0.278119 -0.043000 0.767457
v 0.286785 -0.043000 0.770414
v 0.294562 -0.043000 0.775180
v 0.269000 -0.046781 0.767457
v 0.278510 -0.046902 0.768645
v 0.287096 -0.046886 0.771746
v 0.294206 -0.046837 0.776226
v 0.269000 -0.050374 0.770414
v 0.278453 -0.050501 0.771764
v 0.286602 -0.050288 0.774659
v 0.292878 -0.050019 0.778444
v 0.269000 -0.053599 0.775180
v 0.278283 -0.053468 0.776266
v 0.285937 -0.052903 0.778455
v 0.291413 -0.052293 0.781082
v 0.308973 -0.046781 0.806455
v 0.305942 -0.050374 0.806455
v 0.301056 -0.053599 0.806455
v 0.308973 -0.043000 0.797558
v 0.307756 -0.046943 0.797273
v 0.304577 -0.050503 0.797311
v 0.299985 -0.053451 0.797427
v 0.305942 -0.043000 0.789103
v 0.304558 -0.046920 0.788806
v 0.301591 -0.050298 0.789306
v 0.297711 -0.052901 0.789941
v 0.301056 -0.043000 0.781517
v 0.299943 -0.046849 0.781825
v 0.297700 -0.050022 0.783153
v 0.295007 -0.052293 0.784589
v -0.510000 0.127000 1.820000
v -0.510000 0.093000 1.820000
v -0.469000 0.093000 1.860000
v -0.469000 0.127000 1.860000
v -0.510000 0.122143 1.820000
v -0.510000 0.117286 1.820000
v -0.510000 0.112429 1.820000
v -0.508973 0.127000 1.828896
v -0.508908 0.122143 1.829170
v -0.508861 0.117286 1.829361
v -0.508842 0.112429 1.829440
v -0.505942 0.127000 1.837351
v -0.505726 0.122143 1.837781
v -0.505597 0.117286 1.838033
v -0.505548 0.112429 1.838127
v -0.501056 0.127000 1.844938
v -0.500888 0.122143 1.845142
v -0.500813 0.117286 1.845233
v -0.500785 0.112429 1.845266
v -0.508879 0.093000 1.828876
v -0.505796 0.093000 1.837283
v -0.500905 0.093000 1.844820
v -0.510000 0.097857 1.820000
v -0.508899 0.097857 1.829208
v -0.505736 0.097857 1.837762
v -0.500924 0.097857 1.845099
v -0.510000 0.102714 1.820000
v -0.508860 0.102714 1.829368
v -0.505599 0.102714 1.838029
v -0.500820 0.102714 1.845224
v -0.510000 0.107571 1.820000
v -0.508842 0.107571 1.829440
v -0.505548 0.107571 1.838127
v -0.500785 0.107571 1.845266
v -0.469000 0.097857 1.860000
v -0.469000 0.102714 1.860000
v -0.469000 0.107571 1.860000
v -0.478119 0.093000 1.858998
v -0.478399 0.097857 1.858935
v -0.478595 0.102714 1.858889
v -0.478676 0.107571 1.858870
v -0.486785 0.093000 1.856041
v -0.487225 0.097857 1.855831
v -0.487484 0.102714 1.855704
v -0.487580 0.107571 1.855657
v -0.494562 0.093000 1.851274
v -0.494771 0.097857 1.851110
v -0.494864 0.102714 1.851037
v -0.494898 0.107571 1.851010
v -0.478097 0.127000 1.858906
v -0.486715 0.127000 1.855899
v -0.494441 0.127000 1.851127
v -0.469000 0.122143 1.860000
v -0.478438 0.122143 1.858926
v -0.487206 0.122143 1.855840
v -0.494727 0.122143 1.851145
v -0.469000 0.117286 1.860000
v -0.478602 0.117286 1.858887
v -0.487479 0.117286 1.855707
v -0.494855 0.117286 1.851044
v -0.469000 0.112429 1.860000
v -0.478676 0.112429 1.858870
v -0.487580 0.112429 1.855657
v -0.494898 0.112429 1.851010
v -0.510000 0.093000 1.100000
v -0.510000 0.127000 1.100000
v -0.510000 0.127000 1.020000
v -0.510000 0.093000 1.020000
v -0.510000 0.097857 1.100000
v -0.510000 0.102714 1.100000
v -0.510000 0.107571 1.100000
v -0.510000 0.093000 1.088571
v -0.510000 0.097857 1.088571
v -0.510000 0.102714 1.088571
v -0.510000 0.107571 1.088571
v -0.510000 0.093000 1.077143
v -0.510000 0.097857 1.077143
v -0.510000 0.102714 1.077143
v -0.510000 0.107571 1.077143
v -0.510000 0.093000 1.065714
v -0.510000 0.097857 1.065714
v -0.510000 0.102714 1.065714
v -0.510000 0.107571 1.065714
v -0.510000 0.127000 1.088571
v -0.510000 0.127000 1.077143
v -0.510000 0.127000 1.065714
v -0.510000 0.122143 1.100000
v -0.510000 0.122143 1.088571
v -0.510000 0.122143 1.077143
v -0.510000 0.122143 1.065714
v -0.510000 0.117286 1.100000
v -0.510000 0.117286 1.088571
v -0.510000 0.117286 1.077143
v -0.510000 0.117286 1.065714
v -0.510000 0.112429 1.100000
v -0.510000 0.112429 1.088571
v -0.510000 0.112429 1.077143
v -0.510000 0.112429 1.065714
v -0.510000 0.122143 1.020000
v -0.510000 0.117286 1.020000
v -0.510000 0.112429 1.020000
v -0.510000 0.127000 1.031429
v -0.510000 0.122143 1.031429
v -0.510000 0.117286 1.031429
v -0.510000 0.112429 1.031429
v -0.510000 0.127000 1.042857
v -0.510000 0.122143 1.042857
v -0.510000 0.117286 1.042857
v -0.510000 0.112429 1.042857
v -0.510000 0.127000 1.054286
v -0.510000 0.122143 1.054286
v -0.510000 0.117286 1.054286
v -0.510000 0.112429 1.054286
v -0.510000 0.093000 1.031429
v -0.510000 0.093000 1.042857
v -0.510000 0.093000 1.054286
v -0.510000 0.097857 1.020000
v -0.510000 0.097857 1.031429
v -0.510000 0.097857 1.042857
v -0.510000 0.097857 1.054286
v -0.510000 0.102714 1.020000
v -0.510000 0.102714 1.031429
v -0.510000 0.102714 1.042857
v -0.510000 0.102714 1.054286
v -0.510000 0.107571 1.020000
v -0.510000 0.107571 1.031429
v -0.510000 0.107571 1.042857
v -0.510000 0.107571 1.054286
v 0.310000 0.093000 1.100000
v 0.310000 0.093000 1.020000
v 0.310000 0.127000 1.020000
v 0.310000 0.127000 1.100000
v 0.310000 0.093000 1.088571
v 0.310000 0.093000 1.077143
v 0.310000 0.093000 1.065714
v 0.310000 0.097857 1.100000
v 0.310000 0.097857 1.088571
v 0.310000 0.097857 1.077143
v 0.310000 0.097857 1.065714
v 0.310000 0.102714 1.100000
v 0.310000 0.102714 1.088571
v 0.310000 0.102714 1.077143
v 0.310000 0.102714 1.065714
v 0.310000 0.107571 1.100000
v 0.310000 0.107571 1.088571
v 0.310000 0.107571 1.077143
v 0.310000 0.107571 1.065714
v 0.310000 0.097857 1.020000
v 0.310000 0.102714 1.020000
v 0.310000 0.107571 1.020000
v 0.310000 0.093000 1.031429
v 0.310000 0.097857 1.031429
v 0.310000 0.102714 1.031429
v 0.310000 0.107571 1.031429
v 0.310000 0.093000 1.042857
v 0.310000 0.097857 1.042857
v 0.310000 0.102714 1.042857
v 0.310000 0.107571 1.042857
v 0.310000 0.093000 1.054286
v 0.310000 0.097857 1.054286
v 0.310000 0.102714 1.054286
v 0.310000 0.107571 1.054286
v 0.310000 0.127000 1.031429
v 0.310000 0.127000 1.042857
v 0.310000 0.127000 1.054286
v 0.310000 0.122143 1.020000
v 0.310000 0.122143 1.031429
v 0.310000 0.122143 1.042857
v 0.310000 0.122143 1.054286
v 0.310000 0.117286 1.020000
v 0.310000 0.117286 1.031429
v 0.310000 0.117286 1.042857
v 0.310000 0.117286 1.054286
v 0.310000 0.112429 1.020000
v 0.310000 0.112429 1.031429
v 0.310000 0.112429 1.042857
v 0.310000 0.112429 1.054286
v 0.310000 0.122143 1.100000
v 0.310000 0.117286 1.100000
v 0.310000 0.112429 1.100000
v 0.310000 0.127000 1.088571
v 0.310000 0.122143 1.088571
v 0.310000 0.117286 1.088571
v 0.310000 0.112429 1.088571
v 0.310000 0.127000 1.077143
v 0.310000 0.122143 1.077143
v 0.310000 0.117286 1.077143
v 0.310000 0.112429 1.077143
v 0.310000 0.127000 1.065714
v 0.310000 0.122143 1.065714
v 0.310000 0.117286 1.065714
v 0.310000 0.112429 1.065714
v 0.310000 0.093000 1.820000
v 0.310000 0.127000 1.820000
v 0.269000 0.127000 1.860000
v 0.269000 0.093000 1.860000
v 0.310000 0.097857 1.820000
v 0.310000 0.102714 1.820000
v 0.310000 0.107571 1.820000
v 0.308973 0.093000 1.828896
v 0.308908 0.097857 1.829170
v 0.308862 0.102714 1.829361
v 0.308842 0.107571 1.829440
v 0.305942 0.093000 1.837351
v 0.305727 0.097857 1.837781
v 0.305597 0.102714 1.838033
v 0.305548 0.107571 1.838127
v 0.301056 0.093000 1.844938
v 0.300888 0.097857 1.845142
v 0.300813 0.102714 1.845233
v 0.300785 0.107571 1.845266
v 0.308879 0.127000 1.828876
v 0.305797 0.127000 1.837283
v 0.300905 0.127000 1.844820
v 0.310000 0.122143 1.820000
v 0.308899 0.122143 1.829208
v 0.305736 0.122143 1.837762
v 0.300924 0.122143 1.845099
v 0.310000 0.117286 1.820000
v 0.308860 0.117286 1.829368
v 0.305599 0.117286 1.838029
v 0.300820 0.117286 1.845224
v 0.310000 0.112429 1.820000
v 0.308842 0.112429 1.829440
v 0.305548 0.112429 1.838127
v 0.300785 0.112429 1.845266
v 0.269000 0.122143 1.860000
v 0.269000 0.117286 1.860000
v 0.269000 0.112429 1.860000
v 0.278119 0.127000 1.858998
v 0.278399 0.122143 1.858935
v 0.278595 0.117286 1.858889
v 0.278676 0.112429 1.858870
v 0.286785 0.127000 1.856041
v 0.287225 0.122143 1.855831
v 0.287484 0.117286 1.855704
v 0.287580 0.112429 1.855657
v 0.294562 0.127000 1.851274
v 0.294771 0.122143 1.851110
v 0.294864 0.117286 1.851037
v 0.294898 0.112429 1.851010
v 0.278098 0.093000 1.858906
v 0.286715 0.093000 1.855899
v 0.294441 0.093000 1.851127
v 0.269000 0.097857 1.860000
v 0.278439 0.097857 1.858926
v 0.287206 0.097857 1.855840
v 0.294727 0.097857 1.851145
v 0.269000 0.102714 1.860000
v 0.278603 0.102714 1.858887
v 0.287479 0.102714 1.855707
v 0.294855 0.102714 1.851044
v 0.269000 0.107571 1.860000
v 0.278676 0.107571 1.858870
v 0.287580 0.107571 1.855657
v 0.294898 0.107571 1.851010
v -0.510000 0.093000 0.806455
v -0.510000 0.127000 0.845425
v -0.469000 0.123705 0.790120
v -0.469000 0.093000 0.766455
v -0.510000 0.096102 0.807487
v -0.510000 0.100182 0.810387
v -0.510000 0.105035 0.815031
v -0.508879 0.093000 0.797579
v -0.507839 0.096851 0.799229
v -0.507676 0.101068 0.801648
v -0.507679 0.105814 0.805632
v -0.505796 0.093000 0.789172
v -0.504900 0.097294 0.790983
v -0.504709 0.101765 0.793284
v -0.504740 0.106485 0.796790
v -0.500905 0.093000 0.781634
v -0.500587 0.097510 0.783370
v -0.500535 0.102130 0.785614
v -0.500623 0.106887 0.788844
v -0.508883 0.127567 0.835413
v -0.505804 0.127777 0.825345
v -0.500909 0.127618 0.815710
v -0.510000 0.121683 0.836783
v -0.508070 0.121950 0.826652
v -0.505195 0.122217 0.816748
v -0.500726 0.122257 0.807653
v -0.510000 0.116062 0.828567
v -0.507726 0.116399 0.818497
v -0.504773 0.116740 0.808799
v -0.500567 0.116953 0.800153
v -0.510000 0.110419 0.821193
v -0.507684 0.110969 0.811323
v -0.504748 0.111479 0.801978
v -0.500628 0.111824 0.793686
v -0.469000 0.120220 0.784895
v -0.469000 0.116063 0.779918
v -0.469000 0.111439 0.775443
v -0.478083 0.125092 0.793867
v -0.478131 0.120776 0.788979
v -0.478294 0.116354 0.783522
v -0.478379 0.111679 0.778569
v -0.486701 0.126242 0.799578
v -0.486798 0.121430 0.793835
v -0.487020 0.116656 0.787781
v -0.487155 0.111863 0.782311
v -0.494436 0.127098 0.806979
v -0.494521 0.121995 0.799984
v -0.494633 0.116939 0.793171
v -0.494762 0.111973 0.787159
v -0.478097 0.093000 0.767549
v -0.486715 0.093000 0.770556
v -0.494441 0.093000 0.775328
v -0.469000 0.097124 0.767094
v -0.478241 0.097517 0.769695
v -0.486933 0.097641 0.772715
v -0.494564 0.097640 0.777199
v -0.469000 0.101727 0.768869
v -0.478328 0.102144 0.771891
v -0.487058 0.102334 0.775168
v -0.494645 0.102336 0.779548
v -0.469000 0.106579 0.771698
v -0.478393 0.106900 0.774686
v -0.487169 0.107081 0.778121
v -0.494767 0.107107 0.782628
v 0.269000 0.093000 0.766455
v 0.269000 0.123705 0.790120
v 0.310000 0.127000 0.845425
v 0.310000 0.093000 0.806455
v 0.269000 0.097124 0.767094
v 0.269000 0.101727 0.768869
v 0.269000 0.106579 0.771698
v 0.278098 0.093000 0.767549
v 0.278146 0.097479 0.769789
v 0.278309 0.102097 0.771768
v 0.278394 0.106870 0.774607
v 0.286715 0.093000 0.770556
v 0.286812 0.097634 0.772974
v 0.287034 0.102325 0.775192
v 0.287170 0.107075 0.778105
v 0.294441 0.093000 0.775328
v 0.294527 0.097640 0.777333
v 0.294638 0.102336 0.779575
v 0.294767 0.107107 0.782628
v 0.278083 0.125092 0.793867
v 0.286701 0.126242 0.799578
v 0.294436 0.127098 0.806979
v 0.269000 0.120220 0.784895
v 0.278227 0.120747 0.788815
v 0.286920 0.121461 0.793568
v 0.294559 0.122013 0.799848
v 0.269000 0.116063 0.779918
v 0.278314 0.116280 0.783547
v 0.287045 0.116649 0.787740
v 0.294641 0.116942 0.793144
v 0.269000 0.111439 0.775443
v 0.278379 0.111635 0.778591
v 0.287156 0.111855 0.782316
v 0.294762 0.111973 0.787159
v 0.310000 0.121683 0.836783
v 0.310000 0.116062 0.828567
v 0.310000 0.110419 0.821193
v 0.308883 0.127567 0.835413
v 0.307841 0.121916 0.826599
v 0.307680 0.116405 0.818390
v 0.307684 0.110987 0.811288
v 0.305804 0.127777 0.825345
v 0.304904 0.122162 0.816777
v 0.304715 0.116731 0.808785
v 0.304748 0.111483 0.801971
v 0.300909 0.127618 0.815710
v 0.300590 0.122232 0.807654
v 0.300540 0.116948 0.800153
v 0.300628 0.111824 0.793686
v 0.308879 0.093000 0.797579
v 0.305797 0.093000 0.789172
v 0.300905 0.093000 0.781634
v 0.310000 0.096102 0.807487
v 0.308072 0.096950 0.799352
v 0.305195 0.097314 0.790907
v 0.300725 0.097510 0.783333
v 0.310000 0.100182 0.810387
v 0.307723 0.101195 0.801907
v 0.304768 0.101790 0.793316
v 0.300563 0.102130 0.785606
v 0.310000 0.105035 0.815031
v 0.307679 0.105880 0.805764
v 0.304740 0.106498 0.796816
v 0.300623 0.106887 0.788844
vt 0.637500 0.512500
vt 0.862500 0.512500
vt 0.862500 0.737500
vt 0.637500 0.737500
vt 0.487500 0.500000
vt 0.387500 0.500000
vt 0.387500 0.500000
vt 0.487500 0.500000
vt 0.512500 0.012500
vt 0.612500 0.012500
vt 0.612500 0.237500
vt 0.512500 0.237500
vt 0.387500 0.762500
vt 0.487500 0.762500
vt 0.487500 0.987500
vt 0.387500 0.987500
vt 0.387500 0.250000
vt 0.487500 0.250000
vt 0.487500 0.250000
vt 0.387500 0.250000
vt 0.512500 0.500000
vt 0.512500 0.500000
vt 0.586839 0.500000
vt 0.614922 0.487500
vt 0.510077 0.487500
vt 0.510078 0.262500
vt 0.614922 0.262500
vt 0.512500 0.762500
vt 0.612500 0.762500
vt 0.612500 0.987500
vt 0.512500 0.987500
vt 0.512500 0.512500
vt 0.612500 0.512500
vt 0.612500 0.737500
vt 0.512500 0.737500
vt 0.362500 0.500000
vt 0.137500 0.500000
vt 0.137500 0.500000
vt 0.362500 0.500000
vt 0.137500 0.512500
vt 0.362500 0.512500
vt 0.362500 0.737500
vt 0.137500 0.737500
vt 0.387500 0.262500
vt 0.487500 0.262500
vt 0.487500 0.487500
vt 0.387500 0.487500
vt 0.387500 0.512500
vt 0.487500 0.512500
vt 0.487500 0.737500
vt 0.387500 0.737500
vt 0.512500 0.250000
vt 0.586839 0.250000
vt 0.512500 0.250000
vt 0.387500 0.012500
vt 0.384720 0.012500
vt 0.384601 0.009631
vt 0.387500 0.009720
vt 0.382078 0.012500
vt 0.381983 0.009643
vt 0.379707 0.012500
vt 0.379815 0.009679
vt 0.375000 0.012500
vt 0.375000 0.009670
vt 0.384618 0.006985
vt 0.387500 0.007078
vt 0.382134 0.007141
vt 0.380220 0.007339
vt 0.375000 0.007336
vt 0.384670 0.004803
vt 0.387500 0.004707
vt 0.382336 0.005218
vt 0.380667 0.005667
vt 0.375000 0.005667
vt 0.137500 0.740280
vt 0.134631 0.740399
vt 0.134720 0.737500
vt 0.137500 0.742922
vt 0.134643 0.743017
vt 0.137500 0.745293
vt 0.134679 0.745185
vt 0.137500 0.750000
vt 0.134670 0.750000
vt 0.131985 0.740382
vt 0.132078 0.737500
vt 0.132141 0.742866
vt 0.132339 0.744780
vt 0.132336 0.750000
vt 0.129803 0.740330
vt 0.129707 0.737500
vt 0.130218 0.742664
vt 0.130667 0.744333
vt 0.130667 0.750000
vt 0.387500 0.990280
vt 0.384631 0.990399
vt 0.384720 0.987500
vt 0.387500 0.992922
vt 0.384643 0.993017
vt 0.387500 0.995293
vt 0.384679 0.995185
vt 0.387500 1.000000
vt 0.384670 1.000000
vt 0.381985 0.990382
vt 0.382078 0.987500
vt 0.382141 0.992866
vt 0.382339 0.994780
vt 0.382336 1.000000
vt 0.379803 0.990330
vt 0.379707 0.987500
vt 0.380218 0.992664
vt 0.380667 0.994333
vt 0.380667 1.000000
vt 0.380667 0.000000
vt 0.615280 0.987500
vt 0.615399 0.990369
vt 0.612500 0.990280
vt 0.617922 0.987500
vt 0.618017 0.990357
vt 0.620293 0.987500
vt 0.620185 0.990321
vt 0.625000 0.987500
vt 0.625000 0.990330
vt 0.615382 0.993015
vt 0.612500 0.992922
vt 0.617867 0.992859
vt 0.619780 0.992661
vt 0.625000 0.992664
vt 0.615330 0.995197
vt 0.612500 0.995293
vt 0.617664 0.994782
vt 0.619333 0.994333
vt 0.625000 0.994333
vt 0.865280 0.737500
vt 0.865399 0.740369
vt 0.862500 0.740280
vt 0.867922 0.737500
vt 0.868017 0.740357
vt 0.870293 0.737500
vt 0.870185 0.740321
vt 0.875000 0.737500
vt 0.875000 0.740330
vt 0.865382 0.743015
vt 0.862500 0.742922
vt 0.867866 0.742859
vt 0.869780 0.742661
vt 0.875000 0.742664
vt 0.865330 0.745197
vt 0.862500 0.745293
vt 0.867664 0.744782
vt 0.869333 0.744333
vt 0.875000 0.744333
vt 0.612500 0.009720
vt 0.615369 0.009601
vt 0.615280 0.012500
vt 0.612500 0.007078
vt 0.615357 0.006983
vt 0.612500 0.004707
vt 0.615321 0.004815
vt 0.612500 0.000000
vt 0.615330 0.000000
vt 0.618015 0.009618
vt 0.617922 0.012500
vt 0.617859 0.007134
vt 0.617661 0.005220
vt 0.617664 0.000000
vt 0.620197 0.009670
vt 0.620293 0.012500
vt 0.619782 0.007336
vt 0.619333 0.005667
vt 0.619333 0.000000
vt 0.619333 1.000000
vt 0.134726 0.512500
vt 0.134622 0.508928
vt 0.137500 0.508929
vt 0.132099 0.512500
vt 0.131949 0.508929
vt 0.129744 0.512500
vt 0.129656 0.508929
vt 0.125000 0.512500
vt 0.125000 0.508929
vt 0.134572 0.505357
vt 0.137500 0.505357
vt 0.131866 0.505357
vt 0.129617 0.505357
vt 0.125000 0.505357
vt 0.134550 0.501786
vt 0.137500 0.501786
vt 0.131835 0.501786
vt 0.129604 0.501786
vt 0.125000 0.501786
vt 0.387500 0.237500
vt 0.387500 0.241071
vt 0.384634 0.241071
vt 0.384720 0.237500
vt 0.387500 0.244643
vt 0.384575 0.244643
vt 0.387500 0.248214
vt 0.384550 0.248214
vt 0.387500 0.250000
vt 0.384550 0.250000
vt 0.381943 0.241071
vt 0.382078 0.237500
vt 0.381865 0.244643
vt 0.381835 0.248214
vt 0.381835 0.250000
vt 0.379643 0.241071
vt 0.379707 0.237500
vt 0.379615 0.244643
vt 0.379604 0.248214
vt 0.379604 0.250000
vt 0.384726 0.250000
vt 0.384622 0.250000
vt 0.387500 0.250000
vt 0.382099 0.250000
vt 0.381949 0.250000
vt 0.379744 0.250000
vt 0.379656 0.250000
vt 0.375000 0.250000
vt 0.375000 0.250000
vt 0.384572 0.250000
vt 0.387500 0.250000
vt 0.381866 0.250000
vt 0.379617 0.250000
vt 0.375000 0.250000
vt 0.375000 0.250000
vt 0.137500 0.500000
vt 0.134634 0.500000
vt 0.134720 0.500000
vt 0.137500 0.500000
vt 0.134575 0.500000
vt 0.137500 0.500000
vt 0.134550 0.500000
vt 0.131943 0.500000
vt 0.132078 0.500000
vt 0.131865 0.500000
vt 0.131835 0.500000
vt 0.129643 0.500000
vt 0.129707 0.500000
vt 0.129615 0.500000
vt 0.129604 0.500000
vt 0.127809 0.500000
vt 0.127809 0.500000
vt 0.615274 0.237500
vt 0.614112 0.240097
vt 0.611835 0.239327
vt 0.617901 0.237500
vt 0.616780 0.240444
vt 0.620256 0.237500
vt 0.619236 0.240641
vt 0.625000 0.237500
vt 0.625000 0.240793
vt 0.612460 0.242976
vt 0.609936 0.242017
vt 0.615265 0.243557
vt 0.617882 0.243898
vt 0.625000 0.244118
vt 0.609978 0.246269
vt 0.606881 0.245430
vt 0.613080 0.246893
vt 0.615946 0.247279
vt 0.625000 0.247487
vt 0.862500 0.509537
vt 0.865288 0.509309
vt 0.865274 0.512500
vt 0.862500 0.506354
vt 0.865338 0.506071
vt 0.862500 0.503108
vt 0.865364 0.502803
vt 0.862500 0.500000
vt 0.865354 0.500000
vt 0.867931 0.509206
vt 0.867901 0.512500
vt 0.867998 0.505896
vt 0.868039 0.502581
vt 0.868030 0.500000
vt 0.870283 0.509207
vt 0.870256 0.512500
vt 0.870317 0.505882
vt 0.870356 0.502513
vt 0.870353 0.500000
vt 0.612355 0.259736
vt 0.615291 0.259693
vt 0.617311 0.262500
vt 0.609404 0.257108
vt 0.613033 0.257042
vt 0.606214 0.254747
vt 0.610539 0.254709
vt 0.600134 0.250000
vt 0.604905 0.250000
vt 0.618317 0.259666
vt 0.619877 0.262500
vt 0.616603 0.257004
vt 0.614698 0.254684
vt 0.609315 0.250000
vt 0.621305 0.259646
vt 0.622494 0.262500
vt 0.620001 0.256970
vt 0.618528 0.254647
vt 0.613096 0.250000
vt 0.592543 0.250000
vt 0.596732 0.250000
vt 0.591042 0.250000
vt 0.597961 0.250000
vt 0.601941 0.250000
vt 0.602822 0.250000
vt 0.606451 0.250000
vt 0.600871 0.250000
vt 0.595547 0.250000
vt 0.605752 0.250000
vt 0.609910 0.250000
vt 0.618241 0.250000
vt 0.615711 0.250000
vt 0.365280 0.737500
vt 0.365399 0.740369
vt 0.362500 0.740280
vt 0.367922 0.737500
vt 0.368017 0.740357
vt 0.370293 0.737500
vt 0.370185 0.740321
vt 0.379707 0.737500
vt 0.379803 0.740330
vt 0.365382 0.743015
vt 0.362500 0.742922
vt 0.367866 0.742859
vt 0.369780 0.742661
vt 0.380218 0.742664
vt 0.365330 0.745197
vt 0.362500 0.745293
vt 0.367664 0.744782
vt 0.369333 0.744333
vt 0.380667 0.744333
vt 0.387500 0.740280
vt 0.384631 0.740399
vt 0.384720 0.737500
vt 0.387500 0.742922
vt 0.384643 0.743017
vt 0.387500 0.745293
vt 0.384679 0.745185
vt 0.387500 0.754707
vt 0.384670 0.754803
vt 0.381985 0.740382
vt 0.382078 0.737500
vt 0.382141 0.742866
vt 0.382339 0.744780
vt 0.382336 0.755218
vt 0.380667 0.755667
vt 0.384720 0.762500
vt 0.384601 0.759631
vt 0.387500 0.759720
vt 0.382078 0.762500
vt 0.381983 0.759643
vt 0.379707 0.762500
vt 0.379815 0.759679
vt 0.375000 0.762500
vt 0.375000 0.759670
vt 0.384618 0.756985
vt 0.387500 0.757078
vt 0.382134 0.757141
vt 0.380220 0.757339
vt 0.375000 0.757336
vt 0.375000 0.755667
vt 0.375000 0.744333
vt 0.369333 0.750000
vt 0.615280 0.737500
vt 0.615399 0.740369
vt 0.612500 0.740280
vt 0.617922 0.737500
vt 0.618017 0.740358
vt 0.620293 0.737500
vt 0.620185 0.740321
vt 0.629707 0.737500
vt 0.629803 0.740330
vt 0.615382 0.743015
vt 0.612500 0.742922
vt 0.617867 0.742859
vt 0.619780 0.742661
vt 0.630218 0.742664
vt 0.615330 0.745197
vt 0.612500 0.745293
vt 0.617664 0.744782
vt 0.619333 0.744333
vt 0.630667 0.744333
vt 0.637500 0.740280
vt 0.634631 0.740399
vt 0.634720 0.737500
vt 0.637500 0.742922
vt 0.634643 0.743017
vt 0.637500 0.745293
vt 0.634679 0.745185
vt 0.637500 0.750000
vt 0.634670 0.750000
vt 0.631985 0.740382
vt 0.632078 0.737500
vt 0.632141 0.742866
vt 0.632339 0.744780
vt 0.632336 0.750000
vt 0.630667 0.750000
vt 0.612500 0.759720
vt 0.615369 0.759601
vt 0.615280 0.762500
vt 0.612500 0.757078
vt 0.615357 0.756983
vt 0.612500 0.754707
vt 0.615321 0.754815
vt 0.618015 0.759618
vt 0.617922 0.762500
vt 0.617859 0.757133
vt 0.617661 0.755220
vt 0.620197 0.759670
vt 0.620293 0.762500
vt 0.619782 0.757336
vt 0.619333 0.755667
vt 0.625000 0.744333
vt 0.619333 0.750000
vt 0.365274 0.500000
vt 0.365378 0.500000
vt 0.362500 0.500000
vt 0.367901 0.500000
vt 0.368051 0.500000
vt 0.370256 0.500000
vt 0.370344 0.500000
vt 0.379707 0.500000
vt 0.379643 0.500000
vt 0.365428 0.500000
vt 0.362500 0.500000
vt 0.368134 0.500000
vt 0.370383 0.500000
vt 0.379615 0.500000
vt 0.365450 0.500000
vt 0.362500 0.500000
vt 0.368165 0.500000
vt 0.370396 0.500000
vt 0.379604 0.500000
vt 0.387500 0.500000
vt 0.384634 0.500000
vt 0.384720 0.500000
vt 0.387500 0.500000
vt 0.384575 0.500000
vt 0.387500 0.500000
vt 0.384550 0.500000
vt 0.387500 0.501786
vt 0.384550 0.501786
vt 0.381943 0.500000
vt 0.382078 0.500000
vt 0.381865 0.500000
vt 0.381835 0.500000
vt 0.381835 0.501786
vt 0.379604 0.501786
vt 0.384726 0.512500
vt 0.384622 0.508929
vt 0.387500 0.508929
vt 0.382099 0.512500
vt 0.381949 0.508929
vt 0.379744 0.512500
vt 0.379656 0.508929
vt 0.370293 0.512500
vt 0.370357 0.508929
vt 0.384572 0.505357
vt 0.387500 0.505357
vt 0.381866 0.505357
vt 0.379617 0.505357
vt 0.370385 0.505357
vt 0.370396 0.501786
vt 0.362500 0.508929
vt 0.365366 0.508929
vt 0.365280 0.512500
vt 0.362500 0.505357
vt 0.365425 0.505357
vt 0.362500 0.501786
vt 0.365450 0.501786
vt 0.368057 0.508929
vt 0.367922 0.512500
vt 0.368135 0.505357
vt 0.368165 0.501786
vt 0.617311 0.487500
vt 0.615246 0.490278
vt 0.612355 0.490264
vt 0.619877 0.487500
vt 0.618298 0.490328
vt 0.622494 0.487500
vt 0.621294 0.490354
vt 0.625000 0.487500
vt 0.625000 0.490364
vt 0.612988 0.492921
vt 0.609404 0.492892
vt 0.616592 0.492989
vt 0.619998 0.493030
vt 0.625000 0.493039
vt 0.610514 0.495279
vt 0.606214 0.495253
vt 0.614693 0.495313
vt 0.618528 0.495353
vt 0.625000 0.495356
vt 0.634726 0.512500
vt 0.634682 0.509297
vt 0.637500 0.509537
vt 0.632099 0.512500
vt 0.632032 0.509204
vt 0.629744 0.512500
vt 0.629706 0.509207
vt 0.620256 0.512500
vt 0.619224 0.509359
vt 0.634656 0.506056
vt 0.637500 0.506354
vt 0.631994 0.505893
vt 0.629681 0.505882
vt 0.617879 0.506102
vt 0.634636 0.502790
vt 0.637500 0.503108
vt 0.631961 0.502579
vt 0.629644 0.502513
vt 0.615946 0.502721
vt 0.611835 0.510673
vt 0.614225 0.509993
vt 0.615274 0.512500
vt 0.609936 0.507983
vt 0.612638 0.507141
vt 0.606881 0.504570
vt 0.610066 0.503789
vt 0.602822 0.500000
vt 0.606429 0.500000
vt 0.616771 0.509574
vt 0.617901 0.512500
vt 0.615294 0.506466
vt 0.613098 0.503118
vt 0.609905 0.500000
vt 0.613096 0.500000
vt 0.591042 0.500000
vt 0.596655 0.500000
vt 0.592543 0.500000
vt 0.595547 0.500000
vt 0.600838 0.500000
vt 0.600134 0.500000
vt 0.604887 0.500000
vt 0.601862 0.500000
vt 0.597961 0.500000
vt 0.605733 0.500000
vt 0.609312 0.500000
vt 0.620413 0.500000
vt 0.616873 0.500000
vt 0.387500 0.250000
vt 0.384631 0.250000
vt 0.384720 0.250000
vt 0.387500 0.250000
vt 0.384643 0.250000
vt 0.387500 0.250000
vt 0.384679 0.250000
vt 0.387500 0.254707
vt 0.384670 0.254803
vt 0.381985 0.250000
vt 0.382078 0.250000
vt 0.382141 0.250000
vt 0.382339 0.250000
vt 0.382336 0.255218
vt 0.379803 0.250000
vt 0.379707 0.250000
vt 0.380218 0.250000
vt 0.380667 0.250000
vt 0.380667 0.255667
vt 0.384720 0.262500
vt 0.384601 0.259631
vt 0.387500 0.259720
vt 0.382078 0.262500
vt 0.381983 0.259643
vt 0.379707 0.262500
vt 0.379815 0.259679
vt 0.375000 0.262500
vt 0.375000 0.259670
vt 0.384618 0.256985
vt 0.387500 0.257078
vt 0.382134 0.257141
vt 0.380220 0.257339
vt 0.375000 0.257336
vt 0.375000 0.255667
vt 0.134720 0.500000
vt 0.134601 0.500000
vt 0.137500 0.500000
vt 0.132078 0.500000
vt 0.131983 0.500000
vt 0.129707 0.500000
vt 0.129815 0.500000
vt 0.125000 0.500000
vt 0.125000 0.500000
vt 0.134618 0.500000
vt 0.137500 0.500000
vt 0.132134 0.500000
vt 0.130220 0.500000
vt 0.125000 0.500000
vt 0.134670 0.500000
vt 0.137500 0.500000
vt 0.132336 0.500000
vt 0.130667 0.500000
vt 0.125000 0.500000
vt 0.380667 0.250000
vt 0.375000 0.250000
vt 0.362500 0.500000
vt 0.365369 0.500000
vt 0.365280 0.500000
vt 0.362500 0.500000
vt 0.365357 0.500000
vt 0.362500 0.500000
vt 0.365321 0.500000
vt 0.362500 0.500000
vt 0.365330 0.500000
vt 0.368015 0.500000
vt 0.367922 0.500000
vt 0.367859 0.500000
vt 0.367661 0.500000
vt 0.367664 0.500000
vt 0.370197 0.500000
vt 0.370293 0.500000
vt 0.369782 0.500000
vt 0.369333 0.500000
vt 0.369333 0.500000
vt 0.387500 0.490280
vt 0.384631 0.490399
vt 0.384720 0.487500
vt 0.387500 0.492922
vt 0.384643 0.493017
vt 0.387500 0.495293
vt 0.384679 0.495185
vt 0.387500 0.500000
vt 0.384670 0.500000
vt 0.381985 0.490382
vt 0.382078 0.487500
vt 0.382141 0.492866
vt 0.382339 0.494780
vt 0.382336 0.500000
vt 0.379803 0.490330
vt 0.379707 0.487500
vt 0.380218 0.492664
vt 0.380667 0.494333
vt 0.380667 0.500000
vt 0.384720 0.500000
vt 0.384601 0.500000
vt 0.387500 0.500000
vt 0.382078 0.500000
vt 0.381983 0.500000
vt 0.379707 0.500000
vt 0.379815 0.500000
vt 0.384618 0.500000
vt 0.387500 0.500000
vt 0.382134 0.500000
vt 0.380220 0.500000
vt 0.375000 0.500000
vt 0.508929 0.012500
vt 0.508929 0.009634
vt 0.512500 0.009720
vt 0.505357 0.012500
vt 0.505357 0.009575
vt 0.501786 0.012500
vt 0.501786 0.009550
vt 0.498214 0.012500
vt 0.498214 0.009550
vt 0.508929 0.006943
vt 0.512500 0.007078
vt 0.505357 0.006865
vt 0.501786 0.006835
vt 0.498214 0.006835
vt 0.508929 0.004643
vt 0.512500 0.004707
vt 0.505357 0.004615
vt 0.501786 0.004604
vt 0.498214 0.004604
vt 0.487500 0.012500
vt 0.487500 0.009726
vt 0.491071 0.009622
vt 0.491071 0.012500
vt 0.487500 0.007099
vt 0.491071 0.006949
vt 0.487500 0.004744
vt 0.491071 0.004656
vt 0.487500 0.000000
vt 0.491071 0.000000
vt 0.494643 0.009572
vt 0.494643 0.012500
vt 0.494643 0.006866
vt 0.494643 0.004617
vt 0.494643 0.000000
vt 0.498214 0.000000
vt 0.491071 0.987500
vt 0.491071 0.990366
vt 0.487500 0.990280
vt 0.494643 0.987500
vt 0.494643 0.990425
vt 0.498214 0.987500
vt 0.498214 0.990450
vt 0.501786 0.987500
vt 0.501786 0.990450
vt 0.491071 0.993057
vt 0.487500 0.992922
vt 0.494643 0.993135
vt 0.498214 0.993165
vt 0.501786 0.993165
vt 0.491071 0.995357
vt 0.487500 0.995293
vt 0.494643 0.995385
vt 0.498214 0.995396
vt 0.501786 0.995396
vt 0.512500 0.990274
vt 0.508929 0.990378
vt 0.508929 0.987500
vt 0.512500 0.992901
vt 0.508929 0.993051
vt 0.512500 0.995256
vt 0.508929 0.995344
vt 0.512500 1.000000
vt 0.508929 1.000000
vt 0.505357 0.990428
vt 0.505357 0.987500
vt 0.505357 0.993134
vt 0.505357 0.995383
vt 0.505357 1.000000
vt 0.501786 1.000000
vt 0.500000 0.004604
vt 0.500000 0.002809
vt 0.500000 0.002809
vt 0.487500 0.237500
vt 0.491071 0.237500
vt 0.491071 0.241071
vt 0.487500 0.241071
vt 0.494643 0.237500
vt 0.494643 0.241071
vt 0.498214 0.237500
vt 0.498214 0.241071
vt 0.501786 0.237500
vt 0.501786 0.241071
vt 0.491071 0.244643
vt 0.487500 0.244643
vt 0.494643 0.244643
vt 0.498214 0.244643
vt 0.501786 0.244643
vt 0.491071 0.248214
vt 0.487500 0.248214
vt 0.494643 0.248214
vt 0.498214 0.248214
vt 0.501786 0.248214
vt 0.512500 0.241071
vt 0.508929 0.241071
vt 0.508929 0.237500
vt 0.512500 0.244643
vt 0.508929 0.244643
vt 0.512500 0.248214
vt 0.508929 0.248214
vt 0.512500 0.250000
vt 0.508929 0.250000
vt 0.505357 0.241071
vt 0.505357 0.237500
vt 0.505357 0.244643
vt 0.505357 0.248214
vt 0.505357 0.250000
vt 0.501786 0.250000
vt 0.508929 0.250000
vt 0.508929 0.250000
vt 0.512500 0.250000
vt 0.505357 0.250000
vt 0.505357 0.250000
vt 0.501786 0.250000
vt 0.501786 0.250000
vt 0.498214 0.250000
vt 0.498214 0.250000
vt 0.508929 0.250000
vt 0.512500 0.250000
vt 0.505357 0.250000
vt 0.501786 0.250000
vt 0.498214 0.250000
vt 0.498214 0.250000
vt 0.487500 0.250000
vt 0.491071 0.250000
vt 0.491071 0.250000
vt 0.487500 0.250000
vt 0.491071 0.250000
vt 0.487500 0.250000
vt 0.491071 0.250000
vt 0.494643 0.250000
vt 0.494643 0.250000
vt 0.494643 0.250000
vt 0.494643 0.250000
vt 0.487500 0.508929
vt 0.491071 0.508929
vt 0.491071 0.512500
vt 0.487500 0.505357
vt 0.491071 0.505357
vt 0.487500 0.501786
vt 0.491071 0.501786
vt 0.487500 0.500000
vt 0.491071 0.500000
vt 0.494643 0.508929
vt 0.494643 0.512500
vt 0.494643 0.505357
vt 0.494643 0.501786
vt 0.494643 0.500000
vt 0.498214 0.508929
vt 0.498214 0.512500
vt 0.498214 0.505357
vt 0.498214 0.501786
vt 0.498214 0.500000
vt 0.491071 0.500000
vt 0.491071 0.500000
vt 0.487500 0.500000
vt 0.494643 0.500000
vt 0.494643 0.500000
vt 0.498214 0.500000
vt 0.498214 0.500000
vt 0.501786 0.500000
vt 0.501786 0.500000
vt 0.491071 0.500000
vt 0.487500 0.500000
vt 0.494643 0.500000
vt 0.498214 0.500000
vt 0.501786 0.500000
vt 0.501786 0.500000
vt 0.512500 0.500000
vt 0.508929 0.500000
vt 0.508929 0.500000
vt 0.512500 0.500000
vt 0.508929 0.500000
vt 0.512500 0.500000
vt 0.508929 0.500000
vt 0.512500 0.501786
vt 0.508929 0.501786
vt 0.505357 0.500000
vt 0.505357 0.500000
vt 0.505357 0.500000
vt 0.505357 0.500000
vt 0.505357 0.501786
vt 0.501786 0.501786
vt 0.508929 0.512500
vt 0.508929 0.508929
vt 0.512500 0.508929
vt 0.505357 0.512500
vt 0.505357 0.508929
vt 0.501786 0.512500
vt 0.501786 0.508929
vt 0.508929 0.505357
vt 0.512500 0.505357
vt 0.505357 0.505357
vt 0.501786 0.505357
vt 0.491071 0.737500
vt 0.491071 0.740366
vt 0.487500 0.740280
vt 0.494643 0.737500
vt 0.494643 0.740425
vt 0.498214 0.737500
vt 0.498214 0.740450
vt 0.501786 0.737500
vt 0.501786 0.740450
vt 0.491071 0.743057
vt 0.487500 0.742922
vt 0.494643 0.743135
vt 0.498214 0.743165
vt 0.501786 0.743165
vt 0.491071 0.745357
vt 0.487500 0.745293
vt 0.494643 0.745385
vt 0.498214 0.745396
vt 0.501786 0.745396
vt 0.512500 0.740274
vt 0.508929 0.740378
vt 0.508929 0.737500
vt 0.512500 0.742901
vt 0.508929 0.743051
vt 0.512500 0.745256
vt 0.508929 0.745344
vt 0.512500 0.754707
vt 0.508929 0.754643
vt 0.505357 0.740428
vt 0.505357 0.737500
vt 0.505357 0.743134
vt 0.505357 0.745383
vt 0.505357 0.754615
vt 0.501786 0.754604
vt 0.508929 0.762500
vt 0.508929 0.759634
vt 0.512500 0.759720
vt 0.505357 0.762500
vt 0.505357 0.759575
vt 0.501786 0.762500
vt 0.501786 0.759550
vt 0.498214 0.762500
vt 0.498214 0.759550
vt 0.508929 0.756943
vt 0.512500 0.757078
vt 0.505357 0.756865
vt 0.501786 0.756835
vt 0.498214 0.756835
vt 0.498214 0.754604
vt 0.487500 0.759726
vt 0.491071 0.759622
vt 0.491071 0.762500
vt 0.487500 0.757099
vt 0.491071 0.756949
vt 0.487500 0.754744
vt 0.491071 0.754656
vt 0.494643 0.759572
vt 0.494643 0.762500
vt 0.494643 0.756866
vt 0.494643 0.754617
vt 0.489781 0.250000
vt 0.490332 0.250000
vt 0.487500 0.250000
vt 0.492781 0.250000
vt 0.493432 0.250000
vt 0.496350 0.250000
vt 0.496922 0.250000
vt 0.500308 0.250000
vt 0.500713 0.250000
vt 0.490658 0.250000
vt 0.487500 0.250000
vt 0.493945 0.250000
vt 0.497415 0.250000
vt 0.501088 0.250000
vt 0.490817 0.250000
vt 0.487500 0.250000
vt 0.494213 0.250000
vt 0.497711 0.250000
vt 0.501341 0.250000
vt 0.512917 0.250000
vt 0.508787 0.250000
vt 0.508590 0.250000
vt 0.513071 0.250000
vt 0.508983 0.250000
vt 0.512954 0.250000
vt 0.509013 0.250000
vt 0.514211 0.254745
vt 0.510730 0.254719
vt 0.504705 0.250000
vt 0.504458 0.250000
vt 0.504956 0.250000
vt 0.505113 0.250000
vt 0.507298 0.254685
vt 0.504029 0.254646
vt 0.507633 0.262500
vt 0.508507 0.259716
vt 0.511299 0.259731
vt 0.504904 0.262500
vt 0.505581 0.259666
vt 0.502028 0.262500
vt 0.502608 0.259641
vt 0.497485 0.262500
vt 0.497721 0.259636
vt 0.509544 0.257074
vt 0.512699 0.257103
vt 0.506360 0.257006
vt 0.503254 0.256965
vt 0.497854 0.256960
vt 0.497873 0.254644
vt 0.487500 0.259726
vt 0.490821 0.259683
vt 0.490532 0.262500
vt 0.487500 0.257099
vt 0.490913 0.257032
vt 0.487500 0.254744
vt 0.490912 0.254706
vt 0.494224 0.259656
vt 0.493917 0.262500
vt 0.494363 0.256994
vt 0.494365 0.254681
vt 0.490532 0.487500
vt 0.490794 0.490288
vt 0.487500 0.490274
vt 0.493917 0.487500
vt 0.494189 0.490338
vt 0.497485 0.487500
vt 0.497699 0.490364
vt 0.502028 0.487500
vt 0.502590 0.490359
vt 0.490907 0.492931
vt 0.487500 0.492901
vt 0.494356 0.492998
vt 0.497850 0.493040
vt 0.503250 0.493035
vt 0.490912 0.495282
vt 0.487500 0.495256
vt 0.494365 0.495316
vt 0.497873 0.495356
vt 0.504029 0.495354
vt 0.511299 0.490269
vt 0.508469 0.490313
vt 0.507633 0.487500
vt 0.512699 0.492897
vt 0.509519 0.492963
vt 0.514211 0.495255
vt 0.510718 0.495292
vt 0.512954 0.500000
vt 0.508994 0.500000
vt 0.505549 0.490339
vt 0.504904 0.487500
vt 0.506350 0.493001
vt 0.507296 0.495317
vt 0.505109 0.500000
vt 0.501341 0.500000
vt 0.508590 0.500000
vt 0.508762 0.500000
vt 0.512917 0.500000
vt 0.504458 0.500000
vt 0.504710 0.500000
vt 0.500308 0.500000
vt 0.500726 0.500000
vt 0.496350 0.500000
vt 0.496970 0.500000
vt 0.508943 0.500000
vt 0.513071 0.500000
vt 0.504950 0.500000
vt 0.501090 0.500000
vt 0.497425 0.500000
vt 0.497711 0.500000
vt 0.487500 0.500000
vt 0.490405 0.500000
vt 0.489781 0.500000
vt 0.487500 0.500000
vt 0.490672 0.500000
vt 0.487500 0.500000
vt 0.490817 0.500000
vt 0.493526 0.500000
vt 0.492781 0.500000
vt 0.493964 0.500000
vt 0.494213 0.500000
vt 0.125000 0.737500
vt 0.612500 1.000000
vt 0.875000 0.512500
vt 0.637500 0.500000
vt 0.362500 0.750000
vt 0.862500 0.750000
vt 0.137500 0.500000
vt 0.125000 0.500000
vt 0.487500 1.000000
vn 0.0000 1.0000 0.0000
vn 1.0000 0.0000 0.0000
vn -1.0000 0.0000 0.0000
vn 0.0000 0.0000 1.0000
vn 0.0000 0.8654 -0.5012
vn 0.0000 -1.0000 0.0000
vn 0.0000 0.0000 -1.0000
vn -0.9549 -0.2732 0.1161
vn -0.7514 -0.6529 0.0955
vn -0.5436 -0.8361 0.0738
vn -0.3824 -0.9220 0.0604
vn -0.9024 -0.2739 0.3326
vn -0.7090 -0.6493 0.2751
vn -0.5214 -0.8252 0.2172
vn -0.3770 -0.9082 0.1816
vn -0.8081 -0.2604 0.5283
vn -0.6428 -0.6319 0.4330
vn -0.4879 -0.8033 0.3414
vn -0.3671 -0.8851 0.2861
vn -0.0491 -0.9975 0.0503
vn -0.0508 -0.9872 0.1511
vn -0.0529 -0.9638 0.2612
vn -0.0587 -0.9188 0.3904
vn -0.1472 -0.9877 0.0528
vn -0.1531 -0.9756 0.1574
vn -0.1602 -0.9508 0.2652
vn -0.1765 -0.9060 0.3846
vn -0.2553 -0.9653 0.0548
vn -0.2593 -0.9516 0.1649
vn -0.2623 -0.9268 0.2689
vn -0.2786 -0.8839 0.3756
vn -0.1108 -0.2672 0.9573
vn -0.3197 -0.2655 0.9096
vn -0.5107 -0.2557 0.8209
vn -0.6758 -0.2512 0.6929
vn -0.0933 -0.6430 0.7601
vn -0.2666 -0.6411 0.7197
vn -0.4200 -0.6273 0.6559
vn -0.5472 -0.6207 0.5615
vn -0.0721 -0.8300 0.5531
vn -0.2111 -0.8208 0.5308
vn -0.3320 -0.8008 0.4985
vn -0.4297 -0.7882 0.4406
vn -0.3565 -0.8599 0.3654
vn -0.1108 0.2672 0.9573
vn -0.0919 0.6439 0.7596
vn -0.0714 0.8300 0.5531
vn -0.0587 0.9187 0.3906
vn -0.3188 0.2691 0.9088
vn -0.2655 0.6423 0.7190
vn -0.2107 0.8205 0.5313
vn -0.1766 0.9057 0.3854
vn -0.5104 0.2579 0.8203
vn -0.4200 0.6282 0.6550
vn -0.3320 0.8008 0.4985
vn -0.2787 0.8838 0.3757
vn -0.0491 0.9975 0.0503
vn -0.1475 0.9877 0.0521
vn -0.2553 0.9653 0.0543
vn -0.3822 0.9221 0.0604
vn -0.0515 0.9872 0.1508
vn -0.1536 0.9756 0.1570
vn -0.2590 0.9518 0.1644
vn -0.3763 0.9086 0.1814
vn -0.0534 0.9638 0.2612
vn -0.1607 0.9506 0.2655
vn -0.2623 0.9268 0.2689
vn -0.3669 0.8852 0.2860
vn -0.9549 0.2732 0.1161
vn -0.9032 0.2702 0.3335
vn -0.8087 0.2582 0.5286
vn -0.6760 0.2512 0.6927
vn -0.7520 0.6520 0.0970
vn -0.7098 0.6480 0.2762
vn -0.6437 0.6310 0.4330
vn -0.5478 0.6208 0.5609
vn -0.5436 0.8361 0.0744
vn -0.5208 0.8255 0.2176
vn -0.4879 0.8033 0.3414
vn -0.4299 0.7882 0.4405
vn -0.3565 0.8599 0.3654
vn -0.0497 -0.9988 0.0011
vn -0.1473 -0.9891 0.0046
vn -0.2552 -0.9669 0.0079
vn -0.3758 -0.9267 0.0058
vn -0.0488 -0.9988 -0.0004
vn -0.1492 -0.9888 -0.0003
vn -0.2579 -0.9662 0.0003
vn -0.3827 -0.9239 0.0007
vn -0.0494 -0.9988 -0.0002
vn -0.1511 -0.9885 -0.0001
vn -0.2600 -0.9656 0.0001
vn -0.3830 -0.9238 0.0002
vn -0.9640 -0.2660 -0.0014
vn -0.9622 -0.2725 -0.0010
vn -0.9611 -0.2762 -0.0004
vn -0.9608 -0.2773 -0.0000
vn -0.7595 -0.6506 -0.0008
vn -0.7516 -0.6596 -0.0004
vn -0.7474 -0.6644 -0.0001
vn -0.7462 -0.6657 -0.0000
vn -0.5470 -0.8372 0.0007
vn -0.5409 -0.8411 0.0005
vn -0.5380 -0.8429 0.0002
vn -0.5373 -0.8434 -0.0000
vn -0.9606 -0.2778 -0.0026
vn -0.7558 -0.6548 -0.0085
vn -0.5458 -0.8378 -0.0108
vn -0.3903 -0.9207 -0.0059
vn -0.9620 -0.2731 0.0008
vn -0.7515 -0.6598 0.0005
vn -0.5414 -0.8408 -0.0004
vn -0.3833 -0.9236 -0.0007
vn -0.9611 -0.2764 0.0004
vn -0.7474 -0.6644 0.0002
vn -0.5381 -0.8429 -0.0002
vn -0.3831 -0.9237 -0.0002
vn -0.0474 -0.9989 0.0006
vn -0.0486 -0.9988 0.0004
vn -0.0494 -0.9988 0.0002
vn -0.0496 -0.9988 0.0000
vn -0.1457 -0.9893 0.0004
vn -0.1492 -0.9888 0.0002
vn -0.1511 -0.9885 0.0001
vn -0.1516 -0.9884 0.0000
vn -0.2545 -0.9671 -0.0005
vn -0.2582 -0.9661 -0.0004
vn -0.2601 -0.9656 -0.0001
vn -0.2606 -0.9655 -0.0000
vn -0.3830 -0.9237 -0.0000
vn -0.9227 0.3673 -0.1168
vn -0.7721 0.6128 -0.1683
vn -0.5733 0.8067 -0.1434
vn -0.3897 0.9124 -0.1255
vn -0.8823 0.4496 -0.1393
vn -0.8071 0.5682 -0.1606
vn -0.6335 0.7563 -0.1633
vn -0.4201 0.8949 -0.1505
vn -0.8932 0.4237 -0.1506
vn -0.8311 0.5320 -0.1621
vn -0.6838 0.7063 -0.1831
vn -0.4602 0.8660 -0.1954
vn -0.0943 0.9923 -0.0806
vn -0.1436 0.9837 -0.1078
vn -0.1550 0.9746 -0.1616
vn -0.1743 0.9586 -0.2252
vn -0.1550 0.9799 -0.1258
vn -0.1765 0.9763 -0.1251
vn -0.1941 0.9650 -0.1765
vn -0.2106 0.9438 -0.2546
vn -0.2492 0.9599 -0.1281
vn -0.2572 0.9563 -0.1393
vn -0.2795 0.9411 -0.1905
vn -0.3021 0.9131 -0.2738
vn -0.1888 0.9031 -0.3857
vn -0.2776 0.8876 -0.3676
vn -0.3903 0.8360 -0.3857
vn -0.5487 0.7510 -0.3673
vn -0.2285 0.9121 -0.3403
vn -0.2517 0.8992 -0.3579
vn -0.3554 0.8576 -0.3719
vn -0.5361 0.7642 -0.3587
vn -0.2080 0.9347 -0.2882
vn -0.2311 0.9168 -0.3256
vn -0.3242 0.8806 -0.3457
vn -0.5146 0.7890 -0.3358
vn -0.9602 0.2585 -0.1061
vn -0.9234 0.3428 -0.1724
vn -0.9177 0.3588 -0.1704
vn -0.9108 0.3808 -0.1594
vn -0.8783 0.4447 -0.1757
vn -0.8690 0.4449 -0.2167
vn -0.8632 0.4578 -0.2129
vn -0.8538 0.4856 -0.1875
vn -0.7327 0.6175 -0.2861
vn -0.7402 0.6050 -0.2933
vn -0.7336 0.6197 -0.2789
vn -0.7181 0.6555 -0.2338
vn -0.4930 0.8266 -0.2714
vn 0.0491 -0.9975 0.0503
vn 0.1475 -0.9877 0.0521
vn 0.2553 -0.9653 0.0543
vn 0.3822 -0.9221 0.0604
vn 0.0515 -0.9872 0.1508
vn 0.1536 -0.9756 0.1570
vn 0.2590 -0.9518 0.1644
vn 0.3763 -0.9086 0.1814
vn 0.0534 -0.9638 0.2612
vn 0.1607 -0.9506 0.2655
vn 0.2623 -0.9268 0.2689
vn 0.3669 -0.8852 0.2860
vn 0.9549 -0.2732 0.1161
vn 0.9032 -0.2702 0.3335
vn 0.8087 -0.2582 0.5286
vn 0.6760 -0.2512 0.6927
vn 0.7520 -0.6520 0.0970
vn 0.7098 -0.6480 0.2762
vn 0.6437 -0.6310 0.4330
vn 0.5478 -0.6208 0.5609
vn 0.5436 -0.8361 0.0744
vn 0.5208 -0.8255 0.2176
vn 0.4879 -0.8033 0.3414
vn 0.4299 -0.7882 0.4405
vn 0.1108 -0.2672 0.9573
vn 0.0919 -0.6439 0.7596
vn 0.0714 -0.8300 0.5532
vn 0.0587 -0.9187 0.3906
vn 0.3188 -0.2691 0.9088
vn 0.2655 -0.6423 0.7190
vn 0.2107 -0.8205 0.5313
vn 0.1766 -0.9057 0.3854
vn 0.5104 -0.2579 0.8203
vn 0.4200 -0.6282 0.6550
vn 0.3320 -0.8008 0.4985
vn 0.2787 -0.8838 0.3757
vn 0.3565 -0.8598 0.3654
vn 0.9549 0.2732 0.1161
vn 0.7514 0.6529 0.0955
vn 0.5436 0.8361 0.0738
vn 0.3824 0.9220 0.0604
vn 0.9024 0.2739 0.3326
vn 0.7090 0.6493 0.2751
vn 0.5213 0.8252 0.2172
vn 0.3770 0.9082 0.1816
vn 0.8081 0.2604 0.5283
vn 0.6428 0.6319 0.4330
vn 0.4879 0.8033 0.3414
vn 0.3671 0.8851 0.2861
vn 0.0491 0.9975 0.0503
vn 0.0508 0.9872 0.1511
vn 0.0529 0.9638 0.2612
vn 0.0587 0.9188 0.3904
vn 0.1472 0.9877 0.0528
vn 0.1531 0.9756 0.1574
vn 0.1602 0.9508 0.2652
vn 0.1765 0.9060 0.3846
vn 0.2553 0.9653 0.0548
vn 0.2593 0.9516 0.1649
vn 0.2623 0.9268 0.2689
vn 0.2786 0.8839 0.3755
vn 0.1108 0.2672 0.9573
vn 0.3197 0.2655 0.9096
vn 0.5107 0.2557 0.8209
vn 0.6758 0.2512 0.6929
vn 0.0933 0.6430 0.7601
vn 0.2666 0.6411 0.7197
vn 0.4200 0.6273 0.6559
vn 0.5472 0.6208 0.5615
vn 0.0721 0.8300 0.5531
vn 0.2111 0.8208 0.5308
vn 0.3320 0.8008 0.4985
vn 0.4297 0.7882 0.4406
vn 0.3565 0.8599 0.3654
vn 0.0497 -0.9988 -0.0011
vn 0.1473 -0.9891 -0.0046
vn 0.2552 -0.9669 -0.0079
vn 0.3758 -0.9267 -0.0058
vn 0.0488 -0.9988 0.0004
vn 0.1492 -0.9888 0.0003
vn 0.2579 -0.9662 -0.0003
vn 0.3827 -0.9239 -0.0007
vn 0.0494 -0.9988 0.0002
vn 0.1511 -0.9885 0.0001
vn 0.2600 -0.9656 -0.0001
vn 0.3830 -0.9238 -0.0002
vn 0.9640 -0.2660 0.0014
vn 0.9622 -0.2725 0.0010
vn 0.9611 -0.2762 0.0004
vn 0.9608 -0.2773 0.0000
vn 0.7595 -0.6506 0.0008
vn 0.7516 -0.6596 0.0004
vn 0.7474 -0.6644 0.0001
vn 0.7462 -0.6657 0.0000
vn 0.5470 -0.8372 -0.0007
vn 0.5409 -0.8411 -0.0005
vn 0.5380 -0.8429 -0.0002
vn 0.5373 -0.8434 0.0000
vn 0.9606 -0.2778 0.0026
vn 0.7558 -0.6548 0.0085
vn 0.5458 -0.8378 0.0108
vn 0.3903 -0.9207 0.0059
vn 0.9620 -0.2731 -0.0008
vn 0.7515 -0.6598 -0.0006
vn 0.5414 -0.8408 0.0004
vn 0.3833 -0.9236 0.0007
vn 0.9611 -0.2763 -0.0004
vn 0.7474 -0.6644 -0.0002
vn 0.5381 -0.8429 0.0002
vn 0.3831 -0.9237 0.0002
vn 0.0474 -0.9989 -0.0006
vn 0.0486 -0.9988 -0.0004
vn 0.0494 -0.9988 -0.0002
vn 0.0496 -0.9988 -0.0000
vn 0.1457 -0.9893 -0.0004
vn 0.1492 -0.9888 -0.0002
vn 0.1511 -0.9885 -0.0001
vn 0.1516 -0.9884 0.0000
vn 0.2545 -0.9671 0.0005
vn 0.2582 -0.9661 0.0004
vn 0.2601 -0.9656 0.0001
vn 0.2606 -0.9655 0.0000
vn 0.3830 -0.9237 0.0000
vn 0.1935 0.9036 -0.3823
vn 0.2250 0.9101 -0.3480
vn 0.2024 0.9362 -0.2872
vn 0.1747 0.9593 -0.2218
vn 0.2900 0.8886 -0.3554
vn 0.2577 0.8921 -0.3710
vn 0.2383 0.9152 -0.3250
vn 0.2116 0.9447 -0.2506
vn 0.3911 0.8405 -0.3749
vn 0.3461 0.8567 -0.3824
vn 0.3243 0.8798 -0.3475
vn 0.3023 0.9132 -0.2732
vn 0.0927 0.9926 -0.0791
vn 0.1505 0.9815 -0.1183
vn 0.2537 0.9600 -0.1187
vn 0.3988 0.9085 -0.1252
vn 0.1448 0.9830 -0.1128
vn 0.1667 0.9766 -0.1359
vn 0.2611 0.9540 -0.1470
vn 0.4316 0.8896 -0.1494
vn 0.1605 0.9740 -0.1601
vn 0.1885 0.9661 -0.1764
vn 0.2790 0.9409 -0.1920
vn 0.4622 0.8651 -0.1950
vn 0.9131 0.3854 -0.1331
vn 0.8722 0.4705 -0.1339
vn 0.8942 0.4220 -0.1491
vn 0.9109 0.3802 -0.1603
vn 0.7636 0.6171 -0.1901
vn 0.7936 0.5912 -0.1440
vn 0.8257 0.5403 -0.1621
vn 0.8536 0.4852 -0.1894
vn 0.5797 0.7995 -0.1572
vn 0.6406 0.7531 -0.1497
vn 0.6834 0.7073 -0.1807
vn 0.7180 0.6555 -0.2343
vn 0.9649 0.2413 -0.1041
vn 0.8792 0.4377 -0.1884
vn 0.7216 0.6227 -0.3025
vn 0.5388 0.7568 -0.3702
vn 0.9314 0.3281 -0.1579
vn 0.8760 0.4395 -0.1985
vn 0.7345 0.6150 -0.2868
vn 0.5236 0.7712 -0.3621
vn 0.9179 0.3589 -0.1694
vn 0.8658 0.4548 -0.2087
vn 0.7332 0.6211 -0.2768
vn 0.5124 0.7901 -0.3364
vn 0.4930 0.8266 -0.2714
vn -0.9549 -0.2732 -0.1161
vn -0.9032 -0.2702 -0.3335
vn -0.8087 -0.2582 -0.5286
vn -0.6760 -0.2512 -0.6927
vn -0.7520 -0.6520 -0.0970
vn -0.7098 -0.6480 -0.2762
vn -0.6437 -0.6310 -0.4330
vn -0.5478 -0.6208 -0.5608
vn -0.5436 -0.8361 -0.0744
vn -0.5208 -0.8255 -0.2176
vn -0.4879 -0.8033 -0.3414
vn -0.4299 -0.7882 -0.4405
vn -0.1108 -0.2672 -0.9573
vn -0.0919 -0.6439 -0.7596
vn -0.0714 -0.8300 -0.5532
vn -0.0587 -0.9187 -0.3906
vn -0.3188 -0.2691 -0.9088
vn -0.2655 -0.6423 -0.7190
vn -0.2107 -0.8205 -0.5313
vn -0.1767 -0.9057 -0.3854
vn -0.5104 -0.2579 -0.8203
vn -0.4199 -0.6282 -0.6550
vn -0.3320 -0.8008 -0.4985
vn -0.2787 -0.8838 -0.3757
vn -0.0491 -0.9975 -0.0503
vn -0.1475 -0.9877 -0.0521
vn -0.2553 -0.9653 -0.0543
vn -0.3822 -0.9221 -0.0604
vn -0.0515 -0.9872 -0.1508
vn -0.1536 -0.9756 -0.1570
vn -0.2590 -0.9518 -0.1644
vn -0.3763 -0.9086 -0.1814
vn -0.0534 -0.9638 -0.2612
vn -0.1607 -0.9506 -0.2655
vn -0.2623 -0.9268 -0.2689
vn -0.3669 -0.8852 -0.2860
vn -0.3565 -0.8599 -0.3654
vn 0.0491 -0.9975 -0.0503
vn 0.0508 -0.9872 -0.1511
vn 0.0529 -0.9638 -0.2612
vn 0.0587 -0.9188 -0.3904
vn 0.1472 -0.9877 -0.0528
vn 0.1531 -0.9756 -0.1574
vn 0.1603 -0.9508 -0.2652
vn 0.1765 -0.9060 -0.3846
vn 0.2553 -0.9653 -0.0548
vn 0.2593 -0.9516 -0.1649
vn 0.2623 -0.9268 -0.2689
vn 0.2786 -0.8839 -0.3756
vn 0.1108 -0.2672 -0.9573
vn 0.3197 -0.2655 -0.9096
vn 0.5107 -0.2557 -0.8209
vn 0.6758 -0.2512 -0.6929
vn 0.0933 -0.6430 -0.7601
vn 0.2666 -0.6411 -0.7197
vn 0.4199 -0.6273 -0.6559
vn 0.5472 -0.6208 -0.5615
vn 0.0721 -0.8300 -0.5531
vn 0.2111 -0.8208 -0.5308
vn 0.3320 -0.8008 -0.4985
vn 0.4297 -0.7882 -0.4406
vn 0.9549 -0.2732 -0.1161
vn 0.7514 -0.6529 -0.0955
vn 0.5436 -0.8361 -0.0738
vn 0.3824 -0.9220 -0.0604
vn 0.9024 -0.2739 -0.3326
vn 0.7090 -0.6493 -0.2751
vn 0.5214 -0.8252 -0.2172
vn 0.3770 -0.9082 -0.1816
vn 0.8081 -0.2604 -0.5283
vn 0.6428 -0.6319 -0.4330
vn 0.4879 -0.8033 -0.3414
vn 0.3671 -0.8851 -0.2861
vn 0.3565 -0.8599 -0.3654
vn -0.9932 -0.0034 0.1165
vn -0.9928 -0.0024 0.1195
vn -0.9926 -0.0010 0.1213
vn -0.9926 0.0000 0.1218
vn -0.9397 -0.0024 0.3421
vn -0.9370 -0.0010 0.3494
vn -0.9355 -0.0003 0.3534
vn -0.9350 0.0000 0.3545
vn -0.8382 0.0025 0.5453
vn -0.8343 0.0019 0.5513
vn -0.8324 0.0007 0.5542
vn -0.8319 -0.0000 0.5550
vn -0.9925 -0.0062 0.1220
vn -0.9381 -0.0249 0.3454
vn -0.8369 -0.0390 0.5460
vn -0.7060 -0.0249 0.7078
vn -0.9928 0.0020 0.1198
vn -0.9369 0.0016 0.3496
vn -0.8346 -0.0016 0.5508
vn -0.6986 -0.0030 0.7155
vn -0.9926 0.0009 0.1213
vn -0.9355 0.0005 0.3534
vn -0.8324 -0.0006 0.5541
vn -0.6984 -0.0010 0.7157
vn -0.1109 0.0033 0.9938
vn -0.1138 0.0024 0.9935
vn -0.1155 0.0010 0.9933
vn -0.1160 0.0000 0.9933
vn -0.3274 0.0023 0.9449
vn -0.3345 0.0010 0.9424
vn -0.3384 0.0003 0.9410
vn -0.3394 0.0000 0.9406
vn -0.5264 -0.0025 0.8502
vn -0.5324 -0.0019 0.8465
vn -0.5353 -0.0007 0.8447
vn -0.5361 0.0000 0.8442
vn -0.1162 0.0061 0.9932
vn -0.3306 0.0245 0.9434
vn -0.5271 0.0386 0.8489
vn -0.6901 0.0249 0.7233
vn -0.1141 -0.0020 0.9935
vn -0.3347 -0.0016 0.9423
vn -0.5319 0.0015 0.8468
vn -0.6980 0.0030 0.7161
vn -0.1155 -0.0009 0.9933
vn -0.3384 -0.0004 0.9410
vn -0.5352 0.0006 0.8447
vn -0.6983 0.0010 0.7158
vn -0.6983 0.0000 0.7158
vn 0.9932 0.0034 0.1165
vn 0.9928 0.0024 0.1195
vn 0.9926 0.0010 0.1213
vn 0.9926 0.0000 0.1218
vn 0.9397 0.0024 0.3421
vn 0.9370 0.0010 0.3494
vn 0.9355 0.0003 0.3534
vn 0.9351 0.0000 0.3545
vn 0.8382 -0.0025 0.5453
vn 0.8343 -0.0019 0.5513
vn 0.8324 -0.0007 0.5542
vn 0.8319 0.0000 0.5550
vn 0.9925 0.0062 0.1220
vn 0.9381 0.0249 0.3454
vn 0.8369 0.0390 0.5460
vn 0.7060 0.0249 0.7078
vn 0.9928 -0.0020 0.1198
vn 0.9369 -0.0016 0.3496
vn 0.8346 0.0016 0.5508
vn 0.6986 0.0030 0.7155
vn 0.9926 -0.0009 0.1213
vn 0.9355 -0.0004 0.3534
vn 0.8324 0.0006 0.5541
vn 0.6984 0.0010 0.7157
vn 0.1109 -0.0033 0.9938
vn 0.1138 -0.0024 0.9935
vn 0.1155 -0.0010 0.9933
vn 0.1160 -0.0000 0.9933
vn 0.3274 -0.0023 0.9449
vn 0.3345 -0.0010 0.9424
vn 0.3384 -0.0003 0.9410
vn 0.3394 -0.0000 0.9406
vn 0.5264 0.0025 0.8502
vn 0.5324 0.0019 0.8465
vn 0.5353 0.0007 0.8447
vn 0.5361 -0.0000 0.8442
vn 0.1162 -0.0061 0.9932
vn 0.3306 -0.0245 0.9434
vn 0.5271 -0.0386 0.8489
vn 0.6901 -0.0249 0.7233
vn 0.1141 0.0020 0.9935
vn 0.3347 0.0016 0.9423
vn 0.5319 -0.0015 0.8468
vn 0.6980 -0.0030 0.7161
vn 0.1155 0.0009 0.9933
vn 0.3384 0.0004 0.9410
vn 0.5352 -0.0006 0.8447
vn 0.6983 -0.0010 0.7158
vn 0.6983 -0.0000 0.7158
vn -0.9616 0.2113 -0.1750
vn -0.9567 0.1701 -0.2361
vn -0.9530 0.2024 -0.2255
vn -0.9480 0.2377 -0.2117
vn -0.8863 0.3430 -0.3113
vn -0.9259 0.2088 -0.3149
vn -0.9253 0.2333 -0.2991
vn -0.9147 0.2950 -0.2763
vn -0.8145 0.3099 -0.4904
vn -0.8497 0.2539 -0.4622
vn -0.8488 0.2991 -0.4360
vn -0.8238 0.4023 -0.3994
vn -0.9781 0.1527 -0.1416
vn -0.9170 0.2969 -0.2663
vn -0.7582 0.5282 -0.3824
vn -0.5689 0.6736 -0.4719
vn -0.9496 0.2494 -0.1901
vn -0.9114 0.3180 -0.2611
vn -0.7828 0.4961 -0.3757
vn -0.5685 0.6655 -0.4836
vn -0.9420 0.2658 -0.2050
vn -0.9027 0.3399 -0.2640
vn -0.7930 0.4810 -0.3739
vn -0.5850 0.6349 -0.5047
vn -0.1751 0.7799 -0.6009
vn -0.2228 0.7548 -0.6170
vn -0.2264 0.6945 -0.6830
vn -0.2304 0.6042 -0.7628
vn -0.3025 0.7251 -0.6186
vn -0.2704 0.7566 -0.5953
vn -0.2743 0.7147 -0.6434
vn -0.2863 0.6187 -0.7316
vn -0.4193 0.7193 -0.5539
vn -0.3774 0.7406 -0.5560
vn -0.3811 0.7088 -0.5936
vn -0.4105 0.6119 -0.6761
vn -0.1823 0.2990 -0.9367
vn -0.2993 0.3963 -0.8680
vn -0.4869 0.3328 -0.8076
vn -0.6797 0.2815 -0.6773
vn -0.2528 0.3803 -0.8896
vn -0.3017 0.4200 -0.8559
vn -0.4623 0.3957 -0.7935
vn -0.6829 0.3213 -0.6560
vn -0.2493 0.4879 -0.8365
vn -0.3032 0.4890 -0.8179
vn -0.4448 0.4717 -0.7614
vn -0.6693 0.3999 -0.6262
vn -0.6282 0.5377 -0.5624
vn 0.1874 0.3108 -0.9318
vn 0.2576 0.3604 -0.8965
vn 0.2426 0.4907 -0.8369
vn 0.2290 0.6097 -0.7588
vn 0.3010 0.4302 -0.8511
vn 0.3216 0.3781 -0.8681
vn 0.3110 0.4861 -0.8167
vn 0.2841 0.6251 -0.7270
vn 0.4724 0.3718 -0.7991
vn 0.4607 0.3675 -0.8079
vn 0.4462 0.4663 -0.7639
vn 0.4100 0.6129 -0.6754
vn 0.1674 0.7853 -0.5960
vn 0.2853 0.7439 -0.6044
vn 0.4133 0.7333 -0.5398
vn 0.5792 0.6676 -0.4678
vn 0.2251 0.7463 -0.6264
vn 0.2696 0.7412 -0.6147
vn 0.3933 0.7251 -0.5653
vn 0.5816 0.6580 -0.4783
vn 0.2316 0.6946 -0.6811
vn 0.2680 0.7150 -0.6457
vn 0.3827 0.7058 -0.5962
vn 0.5872 0.6336 -0.5037
vn 0.9769 0.1499 -0.1525
vn 0.9393 0.2797 -0.1987
vn 0.9412 0.2687 -0.2051
vn 0.9484 0.2357 -0.2120
vn 0.9251 0.2629 -0.2738
vn 0.8960 0.3589 -0.2616
vn 0.8988 0.3490 -0.2652
vn 0.9156 0.2916 -0.2767
vn 0.7790 0.4951 -0.3848
vn 0.7794 0.5096 -0.3644
vn 0.7912 0.4854 -0.3719
vn 0.8241 0.4015 -0.3995
vn 0.9703 0.1768 -0.1651
vn 0.9049 0.2875 -0.3138
vn 0.8203 0.2691 -0.5047
vn 0.6696 0.2846 -0.6860
vn 0.9574 0.1852 -0.2216
vn 0.9197 0.2528 -0.3006
vn 0.8359 0.2931 -0.4642
vn 0.6703 0.3267 -0.6663
vn 0.9524 0.2052 -0.2253
vn 0.9256 0.2379 -0.2945
vn 0.8465 0.3068 -0.4350
vn 0.6671 0.4011 -0.6277
vn 0.6282 0.5377 -0.5624
vn -0.0488 -0.9988 -0.0000
vn -0.1451 -0.9894 -0.0001
vn -0.2530 -0.9675 -0.0001
vn -0.3762 -0.9265 -0.0001
vn -0.5508 -0.8346 0.0000
vn -0.7643 -0.6448 0.0000
vn -0.9650 -0.2621 0.0000
vn -0.1143 -0.0003 0.9934
vn -0.3262 -0.0009 0.9453
vn -0.5240 -0.0013 0.8517
vn -0.6908 -0.0007 0.7231
vn -0.8408 0.0000 0.5414
vn -0.9413 0.0000 0.3375
vn -0.9934 0.0000 0.1147
vn -0.0488 0.9988 -0.0000
vn -0.1451 0.9894 -0.0001
vn -0.2530 0.9675 -0.0001
vn -0.3830 0.9237 -0.0001
vn -0.5494 0.8356 -0.0002
vn -0.7608 0.6490 -0.0001
vn -0.9619 0.2735 -0.0001
vn 0.0000 0.9992 -0.0391
vn 0.0000 0.9949 -0.1004
vn 0.0000 0.9878 -0.1558
vn 0.0000 0.9776 -0.2104
vn 0.0000 0.9630 -0.2696
vn 0.0000 0.9405 -0.3398
vn 0.0000 0.9016 -0.4326
vn 0.0466 -0.9989 0.0000
vn 0.1435 -0.9896 0.0000
vn 0.2521 -0.9677 0.0000
vn 0.3899 -0.9209 -0.0001
vn 0.5493 -0.8356 -0.0002
vn 0.7608 -0.6490 -0.0001
vn 0.9619 -0.2735 -0.0001
vn 0.0488 0.9988 -0.0000
vn 0.1451 0.9894 -0.0001
vn 0.2530 0.9675 -0.0001
vn 0.3830 0.9237 -0.0001
vn 0.5493 0.8356 -0.0002
vn 0.7608 0.6490 -0.0001
vn 0.9619 0.2735 -0.0001
vn 0.1143 0.0003 0.9934
vn 0.3262 0.0009 0.9453
vn 0.5240 0.0013 0.8517
vn 0.6908 0.0007 0.7231
vn 0.8408 0.0000 0.5414
vn 0.9413 -0.0000 0.3375
vn 0.9934 0.0000 0.1147
vn 0.0000 -0.9989 0.0478
vn 0.0000 -0.9891 0.1470
vn 0.0000 -0.9662 0.2580
vn -0.0000 -0.9203 0.3911
vn 0.0000 -0.8283 0.5603
vn 0.0000 -0.6355 0.7721
vn 0.0000 -0.2561 0.9666
vn 0.0000 0.9989 0.0478
vn 0.0000 0.9891 0.1470
vn 0.0000 0.9662 0.2580
vn 0.0000 0.9203 0.3911
vn 0.0000 0.8283 0.5603
vn 0.0000 0.6355 0.7721
vn 0.0000 0.2561 0.9666
vn -0.1143 0.0003 -0.9934
vn -0.3262 0.0009 -0.9453
vn -0.5240 0.0013 -0.8517
vn -0.6983 0.0014 -0.7158
vn -0.8398 0.0013 -0.5429
vn -0.9401 0.0009 -0.3409
vn -0.9928 0.0004 -0.1200
vn 0.0000 -0.9989 -0.0478
vn 0.0000 -0.9891 -0.1470
vn 0.0000 -0.9662 -0.2580
vn 0.0000 -0.9203 -0.3911
vn 0.0000 -0.8283 -0.5603
vn 0.0000 -0.6355 -0.7721
vn 0.0000 -0.2561 -0.9666
vn 0.9928 0.0004 -0.1200
vn 0.9401 0.0009 -0.3409
vn 0.8398 0.0013 -0.5429
vn 0.6983 0.0014 -0.7158
vn 0.5240 0.0013 -0.8517
vn 0.3262 0.0009 -0.9453
vn 0.1143 0.0003 -0.9934
vn -0.0466 -0.9989 -0.0000
vn -0.1435 -0.9896 0.0000
vn -0.2521 -0.9677 0.0000
vn -0.3899 -0.9209 0.0002
vn -0.5493 -0.8356 0.0005
vn -0.7608 -0.6490 0.0005
vn -0.9619 -0.2735 0.0002
vn 0.0488 -0.9988 0.0001
vn 0.1451 -0.9894 0.0003
vn 0.2530 -0.9675 0.0004
vn 0.3762 -0.9265 0.0002
vn 0.5508 -0.8346 0.0000
vn 0.7643 -0.6448 -0.0000
vn 0.9650 -0.2621 -0.0000
vn -0.1092 0.0000 0.9940
vn -0.3230 0.0000 0.9464
vn -0.5226 0.0000 0.8526
vn -0.7058 0.0007 0.7084
vn -0.8398 0.0013 0.5429
vn -0.9401 0.0009 0.3409
vn -0.9928 0.0004 0.1200
vn 0.1092 -0.0000 0.9940
vn 0.3230 -0.0000 0.9464
vn 0.5226 0.0000 0.8526
vn 0.7058 -0.0007 0.7084
vn 0.8398 -0.0013 0.5429
vn 0.9401 -0.0009 0.3409
vn 0.9928 -0.0004 0.1200
vn 0.0000 0.8319 -0.5549
vn 0.0000 0.7675 -0.6411
vn 0.0000 0.6954 -0.7186
vn 0.0000 0.6105 -0.7921
vn 0.0000 0.5037 -0.8639
vn -0.0000 0.3597 -0.9331
vn 0.0000 0.1532 -0.9882
vn 0.9801 0.1717 -0.0994
vn 0.8617 0.4391 -0.2543
vn 0.6920 0.6247 -0.3618
vn 0.5186 0.7399 -0.4285
vn 0.3582 0.8079 -0.4679
vn 0.2116 0.8458 -0.4898
vn 0.0743 0.8630 -0.4998
vn -0.0743 0.8630 -0.4998
vn -0.2116 0.8458 -0.4898
vn -0.3582 0.8079 -0.4679
vn -0.5185 0.7399 -0.4285
vn -0.6920 0.6247 -0.3618
vn -0.8617 0.4391 -0.2543
vn -0.9801 0.1717 -0.0994
usemtl None
s off
f 3842/3642/3457 3618/3643/3457 3506/3644/3457 3730/3645/3457
f 4130/3646/3458 3778/3647/3458 3955/3648/3458 4324/3649/3458
f 4001/3650/3459 3507/3651/3459 3617/3652/3459 4066/3653/3459
f 3683/3654/3460 4196/3655/3460 4003/3656/3460 3459/3657/3460
f 3555/3658/3459 4068/3659/3459 4257/3660/3459 3905/3661/3459
f 4131/3662/3458 4323/3663/3458 3844/3664/3458
f 3841/3665/3461 4322/3666/3461 4259/3667/3461 3619/3668/3461
f 4195/3669/3460 3731/3670/3460 3505/3671/3460 4004/3672/3460
f 4132/3673/3458 3843/3674/3458 3729/3675/3458 4194/3676/3458
f 3777/3677/3462 3556/3678/3462 3907/3679/3462 3953/3680/3462
f 3553/3681/3462 3780/3682/3462 3681/3683/3462 3458/3684/3462
f 3906/3685/3463 4260/3686/3463 4321/3687/3463 3954/3688/3463
f 3779/3689/3458 4129/3690/3458 4193/3691/3458 3682/3692/3458
f 4067/3693/3459 3620/3694/3459 4258/3695/3459
f 3457/3696/3464 3460/3697/3464 3464/3698/3464 3463/3699/3464
f 3460/3697/3465 3461/3700/3465 3465/3701/3465 3464/3698/3465
f 3461/3700/3466 3462/3702/3466 3466/3703/3466 3465/3701/3466
f 3462/3702/3467 3486/3704/3467 3487/3705/3467 3466/3703/3467
f 3463/3699/3468 3464/3698/3468 3468/3706/3468 3467/3707/3468
f 3464/3698/3469 3465/3701/3469 3469/3708/3469 3468/3706/3469
f 3465/3701/3470 3466/3703/3470 3470/3709/3470 3469/3708/3470
f 3466/3703/3471 3487/3705/3471 3488/3710/3471 3470/3709/3471
f 3467/3707/3472 3468/3706/3472 3472/3711/3472 3471/3712/3472
f 3468/3706/3473 3469/3708/3473 3473/3713/3473 3472/3711/3473
f 3469/3708/3474 3470/3709/3474 3474/3714/3474 3473/3713/3474
f 3470/3709/3475 3488/3710/3475 3489/3715/3475 3474/3714/3475
f 3458/3684/3476 3475/3716/3476 3479/3717/3476 3478/3718/3476
f 3475/3716/3477 3476/3719/3477 3480/3720/3477 3479/3717/3477
f 3476/3719/3478 3477/3721/3478 3481/3722/3478 3480/3720/3478
f 3477/3721/3479 3501/3723/3479 3502/3724/3479 3481/3722/3479
f 3478/3718/3480 3479/3717/3480 3483/3725/3480 3482/3726/3480
f 3479/3717/3481 3480/3720/3481 3484/3727/3481 3483/3725/3481
f 3480/3720/3482 3481/3722/3482 3485/3728/3482 3484/3727/3482
f 3481/3722/3483 3502/3724/3483 3503/3729/3483 3485/3728/3483
f 3482/3726/3484 3483/3725/3484 3487/3730/3484 3486/3731/3484
f 3483/3725/3485 3484/3727/3485 3488/3732/3485 3487/3730/3485
f 3484/3727/3486 3485/3728/3486 3489/3733/3486 3488/3732/3486
f 3485/3728/3487 3503/3729/3487 3504/3734/3487 3489/3733/3487
f 3459/3657/3488 3490/3735/3488 3494/3736/3488 3493/3737/3488
f 3490/3735/3489 3491/3738/3489 3495/3739/3489 3494/3736/3489
f 3491/3738/3490 3492/3740/3490 3496/3741/3490 3495/3739/3490
f 3492/3740/3491 3471/3742/3491 3472/3743/3491 3496/3741/3491
f 3493/3737/3492 3494/3736/3492 3498/3744/3492 3497/3745/3492
f 3494/3736/3493 3495/3739/3493 3499/3746/3493 3498/3744/3493
f 3495/3739/3494 3496/3741/3494 3500/3747/3494 3499/3746/3494
f 3496/3741/3495 3472/3743/3495 3473/3748/3495 3500/3747/3495
f 3497/3745/3496 3498/3744/3496 3502/3749/3496 3501/3750/3496
f 3498/3744/3497 3499/3746/3497 3503/3751/3497 3502/3749/3497
f 3499/3746/3498 3500/3747/3498 3504/3752/3498 3503/3751/3498
f 3500/3747/3499 3473/3748/3499 3474/3753/3499 3504/3752/3499
f 3474/3714/3500 3489/3715/3500 3504/3754/3500
f 3505/3671/3501 3508/3755/3501 3512/3756/3501 3511/3757/3501
f 3508/3755/3502 3509/3758/3502 3513/3759/3502 3512/3756/3502
f 3509/3758/3503 3510/3760/3503 3514/3761/3503 3513/3759/3503
f 3510/3760/3504 3534/3762/3504 3535/3763/3504 3514/3761/3504
f 3511/3757/3505 3512/3756/3505 3516/3764/3505 3515/3765/3505
f 3512/3756/3506 3513/3759/3506 3517/3766/3506 3516/3764/3506
f 3513/3759/3507 3514/3761/3507 3518/3767/3507 3517/3766/3507
f 3514/3761/3508 3535/3763/3508 3536/3768/3508 3518/3767/3508
f 3515/3765/3509 3516/3764/3509 3520/3769/3509 3519/3770/3509
f 3516/3764/3510 3517/3766/3510 3521/3771/3510 3520/3769/3510
f 3517/3766/3511 3518/3767/3511 3522/3772/3511 3521/3771/3511
f 3518/3767/3512 3536/3768/3512 3537/3773/3512 3522/3772/3512
f 3506/3644/3513 3523/3774/3513 3527/3775/3513 3526/3776/3513
f 3523/3774/3514 3524/3777/3514 3528/3778/3514 3527/3775/3514
f 3524/3777/3515 3525/3779/3515 3529/3780/3515 3528/3778/3515
f 3525/3779/3516 3549/3781/3516 3550/3782/3516 3529/3780/3516
f 3526/3776/3517 3527/3775/3517 3531/3783/3517 3530/3784/3517
f 3527/3775/3518 3528/3778/3518 3532/3785/3518 3531/3783/3518
f 3528/3778/3519 3529/3780/3519 3533/3786/3519 3532/3785/3519
f 3529/3780/3520 3550/3782/3520 3551/3787/3520 3533/3786/3520
f 3530/3784/3521 3531/3783/3521 3535/3788/3521 3534/3789/3521
f 3531/3783/3522 3532/3785/3522 3536/3790/3522 3535/3788/3522
f 3532/3785/3523 3533/3786/3523 3537/3791/3523 3536/3790/3523
f 3533/3786/3524 3551/3787/3524 3552/3792/3524 3537/3791/3524
f 3507/3651/3525 3538/3793/3525 3542/3794/3525 3541/3795/3525
f 3538/3793/3526 3539/3796/3526 3543/3797/3526 3542/3794/3526
f 3539/3796/3527 3540/3798/3527 3544/3799/3527 3543/3797/3527
f 3540/3798/3528 3519/3800/3528 3520/3801/3528 3544/3799/3528
f 3541/3795/3529 3542/3794/3529 3546/3802/3529 3545/3803/3529
f 3542/3794/3530 3543/3797/3530 3547/3804/3530 3546/3802/3530
f 3543/3797/3531 3544/3799/3531 3548/3805/3531 3547/3804/3531
f 3544/3799/3532 3520/3801/3532 3521/3806/3532 3548/3805/3532
f 3545/3803/3533 3546/3802/3533 3550/3807/3533 3549/3808/3533
f 3546/3802/3534 3547/3804/3534 3551/3809/3534 3550/3807/3534
f 3547/3804/3535 3548/3805/3535 3552/3810/3535 3551/3809/3535
f 3548/3805/3536 3521/3806/3536 3522/3811/3536 3552/3810/3536
f 3522/3772/3537 3537/3773/3537 3552/3812/3537
f 3553/3681/3538 3557/3813/3538 3561/3814/3538 3560/3815/3538
f 3557/3813/3539 3558/3816/3539 3562/3817/3539 3561/3814/3539
f 3558/3816/3540 3559/3818/3540 3563/3819/3540 3562/3817/3540
f 3559/3818/3541 3583/3820/3541 3584/3821/3541 3563/3819/3541
f 3560/3815/3542 3561/3814/3542 3565/3822/3542 3564/3823/3542
f 3561/3814/3543 3562/3817/3543 3566/3824/3543 3565/3822/3543
f 3562/3817/3544 3563/3819/3544 3567/3825/3544 3566/3824/3544
f 3563/3819/3545 3584/3821/3545 3585/3826/3545 3567/3825/3545
f 3564/3823/3546 3565/3822/3546 3569/3827/3546 3568/3828/3546
f 3565/3822/3547 3566/3824/3547 3570/3829/3547 3569/3827/3547
f 3566/3824/3548 3567/3825/3548 3571/3830/3548 3570/3829/3548
f 3567/3825/3549 3585/3826/3549 3586/3831/3549 3571/3830/3549
f 3554/3832/3550 3572/3833/3550 3576/3834/3550 3575/3835/3550
f 3572/3833/3551 3573/3836/3551 3577/3837/3551 3576/3834/3551
f 3573/3836/3552 3574/3838/3552 3578/3839/3552 3577/3837/3552
f 3574/3838/3553 3598/3840/3553 3599/3841/3553 3578/3839/3553
f 3575/3835/3554 3576/3834/3554 3580/3842/3554 3579/3843/3554
f 3576/3834/3555 3577/3837/3555 3581/3844/3555 3580/3842/3555
f 3577/3837/3556 3578/3839/3556 3582/3845/3556 3581/3844/3556
f 3578/3839/3557 3599/3841/3557 3600/3846/3557 3582/3845/3557
f 3579/3843/3558 3580/3842/3558 3584/3847/3558 3583/3848/3558
f 3580/3842/3559 3581/3844/3559 3585/3849/3559 3584/3847/3559
f 3581/3844/3560 3582/3845/3560 3586/3850/3560 3585/3849/3560
f 3582/3845/3561 3600/3846/3561 3601/3851/3561 3586/3850/3561
f 3555/3658/3562 3587/3852/3562 3591/3853/3562 3590/3854/3562
f 3587/3852/3563 3588/3855/3563 3592/3856/3563 3591/3853/3563
f 3588/3855/3564 3589/3857/3564 3593/3858/3564 3592/3856/3564
f 3589/3857/3565 3613/3859/3565 3614/3860/3565 3593/3858/3565
f 3590/3854/3566 3591/3853/3566 3595/3861/3566 3594/3862/3566
f 3591/3853/3567 3592/3856/3567 3596/3863/3567 3595/3861/3567
f 3592/3856/3568 3593/3858/3568 3597/3864/3568 3596/3863/3568
f 3593/3858/3569 3614/3860/3569 3615/3865/3569 3597/3864/3569
f 3594/3862/3570 3595/3861/3570 3599/3841/3570 3598/3840/3570
f 3595/3861/3571 3596/3863/3571 3600/3846/3571 3599/3841/3571
f 3596/3863/3572 3597/3864/3572 3601/3851/3572 3600/3846/3572
f 3597/3864/3573 3615/3865/3573 3616/3866/3573 3601/3851/3573
f 3556/3678/3574 3602/3867/3574 3606/3868/3574 3605/3869/3574
f 3602/3867/3575 3603/3870/3575 3607/3871/3575 3606/3868/3575
f 3603/3870/3576 3604/3872/3576 3608/3873/3576 3607/3871/3576
f 3604/3872/3577 3568/3828/3577 3569/3827/3577 3608/3873/3577
f 3605/3869/3578 3606/3868/3578 3610/3874/3578 3609/3875/3578
f 3606/3868/3579 3607/3871/3579 3611/3876/3579 3610/3874/3579
f 3607/3871/3580 3608/3873/3580 3612/3877/3580 3611/3876/3580
f 3608/3873/3581 3569/3827/3581 3570/3829/3581 3612/3877/3581
f 3609/3875/3582 3610/3874/3582 3614/3878/3582 3613/3879/3582
f 3610/3874/3583 3611/3876/3583 3615/3880/3583 3614/3878/3583
f 3611/3876/3584 3612/3877/3584 3616/3881/3584 3615/3880/3584
f 3612/3877/3585 3570/3829/3585 3571/3830/3585 3616/3881/3585
f 3571/3830/3586 3586/3882/3586 3601/3883/3586 3616/3881/3586
f 3617/3652/3587 3621/3884/3587 3625/3885/3587 3624/3886/3587
f 3621/3884/3588 3622/3887/3588 3626/3888/3588 3625/3885/3588
f 3622/3887/3589 3623/3889/3589 3627/3890/3589 3626/3888/3589
f 3623/3889/3590 3647/3891/3590 3648/3892/3590 3627/3890/3590
f 3624/3886/3591 3625/3885/3591 3629/3893/3591 3628/3894/3591
f 3625/3885/3592 3626/3888/3592 3630/3895/3592 3629/3893/3592
f 3626/3888/3593 3627/3890/3593 3631/3896/3593 3630/3895/3593
f 3627/3890/3594 3648/3892/3594 3649/3897/3594 3631/3896/3594
f 3628/3894/3595 3629/3893/3595 3633/3898/3595 3632/3899/3595
f 3629/3893/3596 3630/3895/3596 3634/3900/3596 3633/3898/3596
f 3630/3895/3597 3631/3896/3597 3635/3901/3597 3634/3900/3597
f 3631/3896/3598 3649/3897/3598 3650/3902/3598 3635/3901/3598
f 3618/3643/3599 3636/3903/3599 3640/3904/3599 3639/3905/3599
f 3636/3903/3600 3637/3906/3600 3641/3907/3600 3640/3904/3600
f 3637/3906/3601 3638/3908/3601 3642/3909/3601 3641/3907/3601
f 3638/3908/3602 3662/3910/3602 3663/3911/3602 3642/3909/3602
f 3639/3905/3603 3640/3904/3603 3644/3912/3603 3643/3913/3603
f 3640/3904/3604 3641/3907/3604 3645/3914/3604 3644/3912/3604
f 3641/3907/3605 3642/3909/3605 3646/3915/3605 3645/3914/3605
f 3642/3909/3606 3663/3911/3606 3664/3916/3606 3646/3915/3606
f 3643/3913/3607 3644/3912/3607 3648/3917/3607 3647/3918/3607
f 3644/3912/3608 3645/3914/3608 3649/3919/3608 3648/3917/3608
f 3645/3914/3609 3646/3915/3609 3650/3920/3609 3649/3919/3609
f 3646/3915/3610 3664/3916/3610 3665/3921/3610 3650/3920/3610
f 3619/3668/3611 3651/3922/3611 3655/3923/3611 3654/3924/3611
f 3651/3922/3612 3652/3925/3612 3656/3926/3612 3655/3923/3612
f 3652/3925/3613 3653/3927/3613 3657/3928/3613 3656/3926/3613
f 3653/3927/3614 3677/3929/3614 3678/3930/3614 3657/3928/3614
f 3654/3924/3615 3655/3923/3615 3659/3931/3615 3658/3932/3615
f 3655/3923/3616 3656/3926/3616 3660/3933/3616 3659/3931/3616
f 3656/3926/3617 3657/3928/3617 3661/3934/3617 3660/3933/3617
f 3657/3928/3618 3678/3930/3618 3679/3935/3618 3661/3934/3618
f 3658/3932/3619 3659/3931/3619 3663/3936/3619 3662/3937/3619
f 3659/3931/3620 3660/3933/3620 3664/3938/3620 3663/3936/3620
f 3660/3933/3621 3661/3934/3621 3665/3939/3621 3664/3938/3621
f 3661/3934/3622 3679/3935/3622 3680/3940/3622 3665/3939/3622
f 3620/3694/3623 3666/3941/3623 3670/3942/3623 3669/3943/3623
f 3666/3941/3624 3667/3944/3624 3671/3945/3624 3670/3942/3624
f 3667/3944/3625 3668/3946/3625 3672/3947/3625 3671/3945/3625
f 3668/3946/3626 3632/3899/3626 3633/3898/3626 3672/3947/3626
f 3669/3943/3627 3670/3942/3627 3674/3948/3627 3673/3949/3627
f 3670/3942/3628 3671/3945/3628 3675/3950/3628 3674/3948/3628
f 3671/3945/3629 3672/3947/3629 3676/3951/3629 3675/3950/3629
f 3672/3947/3630 3633/3898/3630 3634/3900/3630 3676/3951/3630
f 3673/3949/3631 3674/3948/3631 3678/3930/3631 3677/3929/3631
f 3674/3948/3632 3675/3950/3632 3679/3935/3632 3678/3930/3632
f 3675/3950/3633 3676/3951/3633 3680/3940/3633 3679/3935/3633
f 3676/3951/3634 3634/3900/3634 3635/3901/3634 3680/3940/3634
f 3635/3901/3635 3650/3952/3635 3665/3953/3635 3680/3940/3635
f 3681/3683/3636 3684/3954/3636 3688/3955/3636 3687/3956/3636
f 3684/3954/3637 3685/3957/3637 3689/3958/3637 3688/3955/3637
f 3685/3957/3638 3686/3959/3638 3690/3960/3638 3689/3958/3638
f 3686/3959/3639 3710/3961/3639 3711/3962/3639 3690/3960/3639
f 3687/3956/3640 3688/3955/3640 3692/3963/3640 3691/3964/3640
f 3688/3955/3641 3689/3958/3641 3693/3965/3641 3692/3963/3641
f 3689/3958/3642 3690/3960/3642 3694/3966/3642 3693/3965/3642
f 3690/3960/3643 3711/3962/3643 3712/3967/3643 3694/3966/3643
f 3691/3964/3644 3692/3963/3644 3696/3968/3644 3695/3969/3644
f 3692/3963/3645 3693/3965/3645 3697/3970/3645 3696/3968/3645
f 3693/3965/3646 3694/3966/3646 3698/3971/3646 3697/3970/3646
f 3694/3966/3647 3712/3967/3647 3713/3972/3647 3698/3971/3647
f 3682/3692/3648 3699/3973/3648 3703/3974/3648 3702/3975/3648
f 3699/3973/3649 3700/3976/3649 3704/3977/3649 3703/3974/3649
f 3700/3976/3650 3701/3978/3650 3705/3979/3650 3704/3977/3650
f 3701/3978/3651 3725/3980/3651 3726/3981/3651 3705/3979/3651
f 3702/3975/3652 3703/3974/3652 3707/3982/3652 3706/3983/3652
f 3703/3974/3653 3704/3977/3653 3708/3984/3653 3707/3982/3653
f 3704/3977/3654 3705/3979/3654 3709/3985/3654 3708/3984/3654
f 3705/3979/3655 3726/3981/3655 3727/3986/3655 3709/3985/3655
f 3706/3983/3656 3707/3982/3656 3711/3962/3656 3710/3961/3656
f 3707/3982/3657 3708/3984/3657 3712/3967/3657 3711/3962/3657
f 3708/3984/3658 3709/3985/3658 3713/3972/3658 3712/3967/3658
f 3709/3985/3659 3727/3986/3659 3728/3987/3659 3713/3972/3659
f 3683/3654/3660 3714/3988/3660 3718/3989/3660 3717/3990/3660
f 3714/3988/3661 3715/3991/3661 3719/3992/3661 3718/3989/3661
f 3715/3991/3662 3716/3993/3662 3720/3994/3662 3719/3992/3662
f 3716/3993/3663 3695/3995/3663 3696/3996/3663 3720/3994/3663
f 3717/3990/3664 3718/3989/3664 3722/3997/3664 3721/3998/3664
f 3718/3989/3665 3719/3992/3665 3723/3999/3665 3722/3997/3665
f 3719/3992/3666 3720/3994/3666 3724/4000/3666 3723/3999/3666
f 3720/3994/3667 3696/3996/3667 3697/4001/3667 3724/4000/3667
f 3721/3998/3668 3722/3997/3668 3726/3981/3668 3725/3980/3668
f 3722/3997/3669 3723/3999/3669 3727/3986/3669 3726/3981/3669
f 3723/3999/3670 3724/4000/3670 3728/3987/3670 3727/3986/3670
f 3724/4000/3671 3697/4001/3671 3698/4002/3671 3728/3987/3671
f 3698/3971/3672 3713/4003/3672 3728/4004/3672
f 3729/3675/3673 3732/4005/3673 3736/4006/3673 3735/4007/3673
f 3732/4005/3674 3733/4008/3674 3737/4009/3674 3736/4006/3674
f 3733/4008/3675 3734/4010/3675 3738/4011/3675 3737/4009/3675
f 3734/4010/3676 3758/4012/3676 3759/4013/3676 3738/4011/3676
f 3735/4007/3677 3736/4006/3677 3740/4014/3677 3739/4015/3677
f 3736/4006/3678 3737/4009/3678 3741/4016/3678 3740/4014/3678
f 3737/4009/3679 3738/4011/3679 3742/4017/3679 3741/4016/3679
f 3738/4011/3680 3759/4013/3680 3760/4018/3680 3742/4017/3680
f 3739/4015/3681 3740/4014/3681 3744/4019/3681 3743/4020/3681
f 3740/4014/3682 3741/4016/3682 3745/4021/3682 3744/4019/3682
f 3741/4016/3683 3742/4017/3683 3746/4022/3683 3745/4021/3683
f 3742/4017/3684 3760/4018/3684 3761/4023/3684 3746/4022/3684
f 3730/3645/3685 3747/4024/3685 3751/4025/3685 3750/4026/3685
f 3747/4024/3686 3748/4027/3686 3752/4028/3686 3751/4025/3686
f 3748/4027/3687 3749/4029/3687 3753/4030/3687 3752/4028/3687
f 3749/4029/3688 3773/4031/3688 3774/4032/3688 3753/4030/3688
f 3750/4026/3689 3751/4025/3689 3755/4033/3689 3754/4034/3689
f 3751/4025/3690 3752/4028/3690 3756/4035/3690 3755/4033/3690
f 3752/4028/3691 3753/4030/3691 3757/4036/3691 3756/4035/3691
f 3753/4030/3692 3774/4032/3692 3775/4037/3692 3757/4036/3692
f 3754/4034/3693 3755/4033/3693 3759/4013/3693 3758/4012/3693
f 3755/4033/3694 3756/4035/3694 3760/4018/3694 3759/4013/3694
f 3756/4035/3695 3757/4036/3695 3761/4023/3695 3760/4018/3695
f 3757/4036/3696 3775/4037/3696 3776/4038/3696 3761/4023/3696
f 3731/3670/3697 3762/4039/3697 3766/4040/3697 3765/4041/3697
f 3762/4039/3698 3763/4042/3698 3767/4043/3698 3766/4040/3698
f 3763/4042/3699 3764/4044/3699 3768/4045/3699 3767/4043/3699
f 3764/4044/3700 3743/4020/3700 3744/4019/3700 3768/4045/3700
f 3765/4041/3701 3766/4040/3701 3770/4046/3701 3769/4047/3701
f 3766/4040/3702 3767/4043/3702 3771/4048/3702 3770/4046/3702
f 3767/4043/3703 3768/4045/3703 3772/4049/3703 3771/4048/3703
f 3768/4045/3704 3744/4019/3704 3745/4021/3704 3772/4049/3704
f 3769/4047/3705 3770/4046/3705 3774/4050/3705 3773/4051/3705
f 3770/4046/3706 3771/4048/3706 3775/4052/3706 3774/4050/3706
f 3771/4048/3707 3772/4049/3707 3776/4053/3707 3775/4052/3707
f 3772/4049/3708 3745/4021/3708 3746/4022/3708 3776/4053/3708
f 3746/4022/3709 3761/4054/3709 3776/4055/3709
f 3777/3677/3710 3781/4056/3710 3785/4057/3710 3784/4058/3710
f 3781/4056/3711 3782/4059/3711 3786/4060/3711 3785/4057/3711
f 3782/4059/3712 3783/4061/3712 3787/4062/3712 3786/4060/3712
f 3783/4061/3713 3807/4063/3713 3808/4064/3713 3787/4062/3713
f 3784/4058/3714 3785/4057/3714 3789/4065/3714 3788/4066/3714
f 3785/4057/3715 3786/4060/3715 3790/4067/3715 3789/4065/3715
f 3786/4060/3716 3787/4062/3716 3791/4068/3716 3790/4067/3716
f 3787/4062/3717 3808/4064/3717 3809/4069/3717 3791/4068/3717
f 3788/4066/3718 3789/4065/3718 3793/4070/3718 3792/4071/3718
f 3789/4065/3719 3790/4067/3719 3794/4072/3719 3793/4070/3719
f 3790/4067/3720 3791/4068/3720 3795/4073/3720 3794/4072/3720
f 3791/4068/3721 3809/4069/3721 3810/4074/3721 3795/4073/3721
f 3778/3647/3722 3796/4075/3722 3800/4076/3722 3799/4077/3722
f 3796/4075/3723 3797/4078/3723 3801/4079/3723 3800/4076/3723
f 3797/4078/3724 3798/4080/3724 3802/4081/3724 3801/4079/3724
f 3798/4080/3725 3822/4082/3725 3823/4083/3725 3802/4081/3725
f 3799/4077/3726 3800/4076/3726 3804/4084/3726 3803/4085/3726
f 3800/4076/3727 3801/4079/3727 3805/4086/3727 3804/4084/3727
f 3801/4079/3728 3802/4081/3728 3806/4087/3728 3805/4086/3728
f 3802/4081/3729 3823/4083/3729 3824/4088/3729 3806/4087/3729
f 3803/4085/3730 3804/4084/3730 3808/4064/3730 3807/4063/3730
f 3804/4084/3731 3805/4086/3731 3809/4069/3731 3808/4064/3731
f 3805/4086/3732 3806/4087/3732 3810/4074/3732 3809/4069/3732
f 3806/4087/3733 3824/4088/3733 3825/4089/3733 3810/4074/3733
f 3779/3689/3734 3811/4090/3734 3815/4091/3734 3814/4092/3734
f 3811/4090/3735 3812/4093/3735 3816/4094/3735 3815/4091/3735
f 3812/4093/3736 3813/4095/3736 3817/4096/3736 3816/4094/3736
f 3813/4095/3737 3837/4097/3737 3838/4098/3737 3817/4096/3737
f 3814/4092/3738 3815/4091/3738 3819/4099/3738 3818/4100/3738
f 3815/4091/3739 3816/4094/3739 3820/4101/3739 3819/4099/3739
f 3816/4094/3740 3817/4096/3740 3821/4102/3740 3820/4101/3740
f 3817/4096/3741 3838/4098/3741 3839/4103/3741 3821/4102/3741
f 3818/4100/3742 3819/4099/3742 3823/4083/3742 3822/4082/3742
f 3819/4099/3743 3820/4101/3743 3824/4088/3743 3823/4083/3743
f 3820/4101/3744 3821/4102/3744 3825/4089/3744 3824/4088/3744
f 3821/4102/3745 3839/4103/3745 3840/4104/3745 3825/4089/3745
f 3780/3682/3746 3826/4105/3746 3830/4106/3746 3829/4107/3746
f 3826/4105/3747 3827/4108/3747 3831/4109/3747 3830/4106/3747
f 3827/4108/3748 3828/4110/3748 3832/4111/3748 3831/4109/3748
f 3828/4110/3749 3792/4071/3749 3793/4070/3749 3832/4111/3749
f 3829/4107/3750 3830/4106/3750 3834/4112/3750 3833/4113/3750
f 3830/4106/3751 3831/4109/3751 3835/4114/3751 3834/4112/3751
f 3831/4109/3752 3832/4111/3752 3836/4115/3752 3835/4114/3752
f 3832/4111/3753 3793/4070/3753 3794/4072/3753 3836/4115/3753
f 3833/4113/3754 3834/4112/3754 3838/4098/3754 3837/4097/3754
f 3834/4112/3755 3835/4114/3755 3839/4103/3755 3838/4098/3755
f 3835/4114/3756 3836/4115/3756 3840/4104/3756 3839/4103/3756
f 3836/4115/3757 3794/4072/3757 3795/4073/3757 3840/4104/3757
f 3795/4073/3758 3810/4074/3758 3825/4089/3758 3840/4104/3758
f 3841/3665/3759 3845/4116/3759 3849/4117/3759 3848/4118/3759
f 3845/4116/3760 3846/4119/3760 3850/4120/3760 3849/4117/3760
f 3846/4119/3761 3847/4121/3761 3851/4122/3761 3850/4120/3761
f 3847/4121/3762 3871/4123/3762 3872/4124/3762 3851/4122/3762
f 3848/4118/3763 3849/4117/3763 3853/4125/3763 3852/4126/3763
f 3849/4117/3764 3850/4120/3764 3854/4127/3764 3853/4125/3764
f 3850/4120/3765 3851/4122/3765 3855/4128/3765 3854/4127/3765
f 3851/4122/3766 3872/4124/3766 3873/4129/3766 3855/4128/3766
f 3852/4126/3767 3853/4125/3767 3857/4130/3767 3856/4131/3767
f 3853/4125/3768 3854/4127/3768 3858/4132/3768 3857/4130/3768
f 3854/4127/3769 3855/4128/3769 3859/4133/3769 3858/4132/3769
f 3855/4128/3770 3873/4129/3770 3874/4134/3770 3859/4133/3770
f 3842/3642/3771 3860/4135/3771 3864/4136/3771 3863/4137/3771
f 3860/4135/3772 3861/4138/3772 3865/4139/3772 3864/4136/3772
f 3861/4138/3773 3862/4140/3773 3866/4141/3773 3865/4139/3773
f 3862/4140/3774 3886/4142/3774 3887/4143/3774 3866/4141/3774
f 3863/4137/3775 3864/4136/3775 3868/4144/3775 3867/4145/3775
f 3864/4136/3776 3865/4139/3776 3869/4146/3776 3868/4144/3776
f 3865/4139/3777 3866/4141/3777 3870/4147/3777 3869/4146/3777
f 3866/4141/3778 3887/4143/3778 3888/4148/3778 3870/4147/3778
f 3867/4145/3779 3868/4144/3779 3872/4149/3779 3871/4150/3779
f 3868/4144/3780 3869/4146/3780 3873/4151/3780 3872/4149/3780
f 3869/4146/3781 3870/4147/3781 3874/4152/3781 3873/4151/3781
f 3870/4147/3782 3888/4148/3782 3889/4153/3782 3874/4152/3782
f 3843/3674/3783 3875/4154/3783 3879/4155/3783 3878/4156/3783
f 3875/4154/3784 3876/4157/3784 3880/4158/3784 3879/4155/3784
f 3876/4157/3785 3877/4159/3785 3881/4160/3785 3880/4158/3785
f 3877/4159/3786 3901/4161/3786 3902/4162/3786 3881/4160/3786
f 3878/4156/3787 3879/4155/3787 3883/4163/3787 3882/4164/3787
f 3879/4155/3788 3880/4158/3788 3884/4165/3788 3883/4163/3788
f 3880/4158/3789 3881/4160/3789 3885/4166/3789 3884/4165/3789
f 3881/4160/3790 3902/4162/3790 3903/4167/3790 3885/4166/3790
f 3882/4164/3791 3883/4163/3791 3887/4143/3791 3886/4142/3791
f 3883/4163/3792 3884/4165/3792 3888/4148/3792 3887/4143/3792
f 3884/4165/3793 3885/4166/3793 3889/4153/3793 3888/4148/3793
f 3885/4166/3794 3903/4167/3794 3904/4168/3794 3889/4153/3794
f 3844/3664/3795 3890/4169/3795 3894/4170/3795 3893/4171/3795
f 3890/4169/3796 3891/4172/3796 3895/4173/3796 3894/4170/3796
f 3891/4172/3797 3892/4174/3797 3896/4175/3797 3895/4173/3797
f 3892/4174/3798 3856/4131/3798 3857/4130/3798 3896/4175/3798
f 3893/4171/3799 3894/4170/3799 3898/4176/3799 3897/4177/3799
f 3894/4170/3800 3895/4173/3800 3899/4178/3800 3898/4176/3800
f 3895/4173/3801 3896/4175/3801 3900/4179/3801 3899/4178/3801
f 3896/4175/3802 3857/4130/3802 3858/4132/3802 3900/4179/3802
f 3897/4177/3803 3898/4176/3803 3902/4162/3803 3901/4161/3803
f 3898/4176/3804 3899/4178/3804 3903/4167/3804 3902/4162/3804
f 3899/4178/3805 3900/4179/3805 3904/4168/3805 3903/4167/3805
f 3900/4179/3806 3858/4132/3806 3859/4133/3806 3904/4168/3806
f 3859/4133/3807 3874/4134/3807 3889/4180/3807 3904/4181/3807
f 3905/3661/3808 3908/4182/3808 3912/4183/3808 3911/4184/3808
f 3908/4182/3809 3909/4185/3809 3913/4186/3809 3912/4183/3809
f 3909/4185/3810 3910/4187/3810 3914/4188/3810 3913/4186/3810
f 3910/4187/3811 3934/4189/3811 3935/4190/3811 3914/4188/3811
f 3911/4184/3812 3912/4183/3812 3916/4191/3812 3915/4192/3812
f 3912/4183/3813 3913/4186/3813 3917/4193/3813 3916/4191/3813
f 3913/4186/3814 3914/4188/3814 3918/4194/3814 3917/4193/3814
f 3914/4188/3815 3935/4190/3815 3936/4195/3815 3918/4194/3815
f 3915/4192/3816 3916/4191/3816 3920/4196/3816 3919/4197/3816
f 3916/4191/3817 3917/4193/3817 3921/4198/3817 3920/4196/3817
f 3917/4193/3818 3918/4194/3818 3922/4199/3818 3921/4198/3818
f 3918/4194/3819 3936/4195/3819 3937/4200/3819 3922/4199/3819
f 3906/3685/3820 3923/4201/3820 3927/4202/3820 3926/4203/3820
f 3923/4201/3821 3924/4204/3821 3928/4205/3821 3927/4202/3821
f 3924/4204/3822 3925/4206/3822 3929/4207/3822 3928/4205/3822
f 3925/4206/3823 3949/4208/3823 3950/4209/3823 3929/4207/3823
f 3926/4203/3824 3927/4202/3824 3931/4210/3824 3930/4211/3824
f 3927/4202/3825 3928/4205/3825 3932/4212/3825 3931/4210/3825
f 3928/4205/3826 3929/4207/3826 3933/4213/3826 3932/4212/3826
f 3929/4207/3827 3950/4209/3827 3951/4214/3827 3933/4213/3827
f 3930/4211/3828 3931/4210/3828 3935/4190/3828 3934/4189/3828
f 3931/4210/3829 3932/4212/3829 3936/4195/3829 3935/4190/3829
f 3932/4212/3830 3933/4213/3830 3937/4200/3830 3936/4195/3830
f 3933/4213/3831 3951/4214/3831 3952/4215/3831 3937/4200/3831
f 3907/3679/3832 3938/4216/3832 3942/4217/3832 3941/4218/3832
f 3938/4216/3833 3939/4219/3833 3943/4220/3833 3942/4217/3833
f 3939/4219/3834 3940/4221/3834 3944/4222/3834 3943/4220/3834
f 3940/4221/3835 3919/4223/3835 3920/4224/3835 3944/4222/3835
f 3941/4218/3836 3942/4217/3836 3946/4225/3836 3945/4226/3836
f 3942/4217/3837 3943/4220/3837 3947/4227/3837 3946/4225/3837
f 3943/4220/3838 3944/4222/3838 3948/4228/3838 3947/4227/3838
f 3944/4222/3839 3920/4224/3839 3921/4229/3839 3948/4228/3839
f 3945/4226/3840 3946/4225/3840 3950/4230/3840 3949/4231/3840
f 3946/4225/3841 3947/4227/3841 3951/4232/3841 3950/4230/3841
f 3947/4227/3842 3948/4228/3842 3952/4233/3842 3951/4232/3842
f 3948/4228/3843 3921/4229/3843 3922/4234/3843 3952/4233/3843
f 3922/4199/3844 3937/4235/3844 3952/4236/3844
f 3953/3680/3845 3956/4237/3845 3960/4238/3845 3959/4239/3845
f 3956/4237/3846 3957/4240/3846 3961/4241/3846 3960/4238/3846
f 3957/4240/3847 3958/4242/3847 3962/4243/3847 3961/4241/3847
f 3958/4242/3848 3982/4244/3848 3983/4245/3848 3962/4243/3848
f 3959/4239/3849 3960/4238/3849 3964/4246/3849 3963/4247/3849
f 3960/4238/3850 3961/4241/3850 3965/4248/3850 3964/4246/3850
f 3961/4241/3851 3962/4243/3851 3966/4249/3851 3965/4248/3851
f 3962/4243/3852 3983/4245/3852 3984/4250/3852 3966/4249/3852
f 3963/4247/3853 3964/4246/3853 3968/4251/3853 3967/4252/3853
f 3964/4246/3854 3965/4248/3854 3969/4253/3854 3968/4251/3854
f 3965/4248/3855 3966/4249/3855 3970/4254/3855 3969/4253/3855
f 3966/4249/3856 3984/4250/3856 3985/4255/3856 3970/4254/3856
f 3954/3688/3857 3971/4256/3857 3975/4257/3857 3974/4258/3857
f 3971/4256/3858 3972/4259/3858 3976/4260/3858 3975/4257/3858
f 3972/4259/3859 3973/4261/3859 3977/4262/3859 3976/4260/3859
f 3973/4261/3860 3997/4263/3860 3998/4264/3860 3977/4262/3860
f 3974/4258/3861 3975/4257/3861 3979/4265/3861 3978/4266/3861
f 3975/4257/3862 3976/4260/3862 3980/4267/3862 3979/4265/3862
f 3976/4260/3863 3977/4262/3863 3981/4268/3863 3980/4267/3863
f 3977/4262/3864 3998/4264/3864 3999/4269/3864 3981/4268/3864
f 3978/4266/3865 3979/4265/3865 3983/4270/3865 3982/4271/3865
f 3979/4265/3866 3980/4267/3866 3984/4272/3866 3983/4270/3866
f 3980/4267/3867 3981/4268/3867 3985/4273/3867 3984/4272/3867
f 3981/4268/3868 3999/4269/3868 4000/4274/3868 3985/4273/3868
f 3955/3648/3869 3986/4275/3869 3990/4276/3869 3989/4277/3869
f 3986/4275/3870 3987/4278/3870 3991/4279/3870 3990/4276/3870
f 3987/4278/3871 3988/4280/3871 3992/4281/3871 3991/4279/3871
f 3988/4280/3872 3967/4252/3872 3968/4251/3872 3992/4281/3872
f 3989/4277/3873 3990/4276/3873 3994/4282/3873 3993/4283/3873
f 3990/4276/3874 3991/4279/3874 3995/4284/3874 3994/4282/3874
f 3991/4279/3875 3992/4281/3875 3996/4285/3875 3995/4284/3875
f 3992/4281/3876 3968/4251/3876 3969/4253/3876 3996/4285/3876
f 3993/4283/3877 3994/4282/3877 3998/4264/3877 3997/4263/3877
f 3994/4282/3878 3995/4284/3878 3999/4269/3878 3998/4264/3878
f 3995/4284/3879 3996/4285/3879 4000/4274/3879 3999/4269/3879
f 3996/4285/3880 3969/4253/3880 3970/4254/3880 4000/4274/3880
f 3970/4254/3881 3985/4255/3881 4000/4286/3881
f 4001/3650/3882 4005/4287/3882 4009/4288/3882 4008/4289/3882
f 4005/4287/3883 4006/4290/3883 4010/4291/3883 4009/4288/3883
f 4006/4290/3884 4007/4292/3884 4011/4293/3884 4010/4291/3884
f 4007/4292/3885 4031/4294/3885 4032/4295/3885 4011/4293/3885
f 4008/4289/3886 4009/4288/3886 4013/4296/3886 4012/4297/3886
f 4009/4288/3887 4010/4291/3887 4014/4298/3887 4013/4296/3887
f 4010/4291/3888 4011/4293/3888 4015/4299/3888 4014/4298/3888
f 4011/4293/3889 4032/4295/3889 4033/4300/3889 4015/4299/3889
f 4012/4297/3890 4013/4296/3890 4017/4301/3890 4016/4302/3890
f 4013/4296/3891 4014/4298/3891 4018/4303/3891 4017/4301/3891
f 4014/4298/3892 4015/4299/3892 4019/4304/3892 4018/4303/3892
f 4015/4299/3893 4033/4300/3893 4034/4305/3893 4019/4304/3893
f 4002/4306/3894 4020/4307/3894 4024/4308/3894 4023/4309/3894
f 4020/4307/3895 4021/4310/3895 4025/4311/3895 4024/4308/3895
f 4021/4310/3896 4022/4312/3896 4026/4313/3896 4025/4311/3896
f 4022/4312/3897 4046/4314/3897 4047/4315/3897 4026/4313/3897
f 4023/4309/3898 4024/4308/3898 4028/4316/3898 4027/4317/3898
f 4024/4308/3899 4025/4311/3899 4029/4318/3899 4028/4316/3899
f 4025/4311/3900 4026/4313/3900 4030/4319/3900 4029/4318/3900
f 4026/4313/3901 4047/4315/3901 4048/4320/3901 4030/4319/3901
f 4027/4317/3902 4028/4316/3902 4032/4295/3902 4031/4294/3902
f 4028/4316/3903 4029/4318/3903 4033/4300/3903 4032/4295/3903
f 4029/4318/3904 4030/4319/3904 4034/4305/3904 4033/4300/3904
f 4030/4319/3905 4048/4320/3905 4049/4321/3905 4034/4305/3905
f 4003/3656/3906 4035/4322/3906 4039/4323/3906 4038/4324/3906
f 4035/4322/3907 4036/4325/3907 4040/4326/3907 4039/4323/3907
f 4036/4325/3908 4037/4327/3908 4041/4328/3908 4040/4326/3908
f 4037/4327/3909 4061/4329/3909 4062/4330/3909 4041/4328/3909
f 4038/4324/3910 4039/4323/3910 4043/4331/3910 4042/4332/3910
f 4039/4323/3911 4040/4326/3911 4044/4333/3911 4043/4331/3911
f 4040/4326/3912 4041/4328/3912 4045/4334/3912 4044/4333/3912
f 4041/4328/3913 4062/4330/3913 4063/4335/3913 4045/4334/3913
f 4042/4332/3914 4043/4331/3914 4047/4336/3914 4046/4337/3914
f 4043/4331/3915 4044/4333/3915 4048/4338/3915 4047/4336/3915
f 4044/4333/3916 4045/4334/3916 4049/4339/3916 4048/4338/3916
f 4045/4334/3917 4063/4335/3917 4064/4340/3917 4049/4339/3917
f 4004/3672/3918 4050/4341/3918 4054/4342/3918 4053/4343/3918
f 4050/4341/3919 4051/4344/3919 4055/4345/3919 4054/4342/3919
f 4051/4344/3920 4052/4346/3920 4056/4347/3920 4055/4345/3920
f 4052/4346/3921 4016/4348/3921 4017/4349/3921 4056/4347/3921
f 4053/4343/3922 4054/4342/3922 4058/4350/3922 4057/4351/3922
f 4054/4342/3923 4055/4345/3923 4059/4352/3923 4058/4350/3923
f 4055/4345/3924 4056/4347/3924 4060/4353/3924 4059/4352/3924
f 4056/4347/3925 4017/4349/3925 4018/4354/3925 4060/4353/3925
f 4057/4351/3926 4058/4350/3926 4062/4330/3926 4061/4329/3926
f 4058/4350/3927 4059/4352/3927 4063/4335/3927 4062/4330/3927
f 4059/4352/3928 4060/4353/3928 4064/4340/3928 4063/4335/3928
f 4060/4353/3929 4018/4354/3929 4019/4355/3929 4064/4340/3929
f 4019/4304/3930 4034/4356/3930 4049/4357/3930 4064/4358/3930
f 4065/4359/3459 4069/4360/3459 4073/4361/3459 4072/4362/3459
f 4069/4360/3459 4070/4363/3459 4074/4364/3459 4073/4361/3459
f 4070/4363/3459 4071/4365/3459 4075/4366/3459 4074/4364/3459
f 4071/4365/3459 4095/4367/3459 4096/4368/3459 4075/4366/3459
f 4072/4362/3459 4073/4361/3459 4077/4369/3459 4076/4370/3459
f 4073/4361/3459 4074/4364/3459 4078/4371/3459 4077/4369/3459
f 4074/4364/3459 4075/4366/3459 4079/4372/3459 4078/4371/3459
f 4075/4366/3459 4096/4368/3459 4097/4373/3459 4079/4372/3459
f 4076/4370/3459 4077/4369/3459 4081/4374/3459 4080/4375/3459
f 4077/4369/3459 4078/4371/3459 4082/4376/3459 4081/4374/3459
f 4078/4371/3459 4079/4372/3459 4083/4377/3459 4082/4376/3459
f 4079/4372/3459 4097/4373/3459 4098/4378/3459 4083/4377/3459
f 4066/3653/3459 4084/4379/3459 4088/4380/3459 4087/4381/3459
f 4084/4379/3459 4085/4382/3459 4089/4383/3459 4088/4380/3459
f 4085/4382/3459 4086/4384/3459 4090/4385/3459 4089/4383/3459
f 4086/4384/3459 4110/4386/3459 4111/4387/3459 4090/4385/3459
f 4087/4381/3459 4088/4380/3459 4092/4388/3459 4091/4389/3459
f 4088/4380/3459 4089/4383/3459 4093/4390/3459 4092/4388/3459
f 4089/4383/3459 4090/4385/3459 4094/4391/3459 4093/4390/3459
f 4090/4385/3459 4111/4387/3459 4112/4392/3459 4094/4391/3459
f 4091/4389/3459 4092/4388/3459 4096/4368/3459 4095/4367/3459
f 4092/4388/3459 4093/4390/3459 4097/4373/3459 4096/4368/3459
f 4093/4390/3459 4094/4391/3459 4098/4378/3459 4097/4373/3459
f 4094/4391/3459 4112/4392/3459 4113/4393/3459 4098/4378/3459
f 4067/3693/3459 4099/4394/3459 4103/4395/3459 4102/4396/3459
f 4099/4394/3459 4100/4397/3459 4104/4398/3459 4103/4395/3459
f 4100/4397/3459 4101/4399/3459 4105/4400/3459 4104/4398/3459
f 4101/4399/3459 4125/4401/3459 4126/4402/3459 4105/4400/3459
f 4102/4396/3459 4103/4395/3459 4107/4403/3459 4106/4404/3459
f 4103/4395/3459 4104/4398/3459 4108/4405/3459 4107/4403/3459
f 4104/4398/3459 4105/4400/3459 4109/4406/3459 4108/4405/3459
f 4105/4400/3459 4126/4402/3459 4127/4407/3459 4109/4406/3459
f 4106/4404/3459 4107/4403/3459 4111/4387/3459 4110/4386/3459
f 4107/4403/3459 4108/4405/3459 4112/4392/3459 4111/4387/3459
f 4108/4405/3459 4109/4406/3459 4113/4393/3459 4112/4392/3459
f 4109/4406/3459 4127/4407/3459 4128/4408/3459 4113/4393/3459
f 4068/3659/3459 4114/4409/3459 4118/4410/3459 4117/4411/3459
f 4114/4409/3459 4115/4412/3459 4119/4413/3459 4118/4410/3459
f 4115/4412/3459 4116/4414/3459 4120/4415/3459 4119/4413/3459
f 4116/4414/3459 4080/4375/3459 4081/4374/3459 4120/4415/3459
f 4117/4411/3459 4118/4410/3459 4122/4416/3459 4121/4417/3459
f 4118/4410/3459 4119/4413/3459 4123/4418/3459 4122/4416/3459
f 4119/4413/3459 4120/4415/3459 4124/4419/3459 4123/4418/3459
f 4120/4415/3459 4081/4374/3459 4082/4376/3459 4124/4419/3459
f 4121/4417/3459 4122/4416/3459 4126/4402/3459 4125/4401/3459
f 4122/4416/3459 4123/4418/3459 4127/4407/3459 4126/4402/3459
f 4123/4418/3459 4124/4419/3459 4128/4408/3459 4127/4407/3459
f 4124/4419/3459 4082/4376/3459 4083/4377/3459 4128/4408/3459
f 4083/4377/3459 4098/4378/3459 4113/4393/3459 4128/4408/3459
f 4129/3690/3458 4133/4420/3458 4137/4421/3458 4136/4422/3458
f 4133/4420/3458 4134/4423/3458 4138/4424/3458 4137/4421/3458
f 4134/4423/3458 4135/4425/3458 4139/4426/3458 4138/4424/3458
f 4135/4425/3458 4159/4427/3458 4160/4428/3458 4139/4426/3458
f 4136/4422/3458 4137/4421/3458 4141/4429/3458 4140/4430/3458
f 4137/4421/3458 4138/4424/3458 4142/4431/3458 4141/4429/3458
f 4138/4424/3458 4139/4426/3458 4143/4432/3458 4142/4431/3458
f 4139/4426/3458 4160/4428/3458 4161/4433/3458 4143/4432/3458
f 4140/4430/3458 4141/4429/3458 4145/4434/3458 4144/4435/3458
f 4141/4429/3458 4142/4431/3458 4146/4436/3458 4145/4434/3458
f 4142/4431/3458 4143/4432/3458 4147/4437/3458 4146/4436/3458
f 4143/4432/3458 4161/4433/3458 4162/4438/3458 4147/4437/3458
f 4130/3646/3458 4148/4439/3458 4152/4440/3458 4151/4441/3458
f 4148/4439/3458 4149/4442/3458 4153/4443/3458 4152/4440/3458
f 4149/4442/3458 4150/4444/3458 4154/4445/3458 4153/4443/3458
f 4150/4444/3458 4174/4446/3458 4175/4447/3458 4154/4445/3458
f 4151/4441/3458 4152/4440/3458 4156/4448/3458 4155/4449/3458
f 4152/4440/3458 4153/4443/3458 4157/4450/3458 4156/4448/3458
f 4153/4443/3458 4154/4445/3458 4158/4451/3458 4157/4450/3458
f 4154/4445/3458 4175/4447/3458 4176/4452/3458 4158/4451/3458
f 4155/4449/3458 4156/4448/3458 4160/4428/3458 4159/4427/3458
f 4156/4448/3458 4157/4450/3458 4161/4433/3458 4160/4428/3458
f 4157/4450/3458 4158/4451/3458 4162/4438/3458 4161/4433/3458
f 4158/4451/3458 4176/4452/3458 4177/4453/3458 4162/4438/3458
f 4131/3662/3458 4163/4454/3458 4167/4455/3458 4166/4456/3458
f 4163/4454/3458 4164/4457/3458 4168/4458/3458 4167/4455/3458
f 4164/4457/3458 4165/4459/3458 4169/4460/3458 4168/4458/3458
f 4165/4459/3458 4189/4461/3458 4190/4462/3458 4169/4460/3458
f 4166/4456/3458 4167/4455/3458 4171/4463/3458 4170/4464/3458
f 4167/4455/3458 4168/4458/3458 4172/4465/3458 4171/4463/3458
f 4168/4458/3458 4169/4460/3458 4173/4466/3458 4172/4465/3458
f 4169/4460/3458 4190/4462/3458 4191/4467/3458 4173/4466/3458
f 4170/4464/3458 4171/4463/3458 4175/4447/3458 4174/4446/3458
f 4171/4463/3458 4172/4465/3458 4176/4452/3458 4175/4447/3458
f 4172/4465/3458 4173/4466/3458 4177/4453/3458 4176/4452/3458
f 4173/4466/3458 4191/4467/3458 4192/4468/3458 4177/4453/3458
f 4132/3673/3458 4178/4469/3458 4182/4470/3458 4181/4471/3458
f 4178/4469/3458 4179/4472/3458 4183/4473/3458 4182/4470/3458
f 4179/4472/3458 4180/4474/3458 4184/4475/3458 4183/4473/3458
f 4180/4474/3458 4144/4435/3458 4145/4434/3458 4184/4475/3458
f 4181/4471/3458 4182/4470/3458 4186/4476/3458 4185/4477/3458
f 4182/4470/3458 4183/4473/3458 4187/4478/3458 4186/4476/3458
f 4183/4473/3458 4184/4475/3458 4188/4479/3458 4187/4478/3458
f 4184/4475/3458 4145/4434/3458 4146/4436/3458 4188/4479/3458
f 4185/4477/3458 4186/4476/3458 4190/4462/3458 4189/4461/3458
f 4186/4476/3458 4187/4478/3458 4191/4467/3458 4190/4462/3458
f 4187/4478/3458 4188/4479/3458 4192/4468/3458 4191/4467/3458
f 4188/4479/3458 4146/4436/3458 4147/4437/3458 4192/4468/3458
f 4147/4437/3458 4162/4438/3458 4177/4453/3458 4192/4468/3458
f 4193/3691/3931 4197/4480/3931 4201/4481/3931 4200/4482/3931
f 4197/4480/3932 4198/4483/3932 4202/4484/3932 4201/4481/3932
f 4198/4483/3933 4199/4485/3933 4203/4486/3933 4202/4484/3933
f 4199/4485/3934 4223/4487/3934 4224/4488/3934 4203/4486/3934
f 4200/4482/3935 4201/4481/3935 4205/4489/3935 4204/4490/3935
f 4201/4481/3936 4202/4484/3936 4206/4491/3936 4205/4489/3936
f 4202/4484/3937 4203/4486/3937 4207/4492/3937 4206/4491/3937
f 4203/4486/3938 4224/4488/3938 4225/4493/3938 4207/4492/3938
f 4204/4490/3939 4205/4489/3939 4209/4494/3939 4208/4495/3939
f 4205/4489/3940 4206/4491/3940 4210/4496/3940 4209/4494/3940
f 4206/4491/3941 4207/4492/3941 4211/4497/3941 4210/4496/3941
f 4207/4492/3942 4225/4493/3942 4226/4498/3942 4211/4497/3942
f 4194/3676/3943 4212/4499/3943 4216/4500/3943 4215/4501/3943
f 4212/4499/3944 4213/4502/3944 4217/4503/3944 4216/4500/3944
f 4213/4502/3945 4214/4504/3945 4218/4505/3945 4217/4503/3945
f 4214/4504/3946 4238/4506/3946 4239/4507/3946 4218/4505/3946
f 4215/4501/3947 4216/4500/3947 4220/4508/3947 4219/4509/3947
f 4216/4500/3948 4217/4503/3948 4221/4510/3948 4220/4508/3948
f 4217/4503/3949 4218/4505/3949 4222/4511/3949 4221/4510/3949
f 4218/4505/3950 4239/4507/3950 4240/4512/3950 4222/4511/3950
f 4219/4509/3951 4220/4508/3951 4224/4488/3951 4223/4487/3951
f 4220/4508/3952 4221/4510/3952 4225/4493/3952 4224/4488/3952
f 4221/4510/3953 4222/4511/3953 4226/4498/3953 4225/4493/3953
f 4222/4511/3954 4240/4512/3954 4241/4513/3954 4226/4498/3954
f 4195/3669/3955 4227/4514/3955 4231/4515/3955 4230/4516/3955
f 4227/4514/3956 4228/4517/3956 4232/4518/3956 4231/4515/3956
f 4228/4517/3957 4229/4519/3957 4233/4520/3957 4232/4518/3957
f 4229/4519/3958 4253/4521/3958 4254/4522/3958 4233/4520/3958
f 4230/4516/3959 4231/4515/3959 4235/4523/3959 4234/4524/3959
f 4231/4515/3960 4232/4518/3960 4236/4525/3960 4235/4523/3960
f 4232/4518/3961 4233/4520/3961 4237/4526/3961 4236/4525/3961
f 4233/4520/3962 4254/4522/3962 4255/4527/3962 4237/4526/3962
f 4234/4524/3963 4235/4523/3963 4239/4507/3963 4238/4506/3963
f 4235/4523/3964 4236/4525/3964 4240/4512/3964 4239/4507/3964
f 4236/4525/3965 4237/4526/3965 4241/4513/3965 4240/4512/3965
f 4237/4526/3966 4255/4527/3966 4256/4528/3966 4241/4513/3966
f 4196/3655/3967 4242/4529/3967 4246/4530/3967 4245/4531/3967
f 4242/4529/3968 4243/4532/3968 4247/4533/3968 4246/4530/3968
f 4243/4532/3969 4244/4534/3969 4248/4535/3969 4247/4533/3969
f 4244/4534/3970 4208/4495/3970 4209/4494/3970 4248/4535/3970
f 4245/4531/3971 4246/4530/3971 4250/4536/3971 4249/4537/3971
f 4246/4530/3972 4247/4533/3972 4251/4538/3972 4250/4536/3972
f 4247/4533/3973 4248/4535/3973 4252/4539/3973 4251/4538/3973
f 4248/4535/3974 4209/4494/3974 4210/4496/3974 4252/4539/3974
f 4249/4537/3975 4250/4536/3975 4254/4522/3975 4253/4521/3975
f 4250/4536/3976 4251/4538/3976 4255/4527/3976 4254/4522/3976
f 4251/4538/3977 4252/4539/3977 4256/4528/3977 4255/4527/3977
f 4252/4539/3978 4210/4496/3978 4211/4497/3978 4256/4528/3978
f 4211/4497/3979 4226/4498/3979 4241/4513/3979 4256/4528/3979
f 4257/3660/3980 4261/4540/3980 4265/4541/3980 4264/4542/3980
f 4261/4540/3981 4262/4543/3981 4266/4544/3981 4265/4541/3981
f 4262/4543/3982 4263/4545/3982 4267/4546/3982 4266/4544/3982
f 4263/4545/3983 4287/4547/3983 4288/4548/3983 4267/4546/3983
f 4264/4542/3984 4265/4541/3984 4269/4549/3984 4268/4550/3984
f 4265/4541/3985 4266/4544/3985 4270/4551/3985 4269/4549/3985
f 4266/4544/3986 4267/4546/3986 4271/4552/3986 4270/4551/3986
f 4267/4546/3987 4288/4548/3987 4289/4553/3987 4271/4552/3987
f 4268/4550/3988 4269/4549/3988 4273/4554/3988 4272/4555/3988
f 4269/4549/3989 4270/4551/3989 4274/4556/3989 4273/4554/3989
f 4270/4551/3990 4271/4552/3990 4275/4557/3990 4274/4556/3990
f 4271/4552/3991 4289/4553/3991 4290/4558/3991 4275/4557/3991
f 4258/3695/3992 4276/4559/3992 4280/4560/3992 4279/4561/3992
f 4276/4559/3993 4277/4562/3993 4281/4563/3993 4280/4560/3993
f 4277/4562/3994 4278/4564/3994 4282/4565/3994 4281/4563/3994
f 4278/4564/3995 4302/4566/3995 4303/4567/3995 4282/4565/3995
f 4279/4561/3996 4280/4560/3996 4284/4568/3996 4283/4569/3996
f 4280/4560/3997 4281/4563/3997 4285/4570/3997 4284/4568/3997
f 4281/4563/3998 4282/4565/3998 4286/4571/3998 4285/4570/3998
f 4282/4565/3999 4303/4567/3999 4304/4572/3999 4286/4571/3999
f 4283/4569/4000 4284/4568/4000 4288/4548/4000 4287/4547/4000
f 4284/4568/4001 4285/4570/4001 4289/4553/4001 4288/4548/4001
f 4285/4570/4002 4286/4571/4002 4290/4558/4002 4289/4553/4002
f 4286/4571/4003 4304/4572/4003 4305/4573/4003 4290/4558/4003
f 4259/3667/4004 4291/4574/4004 4295/4575/4004 4294/4576/4004
f 4291/4574/4005 4292/4577/4005 4296/4578/4005 4295/4575/4005
f 4292/4577/4006 4293/4579/4006 4297/4580/4006 4296/4578/4006
f 4293/4579/4007 4317/4581/4007 4318/4582/4007 4297/4580/4007
f 4294/4576/4008 4295/4575/4008 4299/4583/4008 4298/4584/4008
f 4295/4575/4009 4296/4578/4009 4300/4585/4009 4299/4583/4009
f 4296/4578/4010 4297/4580/4010 4301/4586/4010 4300/4585/4010
f 4297/4580/4011 4318/4582/4011 4319/4587/4011 4301/4586/4011
f 4298/4584/4012 4299/4583/4012 4303/4567/4012 4302/4566/4012
f 4299/4583/4013 4300/4585/4013 4304/4572/4013 4303/4567/4013
f 4300/4585/4014 4301/4586/4014 4305/4573/4014 4304/4572/4014
f 4301/4586/4015 4319/4587/4015 4320/4588/4015 4305/4573/4015
f 4260/3686/4016 4306/4589/4016 4310/4590/4016 4309/4591/4016
f 4306/4589/4017 4307/4592/4017 4311/4593/4017 4310/4590/4017
f 4307/4592/4018 4308/4594/4018 4312/4595/4018 4311/4593/4018
f 4308/4594/4019 4272/4555/4019 4273/4554/4019 4312/4595/4019
f 4309/4591/4020 4310/4590/4020 4314/4596/4020 4313/4597/4020
f 4310/4590/4021 4311/4593/4021 4315/4598/4021 4314/4596/4021
f 4311/4593/4022 4312/4595/4022 4316/4599/4022 4315/4598/4022
f 4312/4595/4023 4273/4554/4023 4274/4556/4023 4316/4599/4023
f 4313/4597/4024 4314/4596/4024 4318/4582/4024 4317/4581/4024
f 4314/4596/4025 4315/4598/4025 4319/4587/4025 4318/4582/4025
f 4315/4598/4026 4316/4599/4026 4320/4588/4026 4319/4587/4026
f 4316/4599/4027 4274/4556/4027 4275/4557/4027 4320/4588/4027
f 4275/4557/4028 4290/4558/4028 4305/4573/4028 4320/4588/4028
f 4321/3687/4029 4325/4600/4029 4329/4601/4029 4328/4602/4029
f 4325/4600/4030 4326/4603/4030 4330/4604/4030 4329/4601/4030
f 4326/4603/4031 4327/4605/4031 4331/4606/4031 4330/4604/4031
f 4327/4605/4032 4351/4607/4032 4352/4608/4032 4331/4606/4032
f 4328/4602/4033 4329/4601/4033 4333/4609/4033 4332/4610/4033
f 4329/4601/4034 4330/4604/4034 4334/4611/4034 4333/4609/4034
f 4330/4604/4035 4331/4606/4035 4335/4612/4035 4334/4611/4035
f 4331/4606/4036 4352/4608/4036 4353/4613/4036 4335/4612/4036
f 4332/4610/4037 4333/4609/4037 4337/4614/4037 4336/4615/4037
f 4333/4609/4038 4334/4611/4038 4338/4616/4038 4337/4614/4038
f 4334/4611/4039 4335/4612/4039 4339/4617/4039 4338/4616/4039
f 4335/4612/4040 4353/4613/4040 4354/4618/4040 4339/4617/4040
f 4322/3666/4041 4340/4619/4041 4344/4620/4041 4343/4621/4041
f 4340/4619/4042 4341/4622/4042 4345/4623/4042 4344/4620/4042
f 4341/4622/4043 4342/4624/4043 4346/4625/4043 4345/4623/4043
f 4342/4624/4044 4366/4626/4044 4367/4627/4044 4346/4625/4044
f 4343/4621/4045 4344/4620/4045 4348/4628/4045 4347/4629/4045
f 4344/4620/4046 4345/4623/4046 4349/4630/4046 4348/4628/4046
f 4345/4623/4047 4346/4625/4047 4350/4631/4047 4349/4630/4047
f 4346/4625/4048 4367/4627/4048 4368/4632/4048 4350/4631/4048
f 4347/4629/4049 4348/4628/4049 4352/4608/4049 4351/4607/4049
f 4348/4628/4050 4349/4630/4050 4353/4613/4050 4352/4608/4050
f 4349/4630/4051 4350/4631/4051 4354/4618/4051 4353/4613/4051
f 4350/4631/4052 4368/4632/4052 4369/4633/4052 4354/4618/4052
f 4323/3663/4053 4355/4634/4053 4359/4635/4053 4358/4636/4053
f 4355/4634/4054 4356/4637/4054 4360/4638/4054 4359/4635/4054
f 4356/4637/4055 4357/4639/4055 4361/4640/4055 4360/4638/4055
f 4357/4639/4056 4381/4641/4056 4382/4642/4056 4361/4640/4056
f 4358/4636/4057 4359/4635/4057 4363/4643/4057 4362/4644/4057
f 4359/4635/4058 4360/4638/4058 4364/4645/4058 4363/4643/4058
f 4360/4638/4059 4361/4640/4059 4365/4646/4059 4364/4645/4059
f 4361/4640/4060 4382/4642/4060 4383/4647/4060 4365/4646/4060
f 4362/4644/4061 4363/4643/4061 4367/4627/4061 4366/4626/4061
f 4363/4643/4062 4364/4645/4062 4368/4632/4062 4367/4627/4062
f 4364/4645/4063 4365/4646/4063 4369/4633/4063 4368/4632/4063
f 4365/4646/4064 4383/4647/4064 4384/4648/4064 4369/4633/4064
f 4324/3649/4065 4370/4649/4065 4374/4650/4065 4373/4651/4065
f 4370/4649/4066 4371/4652/4066 4375/4653/4066 4374/4650/4066
f 4371/4652/4067 4372/4654/4067 4376/4655/4067 4375/4653/4067
f 4372/4654/4068 4336/4615/4068 4337/4614/4068 4376/4655/4068
f 4373/4651/4069 4374/4650/4069 4378/4656/4069 4377/4657/4069
f 4374/4650/4070 4375/4653/4070 4379/4658/4070 4378/4656/4070
f 4375/4653/4071 4376/4655/4071 4380/4659/4071 4379/4658/4071
f 4376/4655/4072 4337/4614/4072 4338/4616/4072 4380/4659/4072
f 4377/4657/4073 4378/4656/4073 4382/4642/4073 4381/4641/4073
f 4378/4656/4074 4379/4658/4074 4383/4647/4074 4382/4642/4074
f 4379/4658/4075 4380/4659/4075 4384/4648/4075 4383/4647/4075
f 4380/4659/4076 4338/4616/4076 4339/4617/4076 4384/4648/4076
f 4339/4617/4077 4354/4618/4077 4369/4633/4077 4384/4648/4077
f 3553/3681/4078 3458/3684/4078 3478/3718/4078 3557/3813/4078
f 3557/3813/4079 3478/3718/4079 3482/3726/4079 3558/3816/4079
f 3558/3816/4080 3482/3726/4080 3486/3731/4080 3559/3818/4080
f 3559/3818/4081 3486/3731/4081 3462/4660/4081 3583/3820/4081
f 3583/3848/4082 3462/3702/4082 3461/3700/4082 3579/3843/4082
f 3579/3843/4083 3461/3700/4083 3460/3697/4083 3575/3835/4083
f 3575/3835/4084 3460/3697/4084 3457/3696/4084 3554/3832/4084
f 4004/3672/4085 3505/3671/4085 3511/3757/4085 4050/4341/4085
f 4050/4341/4086 3511/3757/4086 3515/3765/4086 4051/4344/4086
f 4051/4344/4087 3515/3765/4087 3519/3770/4087 4052/4346/4087
f 4052/4346/4088 3519/3770/4088 3540/4661/4088 4016/4348/4088
f 4016/4302/4089 3540/3798/4089 3539/3796/4089 4012/4297/4089
f 4012/4297/4090 3539/3796/4090 3538/3793/4090 4008/4289/4090
f 4008/4289/4091 3538/3793/4091 3507/3651/4091 4001/3650/4091
f 3506/3644/4092 3618/3643/4092 3639/3905/4092 3523/3774/4092
f 3523/3774/4093 3639/3905/4093 3643/3913/4093 3524/3777/4093
f 3524/3777/4094 3643/3913/4094 3647/3918/4094 3525/3779/4094
f 3525/3779/4095 3647/3918/4095 3623/4662/4095 3549/3781/4095
f 3549/3808/4096 3623/3889/4096 3622/3887/4096 3545/3803/4096
f 3545/3803/4097 3622/3887/4097 3621/3884/4097 3541/3795/4097
f 3541/3795/4098 3621/3884/4098 3617/3652/4098 3507/3651/4098
f 4068/3659/3459 3555/3658/3459 3590/3854/3459 4114/4409/3459
f 4114/4409/3459 3590/3854/3459 3594/3862/3459 4115/4412/3459
f 4115/4412/3459 3594/3862/3459 3598/3840/3459 4116/4414/3459
f 4116/4414/3459 3598/3840/3459 3574/3838/3459 4080/4375/3459
f 4080/4375/3459 3574/3838/3459 3573/3836/3459 4076/4370/3459
f 4076/4370/3459 3573/3836/3459 3572/3833/3459 4072/4362/3459
f 4072/4362/3459 3572/3833/3459 3554/3832/3459 4065/4359/3459
f 3780/3682/3462 3553/3681/3462 3560/3815/3462 3826/4105/3462
f 3826/4105/3462 3560/3815/3462 3564/3823/3462 3827/4108/3462
f 3827/4108/3462 3564/3823/3462 3568/3828/3462 3828/4110/3462
f 3828/4110/3462 3568/3828/3462 3604/3872/3462 3792/4071/3462
f 3792/4071/3462 3604/3872/3462 3603/3870/3462 3788/4066/3462
f 3788/4066/3462 3603/3870/3462 3602/3867/3462 3784/4058/3462
f 3784/4058/3462 3602/3867/3462 3556/3678/3462 3777/3677/3462
f 3618/3643/4099 3842/3642/4099 3863/4137/4099 3636/3903/4099
f 3636/3903/4100 3863/4137/4100 3867/4145/4100 3637/3906/4100
f 3637/3906/4101 3867/4145/4101 3871/4150/4101 3638/3908/4101
f 3638/3908/4102 3871/4150/4102 3847/4663/4102 3662/3910/4102
f 3662/3937/4103 3847/4121/4103 3846/4119/4103 3658/3932/4103
f 3658/3932/4104 3846/4119/4104 3845/4116/4104 3654/3924/4104
f 3654/3924/4105 3845/4116/4105 3841/3665/4105 3619/3668/4105
f 4129/3690/3458 3779/3689/3458 3814/4092/3458 4133/4420/3458
f 4133/4420/3458 3814/4092/3458 3818/4100/3458 4134/4423/3458
f 4134/4423/3458 3818/4100/3458 3822/4082/3458 4135/4425/3458
f 4135/4425/3458 3822/4082/3458 3798/4080/3458 4159/4427/3458
f 4159/4427/3458 3798/4080/3458 3797/4078/3458 4155/4449/3458
f 4155/4449/3458 3797/4078/3458 3796/4075/3458 4151/4441/3458
f 4151/4441/3458 3796/4075/3458 3778/3647/3458 4130/3646/3458
f 3681/3683/4106 3780/3682/4106 3829/4107/4106 3684/3954/4106
f 3684/3954/4107 3829/4107/4107 3833/4113/4107 3685/3957/4107
f 3685/3957/4108 3833/4113/4108 3837/4097/4108 3686/3959/4108
f 3686/3959/4109 3837/4097/4109 3813/4095/4109 3710/3961/4109
f 3710/3961/4110 3813/4095/4110 3812/4093/4110 3706/3983/4110
f 3706/3983/4111 3812/4093/4111 3811/4090/4111 3702/3975/4111
f 3702/3975/4112 3811/4090/4112 3779/3689/4112 3682/3692/4112
f 3842/3642/4113 3730/3645/4113 3750/4026/4113 3860/4135/4113
f 3860/4135/4114 3750/4026/4114 3754/4034/4114 3861/4138/4114
f 3861/4138/4115 3754/4034/4115 3758/4012/4115 3862/4140/4115
f 3862/4140/4116 3758/4012/4116 3734/4010/4116 3886/4142/4116
f 3886/4142/4117 3734/4010/4117 3733/4008/4117 3882/4164/4117
f 3882/4164/4118 3733/4008/4118 3732/4005/4118 3878/4156/4118
f 3878/4156/4119 3732/4005/4119 3729/3675/4119 3843/3674/4119
f 4196/3655/4120 3683/3654/4120 3717/3990/4120 4242/4529/4120
f 4242/4529/4121 3717/3990/4121 3721/3998/4121 4243/4532/4121
f 4243/4532/4122 3721/3998/4122 3725/3980/4122 4244/4534/4122
f 4244/4534/4123 3725/3980/4123 3701/3978/4123 4208/4495/4123
f 4208/4495/4124 3701/3978/4124 3700/3976/4124 4204/4490/4124
f 4204/4490/4125 3700/3976/4125 3699/3973/4125 4200/4482/4125
f 4200/4482/4126 3699/3973/4126 3682/3692/4126 4193/3691/4126
f 3458/3684/4127 3681/3683/4127 3687/3956/4127 3475/3716/4127
f 3475/3716/4128 3687/3956/4128 3691/3964/4128 3476/3719/4128
f 3476/3719/4129 3691/3964/4129 3695/3969/4129 3477/3721/4129
f 3477/3721/4130 3695/3969/4130 3716/4664/4130 3501/3723/4130
f 3501/3750/4131 3716/3993/4131 3715/3991/4131 3497/3745/4131
f 3497/3745/4132 3715/3991/4132 3714/3988/4132 3493/3737/4132
f 3493/3737/4133 3714/3988/4133 3683/3654/4133 3459/3657/4133
f 3730/3645/4134 3506/3644/4134 3526/3776/4134 3747/4024/4134
f 3747/4024/4135 3526/3776/4135 3530/3784/4135 3748/4027/4135
f 3748/4027/4136 3530/3784/4136 3534/3789/4136 3749/4029/4136
f 3749/4029/4137 3534/3789/4137 3510/4665/4137 3773/4031/4137
f 3773/4051/4138 3510/3760/4138 3509/3758/4138 3769/4047/4138
f 3769/4047/4139 3509/3758/4139 3508/3755/4139 3765/4041/4139
f 3765/4041/4140 3508/3755/4140 3505/3671/4140 3731/3670/4140
f 4260/3686/4141 3906/3685/4141 3926/4203/4141 4306/4589/4141
f 4306/4589/4142 3926/4203/4142 3930/4211/4142 4307/4592/4142
f 4307/4592/4143 3930/4211/4143 3934/4189/4143 4308/4594/4143
f 4308/4594/4144 3934/4189/4144 3910/4187/4144 4272/4555/4144
f 4272/4555/4145 3910/4187/4145 3909/4185/4145 4268/4550/4145
f 4268/4550/4146 3909/4185/4146 3908/4182/4146 4264/4542/4146
f 4264/4542/4147 3908/4182/4147 3905/3661/4147 4257/3660/4147
f 3953/3680/4148 3907/3679/4148 3941/4218/4148 3956/4237/4148
f 3956/4237/4149 3941/4218/4149 3945/4226/4149 3957/4240/4149
f 3957/4240/4150 3945/4226/4150 3949/4231/4150 3958/4242/4150
f 3958/4242/4151 3949/4231/4151 3925/4666/4151 3982/4244/4151
f 3982/4271/4152 3925/4206/4152 3924/4204/4152 3978/4266/4152
f 3978/4266/4153 3924/4204/4153 3923/4201/4153 3974/4258/4153
f 3974/4258/4154 3923/4201/4154 3906/3685/4154 3954/3688/4154
f 4324/3649/4155 3955/3648/4155 3989/4277/4155 4370/4649/4155
f 4370/4649/4156 3989/4277/4156 3993/4283/4156 4371/4652/4156
f 4371/4652/4157 3993/4283/4157 3997/4263/4157 4372/4654/4157
f 4372/4654/4158 3997/4263/4158 3973/4261/4158 4336/4615/4158
f 4336/4615/4159 3973/4261/4159 3972/4259/4159 4332/4610/4159
f 4332/4610/4160 3972/4259/4160 3971/4256/4160 4328/4602/4160
f 4328/4602/4161 3971/4256/4161 3954/3688/4161 4321/3687/4161
f 3907/3679/4162 3556/3678/4162 3605/3869/4162 3938/4216/4162
f 3938/4216/4163 3605/3869/4163 3609/3875/4163 3939/4219/4163
f 3939/4219/4164 3609/3875/4164 3613/3879/4164 3940/4221/4164
f 3940/4221/4165 3613/3879/4165 3589/4667/4165 3919/4223/4165
f 3919/4197/4166 3589/3857/4166 3588/3855/4166 3915/4192/4166
f 3915/4192/4167 3588/3855/4167 3587/3852/4167 3911/4184/4167
f 3911/4184/4168 3587/3852/4168 3555/3658/4168 3905/3661/4168
f 3777/3677/4169 3953/3680/4169 3959/4239/4169 3781/4056/4169
f 3781/4056/4170 3959/4239/4170 3963/4247/4170 3782/4059/4170
f 3782/4059/4171 3963/4247/4171 3967/4252/4171 3783/4061/4171
f 3783/4061/4172 3967/4252/4172 3988/4280/4172 3807/4063/4172
f 3807/4063/4173 3988/4280/4173 3987/4278/4173 3803/4085/4173
f 3803/4085/4174 3987/4278/4174 3986/4275/4174 3799/4077/4174
f 3799/4077/4175 3986/4275/4175 3955/3648/4175 3778/3647/4175
f 3459/3657/4176 4003/3656/4176 4038/4324/4176 3490/3735/4176
f 3490/3735/4177 4038/4324/4177 4042/4332/4177 3491/3738/4177
f 3491/3738/4178 4042/4332/4178 4046/4337/4178 3492/3740/4178
f 3492/3740/4179 4046/4337/4179 4022/4668/4179 3471/3742/4179
f 3471/3712/4180 4022/4312/4180 4021/4310/4180 3467/3707/4180
f 3467/3707/4181 4021/4310/4181 4020/4307/4181 3463/3699/4181
f 3463/3699/4182 4020/4307/4182 4002/4306/4182 3457/3696/4182
f 3620/3694/3459 4067/3693/3459 4102/4396/3459 3666/3941/3459
f 3666/3941/3459 4102/4396/3459 4106/4404/3459 3667/3944/3459
f 3667/3944/3459 4106/4404/3459 4110/4386/3459 3668/3946/3459
f 3668/3946/3459 4110/4386/3459 4086/4384/3459 3632/3899/3459
f 3632/3899/3459 4086/4384/3459 4085/4382/3459 3628/3894/3459
f 3628/3894/3459 4085/4382/3459 4084/4379/3459 3624/3886/3459
f 3624/3886/3459 4084/4379/3459 4066/3653/3459 3617/3652/3459
f 3843/3674/3458 4132/3673/3458 4181/4471/3458 3875/4154/3458
f 3875/4154/3458 4181/4471/3458 4185/4477/3458 3876/4157/3458
f 3876/4157/3458 4185/4477/3458 4189/4461/3458 3877/4159/3458
f 3877/4159/3458 4189/4461/3458 4165/4459/3458 3901/4161/3458
f 3901/4161/3458 4165/4459/3458 4164/4457/3458 3897/4177/3458
f 3897/4177/3458 4164/4457/3458 4163/4454/3458 3893/4171/3458
f 3893/4171/3458 4163/4454/3458 4131/3662/3458 3844/3664/3458
f 3731/3670/4183 4195/3669/4183 4230/4516/4183 3762/4039/4183
f 3762/4039/4184 4230/4516/4184 4234/4524/4184 3763/4042/4184
f 3763/4042/4185 4234/4524/4185 4238/4506/4185 3764/4044/4185
f 3764/4044/4186 4238/4506/4186 4214/4504/4186 3743/4020/4186
f 3743/4020/4187 4214/4504/4187 4213/4502/4187 3739/4015/4187
f 3739/4015/4188 4213/4502/4188 4212/4499/4188 3735/4007/4188
f 3735/4007/4189 4212/4499/4189 4194/3676/4189 3729/3675/4189
f 4130/3646/3458 4324/3649/3458 4373/4651/3458 4148/4439/3458
f 4148/4439/3458 4373/4651/3458 4377/4657/3458 4149/4442/3458
f 4149/4442/3458 4377/4657/3458 4381/4641/3458 4150/4444/3458
f 4150/4444/3458 4381/4641/3458 4357/4639/3458 4174/4446/3458
f 4174/4446/3458 4357/4639/3458 4356/4637/3458 4170/4464/3458
f 4170/4464/3458 4356/4637/3458 4355/4634/3458 4166/4456/3458
f 4166/4456/3458 4355/4634/3458 4323/3663/3458 4131/3662/3458
f 4259/3667/4190 4322/3666/4190 4343/4621/4190 4291/4574/4190
f 4291/4574/4191 4343/4621/4191 4347/4629/4191 4292/4577/4191
f 4292/4577/4192 4347/4629/4192 4351/4607/4192 4293/4579/4192
f 4293/4579/4193 4351/4607/4193 4327/4605/4193 4317/4581/4193
f 4317/4581/4194 4327/4605/4194 4326/4603/4194 4313/4597/4194
f 4313/4597/4195 4326/4603/4195 4325/4600/4195 4309/4591/4195
f 4309/4591/4196 4325/4600/4196 4321/3687/4196 4260/3686/4196
f 4195/3669/3460 4004/3672/3460 4053/4343/3460 4227/4514/3460
f 4227/4514/3460 4053/4343/3460 4057/4351/3460 4228/4517/3460
f 4228/4517/3460 4057/4351/3460 4061/4329/3460 4229/4519/3460
f 4229/4519/3460 4061/4329/3460 4037/4327/3460 4253/4521/3460
f 4253/4521/3460 4037/4327/3460 4036/4325/3460 4249/4537/3460
f 4249/4537/3460 4036/4325/3460 4035/4322/3460 4245/4531/3460
f 4245/4531/3460 4035/4322/3460 4003/3656/3460 4196/3655/3460
f 4132/3673/3458 4194/3676/3458 4215/4501/3458 4178/4469/3458
f 4178/4469/3458 4215/4501/3458 4219/4509/3458 4179/4472/3458
f 4179/4472/3458 4219/4509/3458 4223/4487/3458 4180/4474/3458
f 4180/4474/3458 4223/4487/3458 4199/4485/3458 4144/4435/3458
f 4144/4435/3458 4199/4485/3458 4198/4483/3458 4140/4430/3458
f 4140/4430/3458 4198/4483/3458 4197/4480/3458 4136/4422/3458
f 4136/4422/3458 4197/4480/3458 4193/3691/3458 4129/3690/3458
f 4067/3693/3459 4258/3695/3459 4279/4561/3459 4099/4394/3459
f 4099/4394/3459 4279/4561/3459 4283/4569/3459 4100/4397/3459
f 4100/4397/3459 4283/4569/3459 4287/4547/3459 4101/4399/3459
f 4101/4399/3459 4287/4547/3459 4263/4545/3459 4125/4401/3459
f 4125/4401/3459 4263/4545/3459 4262/4543/3459 4121/4417/3459
f 4121/4417/3459 4262/4543/3459 4261/4540/3459 4117/4411/3459
f 4117/4411/3459 4261/4540/3459 4257/3660/3459 4068/3659/3459
f 4001/3650/3459 4066/3653/3459 4087/4381/3459 4005/4287/3459
f 4005/4287/3459 4087/4381/3459 4091/4389/3459 4006/4290/3459
f 4006/4290/3459 4091/4389/3459 4095/4367/3459 4007/4292/3459
f 4007/4292/3459 4095/4367/3459 4071/4365/3459 4031/4294/3459
f 4031/4294/3459 4071/4365/3459 4070/4363/3459 4027/4317/3459
f 4027/4317/3459 4070/4363/3459 4069/4360/3459 4023/4309/3459
f 4023/4309/3459 4069/4360/3459 4065/4359/3459 4002/4306/3459
f 3844/3664/4197 4323/3663/4197 4358/4636/4197 3890/4169/4197
f 3890/4169/4198 4358/4636/4198 4362/4644/4198 3891/4172/4198
f 3891/4172/4199 4362/4644/4199 4366/4626/4199 3892/4174/4199
f 3892/4174/4200 4366/4626/4200 4342/4624/4200 3856/4131/4200
f 3856/4131/4201 4342/4624/4201 4341/4622/4201 3852/4126/4201
f 3852/4126/4202 4341/4622/4202 4340/4619/4202 3848/4118/4202
f 3848/4118/4203 4340/4619/4203 4322/3666/4203 3841/3665/4203
f 3619/3668/4204 4259/3667/4204 4294/4576/4204 3651/3922/4204
f 3651/3922/4205 4294/4576/4205 4298/4584/4205 3652/3925/4205
f 3652/3925/4206 4298/4584/4206 4302/4566/4206 3653/3927/4206
f 3653/3927/4207 4302/4566/4207 4278/4564/4207 3677/3929/4207
f 3677/3929/4208 4278/4564/4208 4277/4562/4208 3673/3949/4208
f 3673/3949/4209 4277/4562/4209 4276/4559/4209 3669/3943/4209
f 3669/3943/4210 4276/4559/4210 4258/3695/4210 3620/3694/4210
f 3457/3696/3459 4002/4306/3459 4065/4359/3459 3554/3832/3459
